Lg,LDD_Dose,LDD_Energy,SD_Dose,SD_Energy,Vd,Vth,Id,SS,gm
0.18,1.00E+11,10,1.00E+14,10,0.05,0.802,4.545e-05,85.511,3.699e-05
0.18,1.00E+11,10,1.00E+14,10,1,1,2.956e-04,83.989,1.973e-04
0.18,1.00E+11,10,1.00E+14,15,0.05,0.779,4.623e-05,85.322,3.782e-05
0.18,1.00E+11,10,1.00E+14,15,1,0.965,3.077e-04,84.195,2.007e-04
0.18,1.00E+11,10,1.00E+14,20,0.05,0.758,4.656e-05,85.486,3.825e-05
0.18,1.00E+11,10,1.00E+14,20,1,0.934,3.176e-04,84.818,2.031e-04
0.18,1.00E+11,10,1.00E+14,30,0.05,0.727,4.596e-05,85.47,3.822e-05
0.18,1.00E+11,10,1.00E+14,30,1,0.883,3.272e-04,86.752,2.027e-04
0.18,1.00E+11,10,1.00E+14,40,0.05,0.697,4.573e-05,86.383,3.904e-05
0.18,1.00E+11,10,1.00E+14,40,1,0.839,3.389e-04,90.731,2.044e-04
0.18,1.00E+11,10,1.00E+15,10,0.05,0.751,7.000e-05,89.933,4.954e-05
0.18,1.00E+11,10,1.00E+15,10,1,0.922,3.692e-04,93.065,2.339e-04
0.18,1.00E+11,10,1.00E+15,15,0.05,0.734,6.988e-05,90.366,4.938e-05
0.18,1.00E+11,10,1.00E+15,15,1,0.897,3.747e-04,94.826,2.338e-04
0.18,1.00E+11,10,1.00E+15,20,0.05,0.716,7.018e-05,91.163,4.945e-05
0.18,1.00E+11,10,1.00E+15,20,1,0.871,3.810e-04,97.612,2.338e-04
0.18,1.00E+11,10,1.00E+15,30,0.05,0.643,7.576e-05,100.65,5.189e-05
0.18,1.00E+11,10,1.00E+15,30,1,0.759,4.143e-04,139.353,2.380e-04
0.18,1.00E+11,10,1.00E+15,40,0.05,0.487,7.608e-05,119.934,4.276e-05
0.18,1.00E+11,10,1.00E+15,40,1,0.625,4.572e-04,306.772,2.439e-04
0.18,1.00E+11,10,1.00E+16,10,0.05,0.711,8.516e-05,96.789,5.722e-05
0.18,1.00E+11,10,1.00E+16,10,1,0.835,4.061e-04,108.098,2.438e-04
0.18,1.00E+11,10,1.00E+16,15,0.05,0.694,8.382e-05,96.874,5.592e-05
0.18,1.00E+11,10,1.00E+16,15,1,0.817,4.082e-04,111.415,2.426e-04
0.18,1.00E+11,10,1.00E+16,20,0.05,0.67,8.587e-05,99.739,5.672e-05
0.18,1.00E+11,10,1.00E+16,20,1,0.781,4.189e-04,124.303,2.436e-04
0.18,1.00E+11,10,1.00E+16,30,0.05,0.468,1.187e-04,373.542,7.266e-05
0.18,1.00E+11,10,1.00E+16,30,1,0.121,6.242e-04,2585.098,2.623e-04
0.18,1.00E+11,10,1.00E+17,10,0.05,0.457,1.377e-04,337.814,8.315e-05
0.18,1.00E+11,10,1.00E+17,10,1,0.093,6.496e-04,2183.386,2.699e-04
0.18,1.00E+11,10,1.00E+17,15,0.05,0.224,1.754e-04,1349.228,9.486e-05
0.18,1.00E+11,10,1.00E+18,10,0.05,0.27,1.664e-04,1222.338,9.204e-05
0.18,1.00E+11,20,1.00E+14,10,0.05,0.801,4.553e-05,85.478,3.703e-05
0.18,1.00E+11,20,1.00E+14,10,1,0.999,2.954e-04,83.959,1.970e-04
0.18,1.00E+11,20,1.00E+14,15,0.05,0.778,4.631e-05,85.291,3.785e-05
0.18,1.00E+11,20,1.00E+14,15,1,0.964,3.075e-04,84.173,2.004e-04
0.18,1.00E+11,20,1.00E+14,20,0.05,0.758,4.662e-05,85.463,3.828e-05
0.18,1.00E+11,20,1.00E+14,20,1,0.933,3.174e-04,84.783,2.028e-04
0.18,1.00E+11,20,1.00E+14,30,0.05,0.727,4.601e-05,85.448,3.824e-05
0.18,1.00E+11,20,1.00E+14,30,1,0.882,3.269e-04,86.717,2.024e-04
0.18,1.00E+11,20,1.00E+14,40,0.05,0.696,4.575e-05,86.365,3.904e-05
0.18,1.00E+11,20,1.00E+14,40,1,0.838,3.387e-04,90.717,2.042e-04
0.18,1.00E+11,20,1.00E+15,10,0.05,0.751,7.003e-05,89.937,4.956e-05
0.18,1.00E+11,20,1.00E+15,10,1,0.921,3.692e-04,93.069,2.339e-04
0.18,1.00E+11,20,1.00E+15,15,0.05,0.733,6.991e-05,90.361,4.939e-05
0.18,1.00E+11,20,1.00E+15,15,1,0.897,3.748e-04,94.826,2.338e-04
0.18,1.00E+11,20,1.00E+15,20,0.05,0.716,7.020e-05,91.156,4.946e-05
0.18,1.00E+11,20,1.00E+15,20,1,0.87,3.811e-04,97.611,2.338e-04
0.18,1.00E+11,20,1.00E+15,30,0.05,0.643,7.577e-05,100.646,5.189e-05
0.18,1.00E+11,20,1.00E+15,30,1,0.76,4.143e-04,139.831,2.381e-04
0.18,1.00E+11,20,1.00E+15,40,0.05,0.487,7.607e-05,119.931,4.276e-05
0.18,1.00E+11,20,1.00E+15,40,1,0.625,4.572e-04,306.688,2.439e-04
0.18,1.00E+11,20,1.00E+16,10,0.05,0.711,8.516e-05,96.788,5.721e-05
0.18,1.00E+11,20,1.00E+16,10,1,0.835,4.061e-04,108.096,2.438e-04
0.18,1.00E+11,20,1.00E+16,15,0.05,0.694,8.382e-05,96.873,5.593e-05
0.18,1.00E+11,20,1.00E+16,15,1,0.817,4.082e-04,111.41,2.426e-04
0.18,1.00E+11,20,1.00E+16,20,0.05,0.67,8.587e-05,99.741,5.672e-05
0.18,1.00E+11,20,1.00E+16,20,1,0.781,4.189e-04,124.304,2.436e-04
0.18,1.00E+11,20,1.00E+16,30,0.05,0.468,1.186e-04,373.35,7.265e-05
0.18,1.00E+11,20,1.00E+16,30,1,0.121,6.241e-04,2583.584,2.623e-04
0.18,1.00E+11,20,1.00E+17,10,0.05,0.457,1.377e-04,337.623,8.315e-05
0.18,1.00E+11,20,1.00E+17,10,1,0.093,6.496e-04,2181.958,2.699e-04
0.18,1.00E+11,20,1.00E+17,15,0.05,0.224,1.754e-04,1349.17,9.486e-05
0.18,1.00E+11,20,1.00E+18,10,0.05,0.27,1.664e-04,1222.395,9.204e-05
0.18,1.00E+11,30,1.00E+14,10,0.05,0.801,4.552e-05,85.457,3.700e-05
0.18,1.00E+11,30,1.00E+14,10,1,0.998,2.952e-04,83.938,1.967e-04
0.18,1.00E+11,30,1.00E+14,15,0.05,0.776,4.631e-05,85.272,3.744e-05
0.18,1.00E+11,30,1.00E+14,15,1,0.963,3.073e-04,84.156,2.002e-04
0.18,1.00E+11,30,1.00E+14,20,0.05,0.758,4.661e-05,85.447,3.825e-05
0.18,1.00E+11,30,1.00E+14,20,1,0.933,3.173e-04,84.779,2.026e-04
0.18,1.00E+11,30,1.00E+14,30,0.05,0.726,4.600e-05,85.434,3.821e-05
0.18,1.00E+11,30,1.00E+14,30,1,0.881,3.267e-04,86.707,2.022e-04
0.18,1.00E+11,30,1.00E+14,40,0.05,0.696,4.574e-05,86.354,3.902e-05
0.18,1.00E+11,30,1.00E+14,40,1,0.837,3.386e-04,90.681,2.040e-04
0.18,1.00E+11,30,1.00E+15,10,0.05,0.75,7.004e-05,89.935,4.956e-05
0.18,1.00E+11,30,1.00E+15,10,1,0.921,3.693e-04,93.076,2.339e-04
0.18,1.00E+11,30,1.00E+15,15,0.05,0.733,6.992e-05,90.36,4.940e-05
0.18,1.00E+11,30,1.00E+15,15,1,0.897,3.748e-04,94.834,2.337e-04
0.18,1.00E+11,30,1.00E+15,20,0.05,0.716,7.021e-05,91.154,4.946e-05
0.18,1.00E+11,30,1.00E+15,20,1,0.87,3.811e-04,97.621,2.338e-04
0.18,1.00E+11,30,1.00E+15,30,0.05,0.643,7.577e-05,100.648,5.189e-05
0.18,1.00E+11,30,1.00E+15,30,1,0.76,4.144e-04,139.848,2.381e-04
0.18,1.00E+11,30,1.00E+15,40,0.05,0.487,7.607e-05,119.934,4.276e-05
0.18,1.00E+11,30,1.00E+15,40,1,0.625,4.572e-04,306.696,2.439e-04
0.18,1.00E+11,30,1.00E+16,10,0.05,0.711,8.517e-05,96.792,5.722e-05
0.18,1.00E+11,30,1.00E+16,10,1,0.835,4.061e-04,108.118,2.438e-04
0.18,1.00E+11,30,1.00E+16,15,0.05,0.694,8.383e-05,96.877,5.593e-05
0.18,1.00E+11,30,1.00E+16,15,1,0.817,4.082e-04,111.434,2.426e-04
0.18,1.00E+11,30,1.00E+16,20,0.05,0.67,8.587e-05,99.746,5.672e-05
0.18,1.00E+11,30,1.00E+16,20,1,0.781,4.189e-04,124.33,2.436e-04
0.18,1.00E+11,30,1.00E+16,30,0.05,0.468,1.186e-04,373.253,7.265e-05
0.18,1.00E+11,30,1.00E+16,30,1,0.121,6.241e-04,2582.829,2.623e-04
0.18,1.00E+11,30,1.00E+17,10,0.05,0.457,1.377e-04,337.581,8.315e-05
0.18,1.00E+11,30,1.00E+17,10,1,0.093,6.496e-04,2181.674,2.699e-04
0.18,1.00E+11,30,1.00E+17,15,0.05,0.224,1.754e-04,1349.238,9.486e-05
0.18,1.00E+11,30,1.00E+18,10,0.05,0.27,1.664e-04,1222.53,9.204e-05
0.18,1.00E+11,50,1.00E+14,10,0.05,0.801,4.549e-05,85.434,3.694e-05
0.18,1.00E+11,50,1.00E+14,10,1,0.997,2.950e-04,83.916,1.965e-04
0.18,1.00E+11,50,1.00E+14,15,0.05,0.777,4.628e-05,85.23,3.778e-05
0.18,1.00E+11,50,1.00E+14,15,1,0.963,3.071e-04,84.135,2.000e-04
0.18,1.00E+11,50,1.00E+14,20,0.05,0.757,4.659e-05,85.427,3.821e-05
0.18,1.00E+11,50,1.00E+14,20,1,0.932,3.171e-04,84.769,2.024e-04
0.18,1.00E+11,50,1.00E+14,30,0.05,0.726,4.597e-05,85.418,3.818e-05
0.18,1.00E+11,50,1.00E+14,30,1,0.881,3.265e-04,86.719,2.020e-04
0.18,1.00E+11,50,1.00E+14,40,0.05,0.696,4.571e-05,86.341,3.899e-05
0.18,1.00E+11,50,1.00E+14,40,1,0.837,3.384e-04,90.748,2.039e-04
0.18,1.00E+11,50,1.00E+15,10,0.05,0.75,7.006e-05,89.932,4.956e-05
0.18,1.00E+11,50,1.00E+15,10,1,0.92,3.694e-04,93.092,2.339e-04
0.18,1.00E+11,50,1.00E+15,15,0.05,0.733,6.993e-05,90.36,4.940e-05
0.18,1.00E+11,50,1.00E+15,15,1,0.896,3.749e-04,94.856,2.337e-04
0.18,1.00E+11,50,1.00E+15,20,0.05,0.716,7.022e-05,91.156,4.946e-05
0.18,1.00E+11,50,1.00E+15,20,1,0.87,3.812e-04,97.65,2.338e-04
0.18,1.00E+11,50,1.00E+15,30,0.05,0.643,7.577e-05,100.666,5.189e-05
0.18,1.00E+11,50,1.00E+15,30,1,0.76,4.144e-04,139.977,2.381e-04
0.18,1.00E+11,50,1.00E+15,40,0.05,0.486,7.607e-05,119.966,4.276e-05
0.18,1.00E+11,50,1.00E+15,40,1,0.625,4.572e-04,307.043,2.439e-04
0.18,1.00E+11,50,1.00E+16,10,0.05,0.711,8.518e-05,96.798,5.722e-05
0.18,1.00E+11,50,1.00E+16,10,1,0.834,4.062e-04,108.156,2.438e-04
0.18,1.00E+11,50,1.00E+16,15,0.05,0.694,8.384e-05,96.889,5.593e-05
0.18,1.00E+11,50,1.00E+16,15,1,0.817,4.083e-04,111.503,2.426e-04
0.18,1.00E+11,50,1.00E+16,20,0.05,0.67,8.589e-05,99.762,5.673e-05
0.18,1.00E+11,50,1.00E+16,20,1,0.78,4.190e-04,124.426,2.436e-04
0.18,1.00E+11,50,1.00E+16,30,0.05,0.468,1.186e-04,373.199,7.265e-05
0.18,1.00E+11,50,1.00E+16,30,1,0.121,6.241e-04,2582.489,2.623e-04
0.18,1.00E+11,50,1.00E+17,10,0.05,0.457,1.377e-04,337.625,8.315e-05
0.18,1.00E+11,50,1.00E+17,10,1,0.093,6.496e-04,2182.172,2.699e-04
0.18,1.00E+11,50,1.00E+17,15,0.05,0.224,1.754e-04,1349.515,9.486e-05
0.18,1.00E+11,50,1.00E+18,10,0.05,0.27,1.664e-04,1222.88,9.204e-05
0.18,1.00E+11,70,1.00E+14,10,0.05,0.8,4.546e-05,85.423,3.690e-05
0.18,1.00E+11,70,1.00E+14,10,1,0.997,2.948e-04,83.907,1.964e-04
0.18,1.00E+11,70,1.00E+14,15,0.05,0.777,4.626e-05,85.21,3.774e-05
0.18,1.00E+11,70,1.00E+14,15,1,0.962,3.070e-04,84.124,1.999e-04
0.18,1.00E+11,70,1.00E+14,20,0.05,0.757,4.657e-05,85.416,3.818e-05
0.18,1.00E+11,70,1.00E+14,20,1,0.932,3.170e-04,84.767,2.023e-04
0.18,1.00E+11,70,1.00E+14,30,0.05,0.726,4.595e-05,85.41,3.814e-05
0.18,1.00E+11,70,1.00E+14,30,1,0.881,3.264e-04,86.719,2.019e-04
0.18,1.00E+11,70,1.00E+14,40,0.05,0.696,4.569e-05,86.335,3.895e-05
0.18,1.00E+11,70,1.00E+14,40,1,0.837,3.383e-04,90.756,2.038e-04
0.18,1.00E+11,70,1.00E+15,10,0.05,0.75,7.006e-05,89.931,4.955e-05
0.18,1.00E+11,70,1.00E+15,10,1,0.92,3.695e-04,93.105,2.339e-04
0.18,1.00E+11,70,1.00E+15,15,0.05,0.733,6.994e-05,90.361,4.939e-05
0.18,1.00E+11,70,1.00E+15,15,1,0.896,3.750e-04,94.897,2.337e-04
0.18,1.00E+11,70,1.00E+15,20,0.05,0.716,7.023e-05,91.16,4.945e-05
0.18,1.00E+11,70,1.00E+15,20,1,0.869,3.812e-04,97.677,2.338e-04
0.18,1.00E+11,70,1.00E+15,30,0.05,0.643,7.578e-05,100.687,5.189e-05
0.18,1.00E+11,70,1.00E+15,30,1,0.759,4.144e-04,140.122,2.381e-04
0.18,1.00E+11,70,1.00E+15,40,0.05,0.486,7.607e-05,120.008,4.275e-05
0.18,1.00E+11,70,1.00E+15,40,1,0.625,4.573e-04,307.55,2.439e-04
0.18,1.00E+11,70,1.00E+16,10,0.05,0.711,8.520e-05,96.812,5.722e-05
0.18,1.00E+11,70,1.00E+16,10,1,0.834,4.063e-04,108.211,2.439e-04
0.18,1.00E+11,70,1.00E+16,15,0.05,0.694,8.386e-05,96.903,5.593e-05
0.18,1.00E+11,70,1.00E+16,15,1,0.817,4.084e-04,111.569,2.426e-04
0.18,1.00E+11,70,1.00E+16,20,0.05,0.669,8.590e-05,99.784,5.673e-05
0.18,1.00E+11,70,1.00E+16,20,1,0.78,4.191e-04,124.536,2.437e-04
0.18,1.00E+11,70,1.00E+16,30,0.05,0.468,1.186e-04,373.316,7.264e-05
0.18,1.00E+11,70,1.00E+16,30,1,0.121,6.241e-04,2583.523,2.623e-04
0.18,1.00E+11,70,1.00E+17,10,0.05,0.457,1.377e-04,337.762,8.314e-05
0.18,1.00E+11,70,1.00E+17,10,1,0.093,6.497e-04,2183.353,2.699e-04
0.18,1.00E+11,70,1.00E+17,15,0.05,0.223,1.754e-04,1350.01,9.485e-05
0.18,1.00E+11,70,1.00E+18,10,0.05,0.269,1.664e-04,1223.416,9.203e-05
0.18,1.00E+12,10,1.00E+14,10,0.05,0.795,4.692e-05,86.227,3.888e-05
0.18,1.00E+12,10,1.00E+14,10,1,0.999,3.083e-04,84.709,2.055e-04
0.18,1.00E+12,10,1.00E+14,15,0.05,0.774,4.752e-05,86.076,3.937e-05
0.18,1.00E+12,10,1.00E+14,15,1,0.965,3.188e-04,84.972,2.078e-04
0.18,1.00E+12,10,1.00E+14,20,0.05,0.755,4.779e-05,86.113,3.964e-05
0.18,1.00E+12,10,1.00E+14,20,1,0.935,3.272e-04,85.718,2.092e-04
0.18,1.00E+12,10,1.00E+14,30,0.05,0.725,4.729e-05,86.358,3.959e-05
0.18,1.00E+12,10,1.00E+14,30,1,0.886,3.368e-04,88.113,2.088e-04
0.18,1.00E+12,10,1.00E+14,40,0.05,0.696,4.712e-05,87.539,4.033e-05
0.18,1.00E+12,10,1.00E+14,40,1,0.84,3.478e-04,92.453,2.098e-04
0.18,1.00E+12,10,1.00E+15,10,0.05,0.75,7.009e-05,90.082,4.965e-05
0.18,1.00E+12,10,1.00E+15,10,1,0.92,3.701e-04,93.368,2.343e-04
0.18,1.00E+12,10,1.00E+15,15,0.05,0.733,7.000e-05,90.578,4.950e-05
0.18,1.00E+12,10,1.00E+15,15,1,0.896,3.757e-04,95.213,2.342e-04
0.18,1.00E+12,10,1.00E+15,20,0.05,0.716,7.031e-05,91.381,4.958e-05
0.18,1.00E+12,10,1.00E+15,20,1,0.87,3.820e-04,97.976,2.344e-04
0.18,1.00E+12,10,1.00E+15,30,0.05,0.644,7.590e-05,100.812,5.200e-05
0.18,1.00E+12,10,1.00E+15,30,1,0.76,4.149e-04,139.996,2.385e-04
0.18,1.00E+12,10,1.00E+15,40,0.05,0.487,7.630e-05,120.108,4.288e-05
0.18,1.00E+12,10,1.00E+15,40,1,0.625,4.578e-04,307.379,2.442e-04
0.18,1.00E+12,10,1.00E+16,10,0.05,0.711,8.517e-05,96.818,5.722e-05
0.18,1.00E+12,10,1.00E+16,10,1,0.835,4.061e-04,108.141,2.439e-04
0.18,1.00E+12,10,1.00E+16,15,0.05,0.694,8.377e-05,96.914,5.590e-05
0.18,1.00E+12,10,1.00E+16,15,1,0.818,4.083e-04,111.425,2.427e-04
0.18,1.00E+12,10,1.00E+16,20,0.05,0.67,8.583e-05,99.771,5.671e-05
0.18,1.00E+12,10,1.00E+16,20,1,0.781,4.189e-04,124.289,2.437e-04
0.18,1.00E+12,10,1.00E+16,30,0.05,0.468,1.186e-04,372.275,7.265e-05
0.18,1.00E+12,10,1.00E+16,30,1,0.122,6.238e-04,2575.079,2.623e-04
0.18,1.00E+12,10,1.00E+17,10,0.05,0.457,1.377e-04,338.579,8.316e-05
0.18,1.00E+12,10,1.00E+17,10,1,0.091,6.500e-04,2188.779,2.699e-04
0.18,1.00E+12,10,1.00E+17,15,0.05,0.223,1.754e-04,1350.001,9.486e-05
0.18,1.00E+12,10,1.00E+18,10,0.05,0.269,1.664e-04,1223.441,9.206e-05
0.18,1.00E+12,20,1.00E+14,10,0.05,0.788,4.738e-05,85.819,3.895e-05
0.18,1.00E+12,20,1.00E+14,10,1,0.987,3.085e-04,84.394,2.039e-04
0.18,1.00E+12,20,1.00E+14,15,0.05,0.768,4.790e-05,85.789,3.942e-05
0.18,1.00E+12,20,1.00E+14,15,1,0.955,3.187e-04,84.732,2.064e-04
0.18,1.00E+12,20,1.00E+14,20,0.05,0.751,4.808e-05,85.861,3.968e-05
0.18,1.00E+12,20,1.00E+14,20,1,0.927,3.270e-04,85.481,2.080e-04
0.18,1.00E+12,20,1.00E+14,30,0.05,0.722,4.748e-05,86.118,3.961e-05
0.18,1.00E+12,20,1.00E+14,30,1,0.879,3.362e-04,87.9,2.077e-04
0.18,1.00E+12,20,1.00E+14,40,0.05,0.693,4.722e-05,87.367,4.031e-05
0.18,1.00E+12,20,1.00E+14,40,1,0.836,3.472e-04,92.315,2.089e-04
0.18,1.00E+12,20,1.00E+15,10,0.05,0.748,7.031e-05,90.146,4.978e-05
0.18,1.00E+12,20,1.00E+15,10,1,0.917,3.709e-04,93.426,2.344e-04
0.18,1.00E+12,20,1.00E+15,15,0.05,0.731,7.018e-05,90.592,4.961e-05
0.18,1.00E+12,20,1.00E+15,15,1,0.894,3.763e-04,95.213,2.343e-04
0.18,1.00E+12,20,1.00E+15,20,0.05,0.715,7.046e-05,91.404,4.967e-05
0.18,1.00E+12,20,1.00E+15,20,1,0.868,3.824e-04,98.002,2.343e-04
0.18,1.00E+12,20,1.00E+15,30,0.05,0.644,7.592e-05,100.777,5.202e-05
0.18,1.00E+12,20,1.00E+15,30,1,0.76,4.150e-04,139.751,2.384e-04
0.18,1.00E+12,20,1.00E+15,40,0.05,0.487,7.628e-05,120.087,4.288e-05
0.18,1.00E+12,20,1.00E+15,40,1,0.625,4.578e-04,306.567,2.442e-04
0.18,1.00E+12,20,1.00E+16,10,0.05,0.711,8.521e-05,96.857,5.724e-05
0.18,1.00E+12,20,1.00E+16,10,1,0.834,4.064e-04,108.287,2.439e-04
0.18,1.00E+12,20,1.00E+16,15,0.05,0.694,8.382e-05,96.947,5.593e-05
0.18,1.00E+12,20,1.00E+16,15,1,0.817,4.085e-04,111.514,2.427e-04
0.18,1.00E+12,20,1.00E+16,20,0.05,0.67,8.585e-05,99.789,5.672e-05
0.18,1.00E+12,20,1.00E+16,20,1,0.781,4.191e-04,124.297,2.438e-04
0.18,1.00E+12,20,1.00E+16,30,0.05,0.468,1.185e-04,370.371,7.261e-05
0.18,1.00E+12,20,1.00E+16,30,1,0.125,6.230e-04,2560.045,2.623e-04
0.18,1.00E+12,20,1.00E+17,10,0.05,0.456,1.378e-04,339.834,8.318e-05
0.18,1.00E+12,20,1.00E+17,10,1,0.09,6.505e-04,2197.927,2.699e-04
0.18,1.00E+12,20,1.00E+17,15,0.05,0.223,1.754e-04,1349.784,9.486e-05
0.18,1.00E+12,20,1.00E+18,10,0.05,0.269,1.665e-04,1224.577,9.206e-05
0.18,1.00E+12,30,1.00E+14,10,0.05,0.784,4.731e-05,85.526,3.867e-05
0.18,1.00E+12,30,1.00E+14,10,1,0.98,3.074e-04,84.182,2.024e-04
0.18,1.00E+12,30,1.00E+14,15,0.05,0.765,4.783e-05,85.597,3.917e-05
0.18,1.00E+12,30,1.00E+14,15,1,0.949,3.177e-04,84.583,2.050e-04
0.18,1.00E+12,30,1.00E+14,20,0.05,0.748,4.801e-05,85.705,3.946e-05
0.18,1.00E+12,30,1.00E+14,20,1,0.922,3.260e-04,85.411,2.068e-04
0.18,1.00E+12,30,1.00E+14,30,0.05,0.719,4.738e-05,85.965,3.942e-05
0.18,1.00E+12,30,1.00E+14,30,1,0.875,3.350e-04,87.769,2.064e-04
0.18,1.00E+12,30,1.00E+14,40,0.05,0.691,4.709e-05,87.24,4.014e-05
0.18,1.00E+12,30,1.00E+14,40,1,0.832,3.461e-04,92.246,2.078e-04
0.18,1.00E+12,30,1.00E+15,10,0.05,0.746,7.043e-05,90.131,4.980e-05
0.18,1.00E+12,30,1.00E+15,10,1,0.915,3.716e-04,93.505,2.344e-04
0.18,1.00E+12,30,1.00E+15,15,0.05,0.729,7.026e-05,90.596,4.962e-05
0.18,1.00E+12,30,1.00E+15,15,1,0.891,3.767e-04,95.279,2.342e-04
0.18,1.00E+12,30,1.00E+15,20,0.05,0.713,7.052e-05,91.387,4.968e-05
0.18,1.00E+12,30,1.00E+15,20,1,0.866,3.828e-04,98.105,2.343e-04
0.18,1.00E+12,30,1.00E+15,30,0.05,0.643,7.592e-05,100.797,5.202e-05
0.18,1.00E+12,30,1.00E+15,30,1,0.759,4.150e-04,139.934,2.384e-04
0.18,1.00E+12,30,1.00E+15,40,0.05,0.486,7.626e-05,120.114,4.286e-05
0.18,1.00E+12,30,1.00E+15,40,1,0.624,4.579e-04,306.629,2.441e-04
0.18,1.00E+12,30,1.00E+16,10,0.05,0.709,8.530e-05,96.913,5.727e-05
0.18,1.00E+12,30,1.00E+16,10,1,0.832,4.069e-04,108.555,2.440e-04
0.18,1.00E+12,30,1.00E+16,15,0.05,0.693,8.390e-05,96.995,5.596e-05
0.18,1.00E+12,30,1.00E+16,15,1,0.816,4.089e-04,111.792,2.427e-04
0.18,1.00E+12,30,1.00E+16,20,0.05,0.669,8.590e-05,99.845,5.674e-05
0.18,1.00E+12,30,1.00E+16,20,1,0.78,4.193e-04,124.593,2.438e-04
0.18,1.00E+12,30,1.00E+16,30,0.05,0.469,1.185e-04,369.416,7.260e-05
0.18,1.00E+12,30,1.00E+16,30,1,0.126,6.226e-04,2552.542,2.623e-04
0.18,1.00E+12,30,1.00E+17,10,0.05,0.456,1.378e-04,339.093,8.317e-05
0.18,1.00E+12,30,1.00E+17,10,1,0.091,6.502e-04,2192.676,2.699e-04
0.18,1.00E+12,30,1.00E+17,15,0.05,0.223,1.754e-04,1350.355,9.487e-05
0.18,1.00E+12,30,1.00E+18,10,0.05,0.269,1.665e-04,1225.74,9.207e-05
0.18,1.00E+12,50,1.00E+14,10,0.05,0.78,4.707e-05,85.153,3.818e-05
0.18,1.00E+12,50,1.00E+14,10,1,0.973,3.057e-04,83.91,2.004e-04
0.18,1.00E+12,50,1.00E+14,15,0.05,0.76,4.764e-05,85.337,3.875e-05
0.18,1.00E+12,50,1.00E+14,15,1,0.942,3.163e-04,84.442,2.033e-04
0.18,1.00E+12,50,1.00E+14,20,0.05,0.743,4.783e-05,85.527,3.909e-05
0.18,1.00E+12,50,1.00E+14,20,1,0.916,3.249e-04,85.268,2.053e-04
0.18,1.00E+12,50,1.00E+14,30,0.05,0.715,4.718e-05,85.796,3.911e-05
0.18,1.00E+12,50,1.00E+14,30,1,0.869,3.335e-04,87.705,2.048e-04
0.18,1.00E+12,50,1.00E+14,40,0.05,0.687,4.689e-05,87.121,3.984e-05
0.18,1.00E+12,50,1.00E+14,40,1,0.827,3.448e-04,92.301,2.065e-04
0.18,1.00E+12,50,1.00E+15,10,0.05,0.741,7.060e-05,90.127,4.981e-05
0.18,1.00E+12,50,1.00E+15,10,1,0.91,3.727e-04,93.696,2.343e-04
0.18,1.00E+12,50,1.00E+15,15,0.05,0.726,7.040e-05,90.603,4.961e-05
0.18,1.00E+12,50,1.00E+15,15,1,0.887,3.777e-04,95.528,2.341e-04
0.18,1.00E+12,50,1.00E+15,20,0.05,0.71,7.064e-05,91.424,4.967e-05
0.18,1.00E+12,50,1.00E+15,20,1,0.862,3.836e-04,98.43,2.342e-04
0.18,1.00E+12,50,1.00E+15,30,0.05,0.646,7.597e-05,100.946,5.289e-05
0.18,1.00E+12,50,1.00E+15,30,1,0.756,4.155e-04,141.246,2.383e-04
0.18,1.00E+12,50,1.00E+15,40,0.05,0.485,7.627e-05,120.446,4.285e-05
0.18,1.00E+12,50,1.00E+15,40,1,0.622,4.583e-04,310.12,2.441e-04
0.18,1.00E+12,50,1.00E+16,10,0.05,0.706,8.551e-05,97.049,5.733e-05
0.18,1.00E+12,50,1.00E+16,10,1,0.828,4.080e-04,109.211,2.440e-04
0.18,1.00E+12,50,1.00E+16,15,0.05,0.69,8.409e-05,97.141,5.602e-05
0.18,1.00E+12,50,1.00E+16,15,1,0.812,4.098e-04,112.59,2.428e-04
0.18,1.00E+12,50,1.00E+16,20,0.05,0.667,8.606e-05,100.045,5.679e-05
0.18,1.00E+12,50,1.00E+16,20,1,0.777,4.201e-04,125.683,2.438e-04
0.18,1.00E+12,50,1.00E+16,30,0.05,0.469,1.185e-04,368.897,7.258e-05
0.18,1.00E+12,50,1.00E+16,30,1,0.127,6.225e-04,2549.201,2.623e-04
0.18,1.00E+12,50,1.00E+17,10,0.05,0.456,1.378e-04,339.528,8.318e-05
0.18,1.00E+12,50,1.00E+17,10,1,0.09,6.504e-04,2197.612,2.699e-04
0.18,1.00E+12,50,1.00E+17,15,0.05,0.223,1.755e-04,1353.433,9.487e-05
0.18,1.00E+12,50,1.00E+18,10,0.05,0.268,1.665e-04,1229.31,9.207e-05
0.18,1.00E+12,70,1.00E+14,10,0.05,0.778,4.684e-05,84.963,3.777e-05
0.18,1.00E+12,70,1.00E+14,10,1,0.971,3.045e-04,83.776,1.993e-04
0.18,1.00E+12,70,1.00E+14,15,0.05,0.758,4.745e-05,85.172,3.839e-05
0.18,1.00E+12,70,1.00E+14,15,1,0.94,3.153e-04,84.379,2.024e-04
0.18,1.00E+12,70,1.00E+14,20,0.05,0.741,4.766e-05,85.437,3.877e-05
0.18,1.00E+12,70,1.00E+14,20,1,0.914,3.241e-04,85.24,2.045e-04
0.18,1.00E+12,70,1.00E+14,30,0.05,0.713,4.700e-05,85.678,3.881e-05
0.18,1.00E+12,70,1.00E+14,30,1,0.867,3.327e-04,87.702,2.040e-04
0.18,1.00E+12,70,1.00E+14,40,0.05,0.685,4.672e-05,87.06,3.955e-05
0.18,1.00E+12,70,1.00E+14,40,1,0.825,3.440e-04,92.321,2.058e-04
0.18,1.00E+12,70,1.00E+15,10,0.05,0.739,7.067e-05,90.128,4.971e-05
0.18,1.00E+12,70,1.00E+15,10,1,0.907,3.733e-04,93.856,2.343e-04
0.18,1.00E+12,70,1.00E+15,15,0.05,0.723,7.046e-05,90.626,4.952e-05
0.18,1.00E+12,70,1.00E+15,15,1,0.884,3.782e-04,95.776,2.341e-04
0.18,1.00E+12,70,1.00E+15,20,0.05,0.707,7.068e-05,91.471,4.957e-05
0.18,1.00E+12,70,1.00E+15,20,1,0.86,3.841e-04,98.726,2.341e-04
0.18,1.00E+12,70,1.00E+15,30,0.05,0.644,7.600e-05,101.162,5.279e-05
0.18,1.00E+12,70,1.00E+15,30,1,0.755,4.159e-04,142.758,2.383e-04
0.18,1.00E+12,70,1.00E+15,40,0.05,0.483,7.627e-05,120.866,4.279e-05
0.18,1.00E+12,70,1.00E+15,40,1,0.62,4.588e-04,315.279,2.440e-04
0.18,1.00E+12,70,1.00E+16,10,0.05,0.704,8.566e-05,97.175,5.730e-05
0.18,1.00E+12,70,1.00E+16,10,1,0.825,4.088e-04,109.756,2.441e-04
0.18,1.00E+12,70,1.00E+16,15,0.05,0.688,8.423e-05,97.293,5.599e-05
0.18,1.00E+12,70,1.00E+16,15,1,0.809,4.106e-04,113.258,2.428e-04
0.18,1.00E+12,70,1.00E+16,20,0.05,0.665,8.618e-05,100.252,5.676e-05
0.18,1.00E+12,70,1.00E+16,20,1,0.774,4.208e-04,126.776,2.439e-04
0.18,1.00E+12,70,1.00E+16,30,0.05,0.468,1.185e-04,370.062,7.251e-05
0.18,1.00E+12,70,1.00E+16,30,1,0.125,6.231e-04,2559.574,2.623e-04
0.18,1.00E+12,70,1.00E+17,10,0.05,0.455,1.378e-04,340.891,8.311e-05
0.18,1.00E+12,70,1.00E+17,10,1,0.088,6.511e-04,2209.405,2.699e-04
0.18,1.00E+12,70,1.00E+17,15,0.05,0.221,1.756e-04,1358.08,9.478e-05
0.18,1.00E+12,70,1.00E+18,10,0.05,0.267,1.666e-04,1233.802,9.199e-05
0.18,1.00E+13,10,1.00E+14,10,0.05,0.778,5.432e-05,90.495,4.510e-05
0.18,1.00E+13,10,1.00E+14,10,1,0.966,3.410e-04,90.645,2.222e-04
0.18,1.00E+13,10,1.00E+14,15,0.05,0.763,5.461e-05,90.43,4.518e-05
0.18,1.00E+13,10,1.00E+14,15,1,0.941,3.474e-04,91.298,2.228e-04
0.18,1.00E+13,10,1.00E+14,20,0.05,0.75,5.476e-05,90.478,4.520e-05
0.18,1.00E+13,10,1.00E+14,20,1,0.919,3.528e-04,92.232,2.232e-04
0.18,1.00E+13,10,1.00E+14,30,0.05,0.724,5.461e-05,90.882,4.505e-05
0.18,1.00E+13,10,1.00E+14,30,1,0.876,3.622e-04,94.91,2.230e-04
0.18,1.00E+13,10,1.00E+14,40,0.05,0.689,5.464e-05,92.028,4.407e-05
0.18,1.00E+13,10,1.00E+14,40,1,0.834,3.726e-04,100.054,2.236e-04
0.18,1.00E+13,10,1.00E+15,10,0.05,0.749,7.174e-05,91.661,5.111e-05
0.18,1.00E+13,10,1.00E+15,10,1,0.912,3.757e-04,95.344,2.367e-04
0.18,1.00E+13,10,1.00E+15,15,0.05,0.734,7.189e-05,92.238,5.114e-05
0.18,1.00E+13,10,1.00E+15,15,1,0.89,3.813e-04,97.311,2.369e-04
0.18,1.00E+13,10,1.00E+15,20,0.05,0.718,7.236e-05,92.999,5.126e-05
0.18,1.00E+13,10,1.00E+15,20,1,0.865,3.877e-04,100.261,2.372e-04
0.18,1.00E+13,10,1.00E+15,30,0.05,0.647,7.746e-05,101.667,5.311e-05
0.18,1.00E+13,10,1.00E+15,30,1,0.76,4.183e-04,140.037,2.404e-04
0.18,1.00E+13,10,1.00E+15,40,0.05,0.489,7.817e-05,121.006,4.388e-05
0.18,1.00E+13,10,1.00E+15,40,1,0.625,4.619e-04,308.881,2.463e-04
0.18,1.00E+13,10,1.00E+16,10,0.05,0.713,8.524e-05,96.969,5.734e-05
0.18,1.00E+13,10,1.00E+16,10,1,0.836,4.063e-04,108.168,2.443e-04
0.18,1.00E+13,10,1.00E+16,15,0.05,0.696,8.374e-05,97.116,5.602e-05
0.18,1.00E+13,10,1.00E+16,15,1,0.821,4.085e-04,111.09,2.433e-04
0.18,1.00E+13,10,1.00E+16,20,0.05,0.672,8.588e-05,99.953,5.686e-05
0.18,1.00E+13,10,1.00E+16,20,1,0.783,4.194e-04,123.752,2.443e-04
0.18,1.00E+13,10,1.00E+16,30,0.05,0.471,1.183e-04,359.71,7.254e-05
0.18,1.00E+13,10,1.00E+16,30,1,0.138,6.193e-04,2474.255,2.622e-04
0.18,1.00E+13,10,1.00E+17,10,0.05,0.457,1.378e-04,337.53,8.322e-05
0.18,1.00E+13,10,1.00E+17,10,1,0.093,6.498e-04,2178.546,2.699e-04
0.18,1.00E+13,10,1.00E+17,15,0.05,0.223,1.756e-04,1349.466,9.493e-05
0.18,1.00E+13,10,1.00E+18,10,0.05,0.267,1.669e-04,1229.124,9.223e-05
0.18,1.00E+13,20,1.00E+14,10,0.05,0.738,5.628e-05,91.019,4.599e-05
0.18,1.00E+13,20,1.00E+14,10,1,0.914,3.556e-04,92.337,2.242e-04
0.18,1.00E+13,20,1.00E+14,15,0.05,0.729,5.618e-05,91.172,4.594e-05
0.18,1.00E+13,20,1.00E+14,15,1,0.897,3.596e-04,93.278,2.243e-04
0.18,1.00E+13,20,1.00E+14,20,0.05,0.721,5.593e-05,91.374,4.586e-05
0.18,1.00E+13,20,1.00E+14,20,1,0.88,3.630e-04,94.322,2.241e-04
0.18,1.00E+13,20,1.00E+14,30,0.05,0.703,5.554e-05,92.074,4.574e-05
0.18,1.00E+13,20,1.00E+14,30,1,0.848,3.698e-04,97.534,2.239e-04
0.18,1.00E+13,20,1.00E+14,40,0.05,0.68,5.530e-05,93.496,4.602e-05
0.18,1.00E+13,20,1.00E+14,40,1,0.813,3.783e-04,103.186,2.243e-04
0.18,1.00E+13,20,1.00E+15,10,0.05,0.731,7.291e-05,92.529,5.185e-05
0.18,1.00E+13,20,1.00E+15,10,1,0.889,3.830e-04,97.019,2.378e-04
0.18,1.00E+13,20,1.00E+15,15,0.05,0.72,7.271e-05,93.012,5.171e-05
0.18,1.00E+13,20,1.00E+15,15,1,0.873,3.868e-04,98.92,2.377e-04
0.18,1.00E+13,20,1.00E+15,20,0.05,0.708,7.293e-05,93.783,5.174e-05
0.18,1.00E+13,20,1.00E+15,20,1,0.852,3.919e-04,101.716,2.378e-04
0.18,1.00E+13,20,1.00E+15,30,0.05,0.646,7.741e-05,101.79,5.333e-05
0.18,1.00E+13,20,1.00E+15,30,1,0.758,4.193e-04,138.398,2.407e-04
0.18,1.00E+13,20,1.00E+15,40,0.05,0.487,7.808e-05,120.962,4.393e-05
0.18,1.00E+13,20,1.00E+15,40,1,0.623,4.626e-04,300.541,2.464e-04
0.18,1.00E+13,20,1.00E+16,10,0.05,0.707,8.564e-05,97.402,5.754e-05
0.18,1.00E+13,20,1.00E+16,10,1,0.829,4.090e-04,109.546,2.448e-04
0.18,1.00E+13,20,1.00E+16,15,0.05,0.693,8.405e-05,97.494,5.627e-05
0.18,1.00E+13,20,1.00E+16,15,1,0.816,4.106e-04,111.969,2.438e-04
0.18,1.00E+13,20,1.00E+16,20,0.05,0.671,8.591e-05,100.142,5.697e-05
0.18,1.00E+13,20,1.00E+16,20,1,0.782,4.205e-04,123.792,2.447e-04
0.18,1.00E+13,20,1.00E+16,30,0.05,0.476,1.175e-04,341.337,7.220e-05
0.18,1.00E+13,20,1.00E+16,30,1,0.165,6.117e-04,2321.328,2.620e-04
0.18,1.00E+13,20,1.00E+17,10,0.05,0.456,1.379e-04,338.761,8.327e-05
0.18,1.00E+13,20,1.00E+17,10,1,0.091,6.503e-04,2186.451,2.700e-04
0.18,1.00E+13,20,1.00E+17,15,0.05,0.223,1.756e-04,1348.43,9.493e-05
0.18,1.00E+13,20,1.00E+18,10,0.05,0.265,1.673e-04,1241.663,9.230e-05
0.18,1.00E+13,30,1.00E+14,10,0.05,0.712,5.679e-05,91.286,4.593e-05
0.18,1.00E+13,30,1.00E+14,10,1,0.879,3.630e-04,93.419,2.239e-04
0.18,1.00E+13,30,1.00E+14,15,0.05,0.706,5.645e-05,91.472,4.588e-05
0.18,1.00E+13,30,1.00E+14,15,1,0.866,3.654e-04,94.377,2.237e-04
0.18,1.00E+13,30,1.00E+14,20,0.05,0.699,5.625e-05,91.783,4.590e-05
0.18,1.00E+13,30,1.00E+14,20,1,0.853,3.684e-04,95.8,2.238e-04
0.18,1.00E+13,30,1.00E+14,30,0.05,0.692,5.555e-05,92.627,4.730e-05
0.18,1.00E+13,30,1.00E+14,30,1,0.824,3.740e-04,99.603,2.232e-04
0.18,1.00E+13,30,1.00E+14,40,0.05,0.664,5.516e-05,94.322,4.587e-05
0.18,1.00E+13,30,1.00E+14,40,1,0.792,3.817e-04,106.393,2.236e-04
0.18,1.00E+13,30,1.00E+15,10,0.05,0.713,7.377e-05,93.006,5.207e-05
0.18,1.00E+13,30,1.00E+15,10,1,0.867,3.889e-04,98.815,2.382e-04
0.18,1.00E+13,30,1.00E+15,15,0.05,0.704,7.335e-05,93.499,5.187e-05
0.18,1.00E+13,30,1.00E+15,15,1,0.854,3.916e-04,100.545,2.379e-04
0.18,1.00E+13,30,1.00E+15,20,0.05,0.695,7.339e-05,94.256,5.187e-05
0.18,1.00E+13,30,1.00E+15,20,1,0.837,3.956e-04,103.576,2.379e-04
0.18,1.00E+13,30,1.00E+15,30,0.05,0.647,7.742e-05,102.115,5.433e-05
0.18,1.00E+13,30,1.00E+15,30,1,0.752,4.204e-04,139.432,2.406e-04
0.18,1.00E+13,30,1.00E+15,40,0.05,0.484,7.795e-05,121.156,4.388e-05
0.18,1.00E+13,30,1.00E+15,40,1,0.619,4.630e-04,298.262,2.462e-04
0.18,1.00E+13,30,1.00E+16,10,0.05,0.696,8.641e-05,98.074,5.783e-05
0.18,1.00E+13,30,1.00E+16,10,1,0.816,4.130e-04,112.095,2.452e-04
0.18,1.00E+13,30,1.00E+16,15,0.05,0.684,8.464e-05,98.062,5.651e-05
0.18,1.00E+13,30,1.00E+16,15,1,0.805,4.138e-04,114.364,2.441e-04
0.18,1.00E+13,30,1.00E+16,20,0.05,0.665,8.626e-05,100.696,5.712e-05
0.18,1.00E+13,30,1.00E+16,20,1,0.774,4.226e-04,125.975,2.449e-04
0.18,1.00E+13,30,1.00E+16,30,0.05,0.479,1.170e-04,330.705,7.197e-05
0.18,1.00E+13,30,1.00E+16,30,1,0.181,6.070e-04,2228.901,2.618e-04
0.18,1.00E+13,30,1.00E+17,10,0.05,0.456,1.380e-04,340.575,8.330e-05
0.18,1.00E+13,30,1.00E+17,10,1,0.088,6.512e-04,2200.822,2.700e-04
0.18,1.00E+13,30,1.00E+17,15,0.05,0.223,1.756e-04,1351.713,9.494e-05
0.18,1.00E+13,30,1.00E+18,10,0.05,0.263,1.675e-04,1251.358,9.232e-05
0.18,1.00E+13,50,1.00E+14,10,0.05,0.668,5.779e-05,92.575,4.725e-05
0.18,1.00E+13,50,1.00E+14,10,1,0.813,3.758e-04,98.539,2.228e-04
0.18,1.00E+13,50,1.00E+14,15,0.05,0.665,5.717e-05,92.756,4.712e-05
0.18,1.00E+13,50,1.00E+14,15,1,0.806,3.763e-04,99.553,2.222e-04
0.18,1.00E+13,50,1.00E+14,20,0.05,0.662,5.682e-05,93.18,4.709e-05
0.18,1.00E+13,50,1.00E+14,20,1,0.798,3.782e-04,101.493,2.223e-04
0.18,1.00E+13,50,1.00E+14,30,0.05,0.651,5.553e-05,94.198,4.667e-05
0.18,1.00E+13,50,1.00E+14,30,1,0.776,3.809e-04,106.259,2.211e-04
0.18,1.00E+13,50,1.00E+14,40,0.05,0.627,5.495e-05,96.466,4.513e-05
0.18,1.00E+13,50,1.00E+14,40,1,0.749,3.877e-04,115.88,2.215e-04
0.18,1.00E+13,50,1.00E+15,10,0.05,0.671,7.571e-05,94.867,5.242e-05
0.18,1.00E+13,50,1.00E+15,10,1,0.815,4.016e-04,105.484,2.383e-04
0.18,1.00E+13,50,1.00E+15,15,0.05,0.666,7.499e-05,95.345,5.218e-05
0.18,1.00E+13,50,1.00E+15,15,1,0.808,4.030e-04,107.466,2.381e-04
0.18,1.00E+13,50,1.00E+15,20,0.05,0.66,7.475e-05,96.076,5.216e-05
0.18,1.00E+13,50,1.00E+15,20,1,0.796,4.055e-04,110.927,2.379e-04
0.18,1.00E+13,50,1.00E+15,30,0.05,0.632,7.685e-05,102.504,5.384e-05
0.18,1.00E+13,50,1.00E+15,30,1,0.738,4.218e-04,142.379,2.394e-04
0.18,1.00E+13,50,1.00E+15,40,0.05,0.47,7.818e-05,124.162,4.387e-05
0.18,1.00E+13,50,1.00E+15,40,1,0.6,4.673e-04,323.751,2.459e-04
0.18,1.00E+13,50,1.00E+16,10,0.05,0.665,8.860e-05,100.673,5.852e-05
0.18,1.00E+13,50,1.00E+16,10,1,0.776,4.242e-04,122.316,2.461e-04
0.18,1.00E+13,50,1.00E+16,15,0.05,0.656,8.653e-05,100.529,5.711e-05
0.18,1.00E+13,50,1.00E+16,15,1,0.768,4.237e-04,125.065,2.447e-04
0.18,1.00E+13,50,1.00E+16,20,0.05,0.643,8.772e-05,103.29,5.762e-05
0.18,1.00E+13,50,1.00E+16,20,1,0.745,4.305e-04,137.843,2.453e-04
0.18,1.00E+13,50,1.00E+16,30,0.05,0.48,1.165e-04,321.494,7.172e-05
0.18,1.00E+13,50,1.00E+16,30,1,0.194,6.034e-04,2146.018,2.617e-04
0.18,1.00E+13,50,1.00E+17,10,0.05,0.453,1.384e-04,348.844,8.339e-05
0.18,1.00E+13,50,1.00E+17,10,1,0.075,6.550e-04,2268.885,2.702e-04
0.18,1.00E+13,50,1.00E+17,15,0.05,0.451,1.339e-04,393.957,8.053e-05
0.18,1.00E+13,50,1.00E+17,15,1,0.03,6.618e-04,2735.448,2.680e-04
0.18,1.00E+13,50,1.00E+18,10,0.05,0.258,1.680e-04,1278.334,9.238e-05
0.18,1.00E+13,70,1.00E+14,10,0.05,0.626,5.787e-05,94.291,4.527e-05
0.18,1.00E+13,70,1.00E+14,10,1,0.768,3.821e-04,106.457,2.208e-04
0.18,1.00E+13,70,1.00E+14,15,0.05,0.625,5.725e-05,94.5,4.520e-05
0.18,1.00E+13,70,1.00E+14,15,1,0.764,3.821e-04,107.675,2.203e-04
0.18,1.00E+13,70,1.00E+14,20,0.05,0.623,5.675e-05,94.996,4.520e-05
0.18,1.00E+13,70,1.00E+14,20,1,0.758,3.834e-04,109.792,2.203e-04
0.18,1.00E+13,70,1.00E+14,30,0.05,0.615,5.522e-05,96.182,4.480e-05
0.18,1.00E+13,70,1.00E+14,30,1,0.74,3.845e-04,116.53,2.187e-04
0.18,1.00E+13,70,1.00E+14,40,0.05,0.594,5.450e-05,98.984,4.350e-05
0.18,1.00E+13,70,1.00E+14,40,1,0.716,3.907e-04,129.67,2.192e-04
0.18,1.00E+13,70,1.00E+15,10,0.05,0.64,7.687e-05,97.441,5.259e-05
0.18,1.00E+13,70,1.00E+15,10,1,0.779,4.112e-04,116.601,2.390e-04
0.18,1.00E+13,70,1.00E+15,15,0.05,0.637,7.601e-05,97.917,5.231e-05
0.18,1.00E+13,70,1.00E+15,15,1,0.772,4.119e-04,119.434,2.384e-04
0.18,1.00E+13,70,1.00E+15,20,0.05,0.632,7.564e-05,98.695,5.223e-05
0.18,1.00E+13,70,1.00E+15,20,1,0.763,4.134e-04,123.514,2.380e-04
0.18,1.00E+13,70,1.00E+15,30,0.05,0.608,7.731e-05,105.948,5.284e-05
0.18,1.00E+13,70,1.00E+15,30,1,0.714,4.276e-04,163.051,2.394e-04
0.18,1.00E+13,70,1.00E+15,40,0.05,0.451,7.827e-05,129.475,4.334e-05
0.18,1.00E+13,70,1.00E+15,40,1,0.576,4.725e-04,380.824,2.455e-04
0.18,1.00E+13,70,1.00E+16,10,0.05,0.634,9.035e-05,104.23,5.829e-05
0.18,1.00E+13,70,1.00E+16,10,1,0.742,4.344e-04,138.812,2.470e-04
0.18,1.00E+13,70,1.00E+16,15,0.05,0.627,8.806e-05,104.017,5.682e-05
0.18,1.00E+13,70,1.00E+16,15,1,0.736,4.329e-04,142.725,2.455e-04
0.18,1.00E+13,70,1.00E+16,20,0.05,0.621,8.903e-05,107.013,5.794e-05
0.18,1.00E+13,70,1.00E+16,20,1,0.717,4.388e-04,158.407,2.460e-04
0.18,1.00E+13,70,1.00E+16,30,0.05,0.471,1.168e-04,330.002,7.109e-05
0.18,1.00E+13,70,1.00E+16,30,1,0.178,6.086e-04,2223.53,2.620e-04
0.18,1.00E+13,70,1.00E+17,10,0.05,0.443,1.390e-04,366.635,8.280e-05
0.18,1.00E+13,70,1.00E+17,10,1,0.051,6.631e-04,2398.497,2.707e-04
0.18,1.00E+13,70,1.00E+17,15,0.05,0.441,1.345e-04,410.13,7.993e-05
0.18,1.00E+13,70,1.00E+17,15,1,0.009,6.689e-04,2846.105,2.685e-04
0.18,1.00E+13,70,1.00E+18,10,0.05,0.245,1.687e-04,1315.333,9.156e-05
0.18,1.00E+14,10,1.00E+14,10,0.05,0.773,6.947e-05,93.16,5.244e-05
0.18,1.00E+14,10,1.00E+14,10,1,0.939,3.675e-04,95.594,2.354e-04
0.18,1.00E+14,10,1.00E+14,15,0.05,0.769,6.968e-05,93.262,5.253e-05
0.18,1.00E+14,10,1.00E+14,15,1,0.929,3.703e-04,96.135,2.357e-04
0.18,1.00E+14,10,1.00E+14,20,0.05,0.764,6.970e-05,93.277,5.251e-05
0.18,1.00E+14,10,1.00E+14,20,1,0.923,3.719e-04,96.432,2.357e-04
0.18,1.00E+14,10,1.00E+14,30,0.05,0.746,7.071e-05,93.857,5.280e-05
0.18,1.00E+14,10,1.00E+14,30,1,0.893,3.805e-04,98.77,2.368e-04
0.18,1.00E+14,10,1.00E+14,40,0.05,0.701,7.205e-05,95.525,5.172e-05
0.18,1.00E+14,10,1.00E+14,40,1,0.839,3.966e-04,105.253,2.387e-04
0.18,1.00E+14,10,1.00E+15,10,0.05,0.751,7.858e-05,94.139,5.515e-05
0.18,1.00E+14,10,1.00E+15,10,1,0.899,3.862e-04,98.9,2.411e-04
0.18,1.00E+14,10,1.00E+15,15,0.05,0.746,7.849e-05,94.253,5.509e-05
0.18,1.00E+14,10,1.00E+15,15,1,0.889,3.885e-04,99.675,2.412e-04
0.18,1.00E+14,10,1.00E+15,20,0.05,0.736,7.897e-05,94.702,5.524e-05
0.18,1.00E+14,10,1.00E+15,20,1,0.875,3.924e-04,101.327,2.414e-04
0.18,1.00E+14,10,1.00E+15,30,0.05,0.675,8.309e-05,100.005,5.637e-05
0.18,1.00E+14,10,1.00E+15,30,1,0.787,4.179e-04,122.861,2.439e-04
0.18,1.00E+14,10,1.00E+15,40,0.05,0.521,8.365e-05,113.699,4.667e-05
0.18,1.00E+14,10,1.00E+15,40,1,0.662,4.598e-04,219.598,2.502e-04
0.18,1.00E+14,10,1.00E+16,10,0.05,0.719,8.646e-05,97.212,5.836e-05
0.18,1.00E+14,10,1.00E+16,10,1,0.843,4.065e-04,107.573,2.453e-04
0.18,1.00E+14,10,1.00E+16,15,0.05,0.702,8.686e-05,98.17,5.822e-05
0.18,1.00E+14,10,1.00E+16,15,1,0.819,4.126e-04,112.419,2.454e-04
0.18,1.00E+14,10,1.00E+16,20,0.05,0.679,8.901e-05,100.972,5.904e-05
0.18,1.00E+14,10,1.00E+16,20,1,0.784,4.232e-04,123.55,2.466e-04
0.18,1.00E+14,10,1.00E+16,30,0.05,0.496,1.152e-04,273.82,7.129e-05
0.18,1.00E+14,10,1.00E+16,30,1,0.28,5.801e-04,1665.794,2.613e-04
0.18,1.00E+14,10,1.00E+17,10,0.05,0.45,1.397e-04,354.147,8.410e-05
0.18,1.00E+14,10,1.00E+17,10,1,0.068,6.584e-04,2274.699,2.707e-04
0.18,1.00E+14,10,1.00E+17,15,0.05,0.209,1.782e-04,1401.422,9.565e-05
0.18,1.00E+14,10,1.00E+18,10,0.05,0.236,1.728e-04,1359.669,9.386e-05
0.18,1.00E+14,20,1.00E+14,10,0.05,0.721,7.180e-05,95.436,5.338e-05
0.18,1.00E+14,20,1.00E+14,10,1,0.862,3.883e-04,102.242,2.371e-04
0.18,1.00E+14,20,1.00E+14,15,0.05,0.721,7.177e-05,95.503,5.339e-05
0.18,1.00E+14,20,1.00E+14,15,1,0.861,3.887e-04,102.698,2.372e-04
0.18,1.00E+14,20,1.00E+14,20,0.05,0.72,7.179e-05,95.601,5.340e-05
0.18,1.00E+14,20,1.00E+14,20,1,0.858,3.896e-04,102.947,2.374e-04
0.18,1.00E+14,20,1.00E+14,30,0.05,0.713,7.170e-05,95.905,5.332e-05
0.18,1.00E+14,20,1.00E+14,30,1,0.846,3.927e-04,104.556,2.374e-04
0.18,1.00E+14,20,1.00E+14,40,0.05,0.692,7.198e-05,96.897,5.207e-05
0.18,1.00E+14,20,1.00E+14,40,1,0.823,4.001e-04,108.713,2.386e-04
0.18,1.00E+14,20,1.00E+15,10,0.05,0.72,8.032e-05,96,5.589e-05
0.18,1.00E+14,20,1.00E+15,10,1,0.852,3.992e-04,104.737,2.423e-04
0.18,1.00E+14,20,1.00E+15,15,0.05,0.719,7.986e-05,96.019,5.574e-05
0.18,1.00E+14,20,1.00E+15,15,1,0.851,3.991e-04,104.856,2.420e-04
0.18,1.00E+14,20,1.00E+15,20,0.05,0.714,7.992e-05,96.283,5.575e-05
0.18,1.00E+14,20,1.00E+15,20,1,0.844,4.006e-04,105.795,2.420e-04
0.18,1.00E+14,20,1.00E+15,30,0.05,0.669,8.313e-05,100.896,5.664e-05
0.18,1.00E+14,20,1.00E+15,30,1,0.777,4.204e-04,126.312,2.440e-04
0.18,1.00E+14,20,1.00E+15,40,0.05,0.517,8.315e-05,113.792,4.640e-05
0.18,1.00E+14,20,1.00E+15,40,1,0.659,4.603e-04,218.005,2.501e-04
0.18,1.00E+14,20,1.00E+16,10,0.05,0.714,8.489e-05,96.723,5.737e-05
0.18,1.00E+14,20,1.00E+16,10,1,0.84,4.055e-04,107.208,2.442e-04
0.18,1.00E+14,20,1.00E+16,15,0.05,0.694,8.679e-05,98.602,5.809e-05
0.18,1.00E+14,20,1.00E+16,15,1,0.809,4.148e-04,114.571,2.453e-04
0.18,1.00E+14,20,1.00E+16,20,0.05,0.677,8.815e-05,100.606,5.855e-05
0.18,1.00E+14,20,1.00E+16,20,1,0.783,4.222e-04,123.234,2.459e-04
0.18,1.00E+14,20,1.00E+16,30,0.05,0.497,1.147e-04,270.006,7.104e-05
0.18,1.00E+14,20,1.00E+16,30,1,0.287,5.773e-04,1625.127,2.609e-04
0.18,1.00E+14,20,1.00E+17,10,0.05,0.45,1.396e-04,354.72,8.402e-05
0.18,1.00E+14,20,1.00E+17,10,1,0.067,6.583e-04,2281.75,2.706e-04
0.18,1.00E+14,20,1.00E+17,15,0.05,0.218,1.763e-04,1369.3,9.510e-05
0.18,1.00E+14,20,1.00E+18,10,0.05,0.249,1.701e-04,1311.182,9.305e-05
0.18,1.00E+14,30,1.00E+14,10,0.05,0.685,7.264e-05,98.073,5.364e-05
0.18,1.00E+14,30,1.00E+14,10,1,0.81,4.024e-04,111.709,2.381e-04
0.18,1.00E+14,30,1.00E+14,15,0.05,0.685,7.204e-05,97.992,5.348e-05
0.18,1.00E+14,30,1.00E+14,15,1,0.809,4.017e-04,111.736,2.375e-04
0.18,1.00E+14,30,1.00E+14,20,0.05,0.685,7.195e-05,98.065,5.347e-05
0.18,1.00E+14,30,1.00E+14,20,1,0.808,4.019e-04,111.999,2.376e-04
0.18,1.00E+14,30,1.00E+14,30,0.05,0.683,7.187e-05,98.394,5.345e-05
0.18,1.00E+14,30,1.00E+14,30,1,0.804,4.033e-04,113.477,2.377e-04
0.18,1.00E+14,30,1.00E+14,40,0.05,0.665,7.180e-05,99.539,5.198e-05
0.18,1.00E+14,30,1.00E+14,40,1,0.787,4.089e-04,118.467,2.388e-04
0.18,1.00E+14,30,1.00E+15,10,0.05,0.69,7.974e-05,97.962,5.565e-05
0.18,1.00E+14,30,1.00E+15,10,1,0.815,4.077e-04,111.695,2.419e-04
0.18,1.00E+14,30,1.00E+15,15,0.05,0.687,8.125e-05,98.711,5.616e-05
0.18,1.00E+14,30,1.00E+15,15,1,0.806,4.118e-04,114.829,2.431e-04
0.18,1.00E+14,30,1.00E+15,20,0.05,0.687,8.053e-05,98.512,5.593e-05
0.18,1.00E+14,30,1.00E+15,20,1,0.807,4.107e-04,114.203,2.425e-04
0.18,1.00E+14,30,1.00E+15,30,0.05,0.66,8.260e-05,102.405,5.654e-05
0.18,1.00E+14,30,1.00E+15,30,1,0.764,4.233e-04,131.315,2.439e-04
0.18,1.00E+14,30,1.00E+15,40,0.05,0.503,8.282e-05,117.125,4.606e-05
0.18,1.00E+14,30,1.00E+15,40,1,0.64,4.653e-04,242.183,2.502e-04
0.18,1.00E+14,30,1.00E+16,10,0.05,0.684,8.772e-05,99.972,5.848e-05
0.18,1.00E+14,30,1.00E+16,10,1,0.796,4.194e-04,118.791,2.461e-04
0.18,1.00E+14,30,1.00E+16,15,0.05,0.67,8.907e-05,102.378,5.906e-05
0.18,1.00E+14,30,1.00E+16,15,1,0.773,4.264e-04,127.569,2.469e-04
0.18,1.00E+14,30,1.00E+16,20,0.05,0.656,9.022e-05,105.041,5.951e-05
0.18,1.00E+14,30,1.00E+16,20,1,0.75,4.330e-04,138.421,2.475e-04
0.18,1.00E+14,30,1.00E+16,30,0.05,0.499,1.138e-04,266.88,7.051e-05
0.18,1.00E+14,30,1.00E+16,30,1,0.297,5.737e-04,1594.336,2.604e-04
0.18,1.00E+14,30,1.00E+17,10,0.05,0.52,1.218e-04,214.623,7.545e-05
0.18,1.00E+14,30,1.00E+17,10,1,0.37,5.618e-04,1047.846,2.638e-04
0.18,1.00E+14,30,1.00E+17,15,0.05,0.438,1.371e-04,434.026,8.200e-05
0.18,1.00E+14,30,1.00E+18,10,0.05,0.218,1.747e-04,1459.119,9.405e-05
0.18,1.00E+14,50,1.00E+14,10,0.05,0.627,7.337e-05,107.727,5.497e-05
0.18,1.00E+14,50,1.00E+14,10,1,0.712,4.261e-04,154.572,2.383e-04
0.18,1.00E+14,50,1.00E+14,15,0.05,0.627,7.290e-05,107.734,5.487e-05
0.18,1.00E+14,50,1.00E+14,15,1,0.711,4.257e-04,154.608,2.380e-04
0.18,1.00E+14,50,1.00E+14,20,0.05,0.626,7.250e-05,107.764,5.477e-05
0.18,1.00E+14,50,1.00E+14,20,1,0.711,4.254e-04,154.755,2.377e-04
0.18,1.00E+14,50,1.00E+14,30,0.05,0.626,7.203e-05,107.977,5.465e-05
0.18,1.00E+14,50,1.00E+14,30,1,0.71,4.253e-04,155.93,2.376e-04
0.18,1.00E+14,50,1.00E+14,40,0.05,0.614,7.154e-05,108.89,5.273e-05
0.18,1.00E+14,50,1.00E+14,40,1,0.704,4.281e-04,161.318,2.383e-04
0.18,1.00E+14,50,1.00E+15,10,0.05,0.632,8.129e-05,107.655,5.702e-05
0.18,1.00E+14,50,1.00E+15,10,1,0.72,4.327e-04,154.335,2.431e-04
0.18,1.00E+14,50,1.00E+15,15,0.05,0.632,8.155e-05,107.696,5.713e-05
0.18,1.00E+14,50,1.00E+15,15,1,0.72,4.330e-04,154.571,2.433e-04
0.18,1.00E+14,50,1.00E+15,20,0.05,0.633,8.252e-05,108.119,5.743e-05
0.18,1.00E+14,50,1.00E+15,20,1,0.719,4.345e-04,157.058,2.440e-04
0.18,1.00E+14,50,1.00E+15,30,0.05,0.621,8.384e-05,111.785,5.784e-05
0.18,1.00E+14,50,1.00E+15,30,1,0.698,4.414e-04,181.352,2.450e-04
0.18,1.00E+14,50,1.00E+15,40,0.05,0.473,8.283e-05,126.156,4.580e-05
0.18,1.00E+14,50,1.00E+15,40,1,0.593,4.770e-04,327.46,2.501e-04
0.18,1.00E+14,50,1.00E+16,10,0.05,0.635,8.686e-05,107.685,5.857e-05
0.18,1.00E+14,50,1.00E+16,10,1,0.723,4.371e-04,154.618,2.460e-04
0.18,1.00E+14,50,1.00E+16,15,0.05,0.631,9.037e-05,109.151,5.913e-05
0.18,1.00E+14,50,1.00E+16,15,1,0.715,4.424e-04,163.444,2.479e-04
0.18,1.00E+14,50,1.00E+16,20,0.05,0.626,9.204e-05,111.982,6.068e-05
0.18,1.00E+14,50,1.00E+16,20,1,0.697,4.483e-04,182.325,2.487e-04
0.18,1.00E+14,50,1.00E+16,30,0.05,0.494,1.139e-04,285.968,7.028e-05
0.18,1.00E+14,50,1.00E+16,30,1,0.264,5.823e-04,1806.06,2.605e-04
0.18,1.00E+14,50,1.00E+17,10,0.05,0.612,9.955e-05,119.125,6.356e-05
0.18,1.00E+14,50,1.00E+17,10,1,0.662,4.641e-04,222.309,2.525e-04
0.18,1.00E+14,50,1.00E+17,15,0.05,0.436,1.366e-04,446.5,8.155e-05
0.18,1.00E+14,50,1.00E+17,20,0.05,0.317,1.528e-04,1095.136,8.663e-05
0.18,1.00E+14,50,1.00E+18,10,0.05,0.389,1.453e-04,696.957,8.520e-05
0.18,1.00E+14,70,1.00E+14,10,0.05,0.543,7.316e-05,123.485,4.955e-05
0.18,1.00E+14,70,1.00E+14,10,1,0.625,4.509e-04,267.096,2.405e-04
0.18,1.00E+14,70,1.00E+14,15,0.05,0.543,7.264e-05,123.498,4.946e-05
0.18,1.00E+14,70,1.00E+14,15,1,0.624,4.504e-04,267.107,2.401e-04
0.18,1.00E+14,70,1.00E+14,20,0.05,0.543,7.210e-05,123.516,4.935e-05
0.18,1.00E+14,70,1.00E+14,20,1,0.623,4.498e-04,267.14,2.397e-04
0.18,1.00E+14,70,1.00E+14,30,0.05,0.542,7.114e-05,123.679,4.916e-05
0.18,1.00E+14,70,1.00E+14,30,1,0.621,4.489e-04,268.106,2.390e-04
0.18,1.00E+14,70,1.00E+14,40,0.05,0.53,7.026e-05,124.342,4.778e-05
0.18,1.00E+14,70,1.00E+14,40,1,0.614,4.504e-04,275.772,2.389e-04
0.18,1.00E+14,70,1.00E+15,10,0.05,0.55,8.197e-05,123.234,5.170e-05
0.18,1.00E+14,70,1.00E+15,10,1,0.636,4.595e-04,267.069,2.465e-04
0.18,1.00E+14,70,1.00E+15,15,0.05,0.55,8.210e-05,123.243,5.178e-05
0.18,1.00E+14,70,1.00E+15,15,1,0.635,4.597e-04,267.164,2.465e-04
0.18,1.00E+14,70,1.00E+15,20,0.05,0.55,8.221e-05,123.317,5.188e-05
0.18,1.00E+14,70,1.00E+15,20,1,0.635,4.599e-04,267.672,2.466e-04
0.18,1.00E+14,70,1.00E+15,30,0.05,0.548,8.439e-05,127.625,5.271e-05
0.18,1.00E+14,70,1.00E+15,30,1,0.623,4.661e-04,302.832,2.483e-04
0.18,1.00E+14,70,1.00E+15,40,0.05,0.401,8.295e-05,144.218,4.339e-05
0.18,1.00E+14,70,1.00E+15,40,1,0.507,5.004e-04,541.512,2.511e-04
0.18,1.00E+14,70,1.00E+16,10,0.05,0.555,8.839e-05,123.143,5.352e-05
0.18,1.00E+14,70,1.00E+16,10,1,0.641,4.653e-04,267.937,2.503e-04
0.18,1.00E+14,70,1.00E+16,15,0.05,0.557,8.969e-05,123.337,5.403e-05
0.18,1.00E+14,70,1.00E+16,15,1,0.64,4.667e-04,269.797,2.510e-04
0.18,1.00E+14,70,1.00E+16,20,0.05,0.556,9.314e-05,125.673,5.532e-05
0.18,1.00E+14,70,1.00E+16,20,1,0.631,4.725e-04,288.93,2.528e-04
0.18,1.00E+14,70,1.00E+16,30,0.05,0.497,1.047e-04,194.881,6.053e-05
0.18,1.00E+14,70,1.00E+16,30,1,0.43,5.364e-04,1005.65,2.591e-04
0.18,1.00E+14,70,1.00E+17,10,0.05,0.56,9.492e-05,124.603,5.587e-05
0.18,1.00E+14,70,1.00E+17,10,1,0.637,4.726e-04,279.506,2.537e-04
0.18,1.00E+14,70,1.00E+17,15,0.05,0.502,1.132e-04,191.707,6.512e-05
0.18,1.00E+14,70,1.00E+17,15,1,0.421,5.470e-04,945.854,2.631e-04
0.18,1.00E+14,70,1.00E+17,20,0.05,0.252,1.526e-04,1162.565,7.906e-05
0.18,1.00E+14,70,1.00E+18,10,0.05,0.426,1.308e-04,393.939,7.256e-05
0.18,1.00E+14,70,1.00E+18,10,1,0.033,6.671e-04,2920.349,2.704e-04
0.18,1.00E+15,10,1.00E+14,10,0.05,0.771,8.271e-05,95.521,5.744e-05
0.18,1.00E+15,10,1.00E+14,10,1,0.924,3.841e-04,99.275,2.436e-04
0.18,1.00E+15,10,1.00E+14,15,0.05,0.768,8.326e-05,95.38,5.769e-05
0.18,1.00E+15,10,1.00E+14,15,1,0.919,3.864e-04,99.778,2.444e-04
0.18,1.00E+15,10,1.00E+14,20,0.05,0.763,8.386e-05,95.574,5.794e-05
0.18,1.00E+15,10,1.00E+14,20,1,0.907,3.895e-04,100.449,2.444e-04
0.18,1.00E+15,10,1.00E+14,30,0.05,0.749,8.517e-05,96.143,5.846e-05
0.18,1.00E+15,10,1.00E+14,30,1,0.883,3.971e-04,102.66,2.455e-04
0.18,1.00E+15,10,1.00E+14,40,0.05,0.721,8.652e-05,97.332,5.754e-05
0.18,1.00E+15,10,1.00E+14,40,1,0.849,4.088e-04,107.023,2.475e-04
0.18,1.00E+15,10,1.00E+15,10,0.05,0.749,8.683e-05,96.271,5.892e-05
0.18,1.00E+15,10,1.00E+15,10,1,0.882,3.984e-04,102.891,2.462e-04
0.18,1.00E+15,10,1.00E+15,15,0.05,0.746,8.683e-05,96.299,5.889e-05
0.18,1.00E+15,10,1.00E+15,15,1,0.879,3.991e-04,103.078,2.462e-04
0.18,1.00E+15,10,1.00E+15,20,0.05,0.739,8.736e-05,96.661,5.908e-05
0.18,1.00E+15,10,1.00E+15,20,1,0.866,4.027e-04,104.727,2.465e-04
0.18,1.00E+15,10,1.00E+15,30,0.05,0.689,9.163e-05,101.444,6.090e-05
0.18,1.00E+15,10,1.00E+15,30,1,0.789,4.264e-04,122.184,2.491e-04
0.18,1.00E+15,10,1.00E+15,40,0.05,0.546,9.118e-05,111.733,5.005e-05
0.18,1.00E+15,10,1.00E+15,40,1,0.675,4.669e-04,192.676,2.558e-04
0.18,1.00E+15,10,1.00E+16,10,0.05,0.726,9.025e-05,98.02,6.063e-05
0.18,1.00E+15,10,1.00E+16,10,1,0.843,4.108e-04,108.406,2.480e-04
0.18,1.00E+15,10,1.00E+16,15,0.05,0.7,9.253e-05,100.7,6.137e-05
0.18,1.00E+15,10,1.00E+16,15,1,0.804,4.229e-04,117.587,2.493e-04
0.18,1.00E+15,10,1.00E+16,20,0.05,0.679,9.415e-05,103.373,6.183e-05
0.18,1.00E+15,10,1.00E+16,20,1,0.772,4.321e-04,128.372,2.501e-04
0.18,1.00E+15,10,1.00E+16,30,0.05,0.504,1.164e-04,254.485,7.174e-05
0.18,1.00E+15,10,1.00E+16,30,1,0.32,5.712e-04,1467.61,2.620e-04
0.18,1.00E+15,10,1.00E+17,10,0.05,0.458,1.387e-04,333.052,8.369e-05
0.18,1.00E+15,10,1.00E+17,10,1,0.098,6.497e-04,2137.63,2.705e-04
0.18,1.00E+15,10,1.00E+17,15,0.05,0.202,1.771e-04,1468.386,9.488e-05
0.18,1.00E+15,10,1.00E+18,10,0.05,0.26,1.682e-04,1266.247,9.251e-05
0.18,1.00E+15,20,1.00E+14,10,0.05,0.715,8.880e-05,100.848,6.108e-05
0.18,1.00E+15,20,1.00E+14,10,1,0.827,4.145e-04,111.953,2.477e-04
0.18,1.00E+15,20,1.00E+14,15,0.05,0.715,8.894e-05,100.98,6.116e-05
0.18,1.00E+15,20,1.00E+14,15,1,0.825,4.151e-04,112.296,2.479e-04
0.18,1.00E+15,20,1.00E+14,20,0.05,0.713,8.938e-05,101.323,6.137e-05
0.18,1.00E+15,20,1.00E+14,20,1,0.82,4.167e-04,113.371,2.481e-04
0.18,1.00E+15,20,1.00E+14,30,0.05,0.707,9.047e-05,102.212,6.183e-05
0.18,1.00E+15,20,1.00E+14,30,1,0.807,4.213e-04,116.926,2.489e-04
0.18,1.00E+15,20,1.00E+14,40,0.05,0.686,9.132e-05,103.65,6.024e-05
0.18,1.00E+15,20,1.00E+14,40,1,0.788,4.300e-04,123.593,2.511e-04
0.18,1.00E+15,20,1.00E+15,10,0.05,0.714,9.044e-05,100.983,6.153e-05
0.18,1.00E+15,20,1.00E+15,10,1,0.824,4.166e-04,112.687,2.485e-04
0.18,1.00E+15,20,1.00E+15,15,0.05,0.701,9.252e-05,102.876,6.242e-05
0.18,1.00E+15,20,1.00E+15,15,1,0.797,4.255e-04,119.875,2.499e-04
0.18,1.00E+15,20,1.00E+15,20,0.05,0.703,9.194e-05,102.382,6.212e-05
0.18,1.00E+15,20,1.00E+15,20,1,0.802,4.235e-04,117.989,2.494e-04
0.18,1.00E+15,20,1.00E+15,30,0.05,0.671,9.493e-05,106.426,6.302e-05
0.18,1.00E+15,20,1.00E+15,30,1,0.751,4.392e-04,137.559,2.511e-04
0.18,1.00E+15,20,1.00E+15,40,0.05,0.522,9.412e-05,117.679,5.106e-05
0.18,1.00E+15,20,1.00E+15,40,1,0.633,4.814e-04,235.012,2.579e-04
0.18,1.00E+15,20,1.00E+16,10,0.05,0.687,9.517e-05,104.5,6.322e-05
0.18,1.00E+15,20,1.00E+16,10,1,0.774,4.331e-04,127.218,2.509e-04
0.18,1.00E+15,20,1.00E+16,15,0.05,0.657,9.851e-05,109.425,6.454e-05
0.18,1.00E+15,20,1.00E+16,15,1,0.726,4.481e-04,150.248,2.526e-04
0.18,1.00E+15,20,1.00E+16,20,0.05,0.645,9.915e-05,111.484,6.462e-05
0.18,1.00E+15,20,1.00E+16,20,1,0.708,4.528e-04,163.077,2.527e-04
0.18,1.00E+15,20,1.00E+16,30,0.05,0.478,1.222e-04,316.455,7.475e-05
0.18,1.00E+15,20,1.00E+16,30,1,0.185,6.123e-04,2101.221,2.645e-04
0.18,1.00E+15,20,1.00E+17,10,0.05,0.518,1.242e-04,215.354,7.678e-05
0.18,1.00E+15,20,1.00E+17,10,1,0.362,5.670e-04,1046.289,2.652e-04
0.18,1.00E+15,20,1.00E+17,15,0.05,0.424,1.401e-04,482.948,8.333e-05
0.18,1.00E+15,20,1.00E+18,10,0.05,0.226,1.741e-04,1413.168,9.405e-05
0.18,1.00E+15,30,1.00E+14,10,0.05,0.671,9.174e-05,106.227,6.214e-05
0.18,1.00E+15,30,1.00E+14,10,1,0.757,4.345e-04,133.06,2.493e-04
0.18,1.00E+15,30,1.00E+14,15,0.05,0.67,9.168e-05,106.25,6.213e-05
0.18,1.00E+15,30,1.00E+14,15,1,0.757,4.345e-04,133.19,2.493e-04
0.18,1.00E+15,30,1.00E+14,20,0.05,0.67,9.175e-05,106.334,6.216e-05
0.18,1.00E+15,30,1.00E+14,20,1,0.756,4.348e-04,133.709,2.493e-04
0.18,1.00E+15,30,1.00E+14,30,0.05,0.668,9.239e-05,106.809,6.243e-05
0.18,1.00E+15,30,1.00E+14,30,1,0.751,4.368e-04,136.025,2.498e-04
0.18,1.00E+15,30,1.00E+14,40,0.05,0.653,9.302e-05,108.175,6.079e-05
0.18,1.00E+15,30,1.00E+14,40,1,0.738,4.433e-04,143.55,2.515e-04
0.18,1.00E+15,30,1.00E+15,10,0.05,0.671,9.315e-05,106.185,6.250e-05
0.18,1.00E+15,30,1.00E+15,10,1,0.758,4.353e-04,133.035,2.499e-04
0.18,1.00E+15,30,1.00E+15,15,0.05,0.67,9.348e-05,106.396,6.262e-05
0.18,1.00E+15,30,1.00E+15,15,1,0.755,4.363e-04,134.369,2.501e-04
0.18,1.00E+15,30,1.00E+15,20,0.05,0.663,9.487e-05,107.763,6.319e-05
0.18,1.00E+15,30,1.00E+15,20,1,0.741,4.414e-04,141.597,2.509e-04
0.18,1.00E+15,30,1.00E+15,30,0.05,0.641,9.728e-05,112.419,6.405e-05
0.18,1.00E+15,30,1.00E+15,30,1,0.705,4.529e-04,166.6,2.523e-04
0.18,1.00E+15,30,1.00E+15,40,0.05,0.497,9.562e-05,125.053,5.147e-05
0.18,1.00E+15,30,1.00E+15,40,1,0.596,4.924e-04,289.22,2.587e-04
0.18,1.00E+15,30,1.00E+16,10,0.05,0.67,9.472e-05,106.446,6.295e-05
0.18,1.00E+15,30,1.00E+16,10,1,0.754,4.374e-04,134.809,2.506e-04
0.18,1.00E+15,30,1.00E+16,15,0.05,0.643,9.897e-05,111.925,6.467e-05
0.18,1.00E+15,30,1.00E+16,15,1,0.707,4.533e-04,163.819,2.528e-04
0.18,1.00E+15,30,1.00E+16,20,0.05,0.62,1.015e-04,119.037,6.576e-05
0.18,1.00E+15,30,1.00E+16,20,1,0.668,4.655e-04,200.929,2.540e-04
0.18,1.00E+15,30,1.00E+16,30,0.05,0.468,1.237e-04,347.785,7.548e-05
0.18,1.00E+15,30,1.00E+16,30,1,0.132,6.274e-04,2382.929,2.649e-04
0.18,1.00E+15,30,1.00E+17,10,0.05,0.613,1.051e-04,123.575,6.729e-05
0.18,1.00E+15,30,1.00E+17,10,1,0.646,4.742e-04,224.177,2.558e-04
0.18,1.00E+15,30,1.00E+17,15,0.05,0.434,1.393e-04,438.609,8.308e-05
0.18,1.00E+15,30,1.00E+17,20,0.05,0.291,1.583e-04,1203.122,8.873e-05
0.18,1.00E+15,30,1.00E+18,10,0.05,0.383,1.478e-04,701.122,8.656e-05
0.18,1.00E+15,50,1.00E+14,10,0.05,0.587,9.827e-05,133.114,6.487e-05
0.18,1.00E+15,50,1.00E+14,10,1,0.605,4.819e-04,291.193,2.543e-04
0.18,1.00E+15,50,1.00E+14,15,0.05,0.587,9.820e-05,133.182,6.486e-05
0.18,1.00E+15,50,1.00E+14,15,1,0.604,4.820e-04,291.821,2.543e-04
0.18,1.00E+15,50,1.00E+14,20,0.05,0.586,9.815e-05,133.316,6.485e-05
0.18,1.00E+15,50,1.00E+14,20,1,0.604,4.821e-04,293.076,2.543e-04
0.18,1.00E+15,50,1.00E+14,30,0.05,0.585,9.824e-05,134.052,6.489e-05
0.18,1.00E+15,50,1.00E+14,30,1,0.601,4.831e-04,299.923,2.543e-04
0.18,1.00E+15,50,1.00E+14,40,0.05,0.571,9.830e-05,136.085,6.296e-05
0.18,1.00E+15,50,1.00E+14,40,1,0.589,4.882e-04,325.078,2.554e-04
0.18,1.00E+15,50,1.00E+15,10,0.05,0.588,9.997e-05,132.76,6.528e-05
0.18,1.00E+15,50,1.00E+15,10,1,0.607,4.828e-04,288.711,2.550e-04
0.18,1.00E+15,50,1.00E+15,15,0.05,0.587,1.002e-04,133.267,6.536e-05
0.18,1.00E+15,50,1.00E+15,15,1,0.604,4.836e-04,293.537,2.551e-04
0.18,1.00E+15,50,1.00E+15,20,0.05,0.585,1.006e-04,134.658,6.553e-05
0.18,1.00E+15,50,1.00E+15,20,1,0.598,4.856e-04,306.715,2.553e-04
0.18,1.00E+15,50,1.00E+15,30,0.05,0.584,1.001e-04,134.184,6.530e-05
0.18,1.00E+15,50,1.00E+15,30,1,0.598,4.849e-04,305.076,2.550e-04
0.18,1.00E+15,50,1.00E+15,40,0.05,0.418,1.009e-04,167.981,5.290e-05
0.18,1.00E+15,50,1.00E+15,40,1,0.429,5.412e-04,753.264,2.613e-04
0.18,1.00E+15,50,1.00E+16,10,0.05,0.589,1.018e-04,132.437,6.573e-05
0.18,1.00E+15,50,1.00E+16,10,1,0.608,4.838e-04,287.287,2.558e-04
0.18,1.00E+15,50,1.00E+16,15,0.05,0.583,1.034e-04,135.903,6.638e-05
0.18,1.00E+15,50,1.00E+16,15,1,0.591,4.895e-04,321.102,2.565e-04
0.18,1.00E+15,50,1.00E+16,20,0.05,0.548,1.099e-04,163.75,6.907e-05
0.18,1.00E+15,50,1.00E+16,20,1,0.497,5.195e-04,589.933,2.594e-04
0.18,1.00E+15,50,1.00E+16,30,0.05,0.46,1.230e-04,358.847,7.417e-05
0.18,1.00E+15,50,1.00E+16,30,1,0.115,6.322e-04,2465.871,2.651e-04
0.18,1.00E+15,50,1.00E+17,10,0.05,0.581,1.061e-04,137.963,6.733e-05
0.18,1.00E+15,50,1.00E+17,10,1,0.581,4.941e-04,342.817,2.575e-04
0.18,1.00E+15,50,1.00E+17,15,0.05,0.472,1.286e-04,308.432,7.735e-05
0.18,1.00E+15,50,1.00E+17,15,1,0.165,6.238e-04,2014.311,2.671e-04
0.18,1.00E+15,50,1.00E+17,20,0.05,0.17,1.725e-04,1831.733,9.010e-05
0.18,1.00E+15,50,1.00E+18,10,0.05,0.384,1.450e-04,679.768,8.410e-05
0.18,1.00E+15,70,1.00E+14,10,0.05,0.173,9.183e-05,194.892,4.044e-05
0.18,1.00E+15,70,1.00E+14,10,1,0.253,5.844e-04,1103.486,2.601e-04
0.18,1.00E+15,70,1.00E+14,15,0.05,0.172,9.177e-05,195.056,4.041e-05
0.18,1.00E+15,70,1.00E+14,15,1,0.252,5.845e-04,1105.498,2.601e-04
0.18,1.00E+15,70,1.00E+14,20,0.05,0.171,9.174e-05,195.407,4.038e-05
0.18,1.00E+15,70,1.00E+14,20,1,0.251,5.848e-04,1109.585,2.600e-04
0.18,1.00E+15,70,1.00E+14,30,0.05,0.168,9.169e-05,196.59,4.032e-05
0.18,1.00E+15,70,1.00E+14,30,1,0.247,5.858e-04,1123.655,2.599e-04
0.18,1.00E+15,70,1.00E+14,40,0.05,0.155,9.005e-05,193.587,3.942e-05
0.18,1.00E+15,70,1.00E+14,40,1,0.254,5.813e-04,1076.714,2.588e-04
0.18,1.00E+15,70,1.00E+15,10,0.05,0.19,9.378e-05,195.065,4.143e-05
0.18,1.00E+15,70,1.00E+15,10,1,0.259,5.860e-04,1093.287,2.616e-04
0.18,1.00E+15,70,1.00E+15,15,0.05,0.189,9.401e-05,196.353,4.150e-05
0.18,1.00E+15,70,1.00E+15,15,1,0.255,5.875e-04,1108.079,2.617e-04
0.18,1.00E+15,70,1.00E+15,20,0.05,0.186,9.443e-05,199.3,4.162e-05
0.18,1.00E+15,70,1.00E+15,20,1,0.244,5.908e-04,1142.953,2.619e-04
0.18,1.00E+15,70,1.00E+15,30,0.05,0.188,9.331e-05,193.446,4.121e-05
0.18,1.00E+15,70,1.00E+15,30,1,0.261,5.847e-04,1081.002,2.612e-04
0.18,1.00E+15,70,1.00E+15,40,0.05,0.075,9.335e-05,252.643,3.901e-05
0.18,1.00E+15,70,1.00E+15,40,1,0.147,6.127e-04,1319.105,2.604e-04
0.18,1.00E+15,70,1.00E+16,10,0.05,0.213,9.604e-05,195.518,4.265e-05
0.18,1.00E+15,70,1.00E+16,10,1,0.268,5.874e-04,1077.506,2.631e-04
0.18,1.00E+15,70,1.00E+16,15,0.05,0.212,9.728e-05,200.032,4.317e-05
0.18,1.00E+15,70,1.00E+16,15,1,0.253,5.929e-04,1126.667,2.638e-04
0.18,1.00E+15,70,1.00E+16,20,0.05,0.195,1.002e-04,218.255,4.415e-05
0.18,1.00E+15,70,1.00E+16,20,1,0.186,6.139e-04,1347.631,2.653e-04
0.18,1.00E+15,70,1.00E+16,30,0.05,0.191,9.901e-05,216.345,4.353e-05
0.18,1.00E+15,70,1.00E+16,30,1,0.188,6.117e-04,1348.308,2.645e-04
0.18,1.00E+15,70,1.00E+17,10,0.05,0.228,9.867e-05,199.239,4.402e-05
0.18,1.00E+15,70,1.00E+17,10,1,0.261,5.926e-04,1103.05,2.647e-04
0.18,1.00E+15,70,1.00E+17,15,0.05,0.174,1.086e-04,263.191,4.730e-05
0.18,1.00E+15,70,1.00E+17,15,1,0.046,6.603e-04,1860.237,2.691e-04
0.18,1.00E+15,70,1.00E+18,10,0.05,0.085,1.195e-04,409.994,5.013e-05
0.36,1.00E+11,10,1.00E+14,10,0.05,0.854,1.709e-05,86.372,1.186e-05
0.36,1.00E+11,10,1.00E+14,10,1,1.093,1.246e-04,84.205,9.104e-05
0.36,1.00E+11,10,1.00E+14,15,0.05,0.844,1.878e-05,86.119,1.415e-05
0.36,1.00E+11,10,1.00E+14,15,1,1.066,1.404e-04,84.04,1.012e-04
0.36,1.00E+11,10,1.00E+14,20,0.05,0.839,1.998e-05,85.95,1.558e-05
0.36,1.00E+11,10,1.00E+14,20,1,1.064,1.534e-04,83.756,1.110e-04
0.36,1.00E+11,10,1.00E+14,30,0.05,0.839,2.126e-05,85.663,1.736e-05
0.36,1.00E+11,10,1.00E+14,30,1,1.078,1.724e-04,83.387,1.254e-04
0.36,1.00E+11,10,1.00E+14,40,0.05,0.829,2.245e-05,85.264,1.855e-05
0.36,1.00E+11,10,1.00E+14,40,1,1.103,1.970e-04,82.596,1.430e-04
0.36,1.00E+11,10,1.00E+15,10,0.05,0.857,2.862e-05,85.61,2.158e-05
0.36,1.00E+11,10,1.00E+15,10,1,1.159,2.172e-04,82.904,1.622e-04
0.36,1.00E+11,10,1.00E+15,15,0.05,0.855,2.914e-05,85.449,2.201e-05
0.36,1.00E+11,10,1.00E+15,15,1,1.159,2.213e-04,82.718,1.652e-04
0.36,1.00E+11,10,1.00E+15,20,0.05,0.853,3.028e-05,85.264,2.276e-05
0.36,1.00E+11,10,1.00E+15,20,1,1.163,2.279e-04,82.498,1.705e-04
0.36,1.00E+11,10,1.00E+15,30,0.05,0.845,3.277e-05,84.89,2.439e-05
0.36,1.00E+11,10,1.00E+15,30,1,1.155,2.431e-04,81.86,1.807e-04
0.36,1.00E+11,10,1.00E+15,40,0.05,0.744,3.371e-05,82.534,2.117e-05
0.36,1.00E+11,10,1.00E+15,40,1,1.095,2.637e-04,80.092,1.876e-04
0.36,1.00E+11,10,1.00E+16,10,0.05,0.859,3.382e-05,85.499,2.441e-05
0.36,1.00E+11,10,1.00E+16,10,1,1.192,2.384e-04,82.484,1.823e-04
0.36,1.00E+11,10,1.00E+16,15,0.05,0.851,3.640e-05,85.049,2.618e-05
0.36,1.00E+11,10,1.00E+16,15,1,1.174,2.506e-04,82.093,1.890e-04
0.36,1.00E+11,10,1.00E+16,20,0.05,0.846,3.685e-05,84.85,2.649e-05
0.36,1.00E+11,10,1.00E+16,20,1,1.164,2.539e-04,81.857,1.900e-04
0.36,1.00E+11,10,1.00E+16,30,0.05,0.828,3.939e-05,84.047,2.799e-05
0.36,1.00E+11,10,1.00E+16,30,1,1.125,2.686e-04,80.915,1.953e-04
0.36,1.00E+11,10,1.00E+16,40,0.05,0.157,3.709e-05,1367.547,1.584e-05
0.36,1.00E+11,10,1.00E+16,40,1,0.447,3.710e-04,1052.713,1.807e-04
0.36,1.00E+11,10,1.00E+17,10,0.05,0.833,4.148e-05,84.33,2.930e-05
0.36,1.00E+11,10,1.00E+17,10,1,1.128,2.726e-04,81.313,1.986e-04
0.36,1.00E+11,10,1.00E+17,15,0.05,0.823,4.239e-05,83.995,2.994e-05
0.36,1.00E+11,10,1.00E+17,15,1,1.105,2.796e-04,80.952,2.004e-04
0.36,1.00E+11,10,1.00E+17,20,0.05,0.812,4.390e-05,83.423,3.094e-05
0.36,1.00E+11,10,1.00E+17,20,1,1.083,2.873e-04,80.471,2.027e-04
0.36,1.00E+11,10,1.00E+17,30,0.05,0.779,4.503e-05,82.669,3.032e-05
0.36,1.00E+11,10,1.00E+17,30,1,1.043,3.003e-04,80.015,2.062e-04
0.36,1.00E+11,10,1.00E+18,10,0.05,0.816,4.426e-05,84.096,3.117e-05
0.36,1.00E+11,10,1.00E+18,10,1,1.089,2.871e-04,80.687,2.035e-04
0.36,1.00E+11,10,1.00E+18,15,0.05,0.803,4.546e-05,83.111,3.194e-05
0.36,1.00E+11,10,1.00E+18,15,1,1.063,2.951e-04,80.247,2.054e-04
0.36,1.00E+11,10,1.00E+18,20,0.05,0.784,4.802e-05,82.763,3.362e-05
0.36,1.00E+11,10,1.00E+18,20,1,1.022,3.088e-04,80.367,2.090e-04
0.36,1.00E+11,10,1.00E+18,30,0.05,0.597,4.931e-05,83.734,2.695e-05
0.36,1.00E+11,10,1.00E+18,30,1,0.882,3.517e-04,89.598,2.174e-04
0.36,1.00E+11,20,1.00E+14,10,0.05,0.86,1.712e-05,86.323,1.186e-05
0.36,1.00E+11,20,1.00E+14,10,1,1.098,1.236e-04,84.175,9.047e-05
0.36,1.00E+11,20,1.00E+14,15,0.05,0.842,1.882e-05,86.132,1.389e-05
0.36,1.00E+11,20,1.00E+14,15,1,1.066,1.394e-04,84.037,1.002e-04
0.36,1.00E+11,20,1.00E+14,20,0.05,0.839,2.003e-05,85.938,1.555e-05
0.36,1.00E+11,20,1.00E+14,20,1,1.061,1.524e-04,83.766,1.100e-04
0.36,1.00E+11,20,1.00E+14,30,0.05,0.838,2.131e-05,85.647,1.736e-05
0.36,1.00E+11,20,1.00E+14,30,1,1.075,1.715e-04,83.393,1.246e-04
0.36,1.00E+11,20,1.00E+14,40,0.05,0.829,2.248e-05,85.258,1.856e-05
0.36,1.00E+11,20,1.00E+14,40,1,1.101,1.966e-04,82.597,1.425e-04
0.36,1.00E+11,20,1.00E+15,10,0.05,0.857,2.868e-05,85.602,2.161e-05
0.36,1.00E+11,20,1.00E+15,10,1,1.157,2.171e-04,82.905,1.620e-04
0.36,1.00E+11,20,1.00E+15,15,0.05,0.855,2.920e-05,85.442,2.204e-05
0.36,1.00E+11,20,1.00E+15,15,1,1.158,2.212e-04,82.717,1.650e-04
0.36,1.00E+11,20,1.00E+15,20,0.05,0.853,3.033e-05,85.255,2.279e-05
0.36,1.00E+11,20,1.00E+15,20,1,1.162,2.278e-04,82.493,1.703e-04
0.36,1.00E+11,20,1.00E+15,30,0.05,0.845,3.279e-05,84.883,2.441e-05
0.36,1.00E+11,20,1.00E+15,30,1,1.154,2.431e-04,81.857,1.806e-04
0.36,1.00E+11,20,1.00E+15,40,0.05,0.744,3.372e-05,82.53,2.118e-05
0.36,1.00E+11,20,1.00E+15,40,1,1.094,2.636e-04,80.089,1.876e-04
0.36,1.00E+11,20,1.00E+16,10,0.05,0.859,3.385e-05,85.49,2.443e-05
0.36,1.00E+11,20,1.00E+16,10,1,1.192,2.385e-04,82.476,1.823e-04
0.36,1.00E+11,20,1.00E+16,15,0.05,0.851,3.642e-05,85.059,2.620e-05
0.36,1.00E+11,20,1.00E+16,15,1,1.174,2.506e-04,82.09,1.890e-04
0.36,1.00E+11,20,1.00E+16,20,0.05,0.846,3.687e-05,84.845,2.650e-05
0.36,1.00E+11,20,1.00E+16,20,1,1.164,2.539e-04,81.855,1.900e-04
0.36,1.00E+11,20,1.00E+16,30,0.05,0.828,3.940e-05,84.045,2.800e-05
0.36,1.00E+11,20,1.00E+16,30,1,1.125,2.686e-04,80.914,1.953e-04
0.36,1.00E+11,20,1.00E+16,40,0.05,0.157,3.709e-05,1367.554,1.584e-05
0.36,1.00E+11,20,1.00E+16,40,1,0.447,3.710e-04,1052.695,1.807e-04
0.36,1.00E+11,20,1.00E+17,10,0.05,0.833,4.148e-05,84.331,2.930e-05
0.36,1.00E+11,20,1.00E+17,10,1,1.128,2.726e-04,81.314,1.986e-04
0.36,1.00E+11,20,1.00E+17,15,0.05,0.823,4.239e-05,83.996,2.994e-05
0.36,1.00E+11,20,1.00E+17,15,1,1.105,2.796e-04,80.954,2.004e-04
0.36,1.00E+11,20,1.00E+17,20,0.05,0.812,4.390e-05,83.423,3.094e-05
0.36,1.00E+11,20,1.00E+17,20,1,1.083,2.873e-04,80.471,2.027e-04
0.36,1.00E+11,20,1.00E+17,30,0.05,0.779,4.503e-05,82.669,3.032e-05
0.36,1.00E+11,20,1.00E+17,30,1,1.043,3.003e-04,80.015,2.062e-04
0.36,1.00E+11,20,1.00E+18,10,0.05,0.816,4.426e-05,84.098,3.117e-05
0.36,1.00E+11,20,1.00E+18,10,1,1.089,2.871e-04,80.688,2.035e-04
0.36,1.00E+11,20,1.00E+18,15,0.05,0.803,4.546e-05,83.111,3.194e-05
0.36,1.00E+11,20,1.00E+18,15,1,1.063,2.951e-04,80.247,2.054e-04
0.36,1.00E+11,20,1.00E+18,20,0.05,0.784,4.802e-05,82.763,3.362e-05
0.36,1.00E+11,20,1.00E+18,20,1,1.022,3.088e-04,80.367,2.090e-04
0.36,1.00E+11,20,1.00E+18,30,0.05,0.597,4.931e-05,83.734,2.695e-05
0.36,1.00E+11,20,1.00E+18,30,1,0.882,3.517e-04,89.6,2.174e-04
0.36,1.00E+11,30,1.00E+14,10,0.05,0.865,1.706e-05,86.301,1.180e-05
0.36,1.00E+11,30,1.00E+14,10,1,1.102,1.226e-04,84.159,9.000e-05
0.36,1.00E+11,30,1.00E+14,15,0.05,0.842,1.878e-05,86.132,1.377e-05
0.36,1.00E+11,30,1.00E+14,15,1,1.067,1.385e-04,84.031,9.955e-05
0.36,1.00E+11,30,1.00E+14,20,0.05,0.839,2.000e-05,85.939,1.547e-05
0.36,1.00E+11,30,1.00E+14,20,1,1.06,1.516e-04,83.773,1.092e-04
0.36,1.00E+11,30,1.00E+14,30,0.05,0.838,2.129e-05,85.638,1.731e-05
0.36,1.00E+11,30,1.00E+14,30,1,1.074,1.708e-04,83.398,1.239e-04
0.36,1.00E+11,30,1.00E+14,40,0.05,0.829,2.247e-05,85.256,1.853e-05
0.36,1.00E+11,30,1.00E+14,40,1,1.1,1.962e-04,82.599,1.422e-04
0.36,1.00E+11,30,1.00E+15,10,0.05,0.857,2.867e-05,85.6,2.160e-05
0.36,1.00E+11,30,1.00E+15,10,1,1.157,2.169e-04,82.907,1.617e-04
0.36,1.00E+11,30,1.00E+15,15,0.05,0.855,2.919e-05,85.44,2.202e-05
0.36,1.00E+11,30,1.00E+15,15,1,1.157,2.210e-04,82.717,1.648e-04
0.36,1.00E+11,30,1.00E+15,20,0.05,0.853,3.033e-05,85.251,2.278e-05
0.36,1.00E+11,30,1.00E+15,20,1,1.161,2.277e-04,82.49,1.702e-04
0.36,1.00E+11,30,1.00E+15,30,0.05,0.845,3.279e-05,84.879,2.441e-05
0.36,1.00E+11,30,1.00E+15,30,1,1.154,2.430e-04,81.854,1.805e-04
0.36,1.00E+11,30,1.00E+15,40,0.05,0.744,3.372e-05,82.527,2.117e-05
0.36,1.00E+11,30,1.00E+15,40,1,1.094,2.636e-04,80.054,1.875e-04
0.36,1.00E+11,30,1.00E+16,10,0.05,0.859,3.386e-05,85.484,2.443e-05
0.36,1.00E+11,30,1.00E+16,10,1,1.191,2.385e-04,82.474,1.822e-04
0.36,1.00E+11,30,1.00E+16,15,0.05,0.851,3.643e-05,85.055,2.620e-05
0.36,1.00E+11,30,1.00E+16,15,1,1.174,2.506e-04,82.087,1.890e-04
0.36,1.00E+11,30,1.00E+16,20,0.05,0.846,3.687e-05,84.839,2.651e-05
0.36,1.00E+11,30,1.00E+16,20,1,1.163,2.539e-04,81.852,1.900e-04
0.36,1.00E+11,30,1.00E+16,30,0.05,0.828,3.941e-05,84.044,2.800e-05
0.36,1.00E+11,30,1.00E+16,30,1,1.125,2.686e-04,80.913,1.953e-04
0.36,1.00E+11,30,1.00E+16,40,0.05,0.157,3.709e-05,1367.596,1.584e-05
0.36,1.00E+11,30,1.00E+16,40,1,0.447,3.710e-04,1052.724,1.807e-04
0.36,1.00E+11,30,1.00E+17,10,0.05,0.833,4.148e-05,84.331,2.930e-05
0.36,1.00E+11,30,1.00E+17,10,1,1.128,2.726e-04,81.314,1.986e-04
0.36,1.00E+11,30,1.00E+17,15,0.05,0.823,4.239e-05,83.996,2.994e-05
0.36,1.00E+11,30,1.00E+17,15,1,1.105,2.796e-04,80.954,2.004e-04
0.36,1.00E+11,30,1.00E+17,20,0.05,0.812,4.390e-05,83.422,3.095e-05
0.36,1.00E+11,30,1.00E+17,20,1,1.083,2.873e-04,80.471,2.027e-04
0.36,1.00E+11,30,1.00E+17,30,0.05,0.779,4.503e-05,82.669,3.032e-05
0.36,1.00E+11,30,1.00E+17,30,1,1.043,3.003e-04,80.015,2.062e-04
0.36,1.00E+11,30,1.00E+18,10,0.05,0.816,4.426e-05,84.098,3.117e-05
0.36,1.00E+11,30,1.00E+18,10,1,1.089,2.871e-04,80.687,2.035e-04
0.36,1.00E+11,30,1.00E+18,15,0.05,0.803,4.546e-05,83.111,3.194e-05
0.36,1.00E+11,30,1.00E+18,15,1,1.063,2.951e-04,80.247,2.054e-04
0.36,1.00E+11,30,1.00E+18,20,0.05,0.784,4.802e-05,82.763,3.362e-05
0.36,1.00E+11,30,1.00E+18,20,1,1.022,3.088e-04,80.367,2.090e-04
0.36,1.00E+11,30,1.00E+18,30,0.05,0.597,4.931e-05,83.734,2.695e-05
0.36,1.00E+11,30,1.00E+18,30,1,0.882,3.517e-04,89.599,2.174e-04
0.36,1.00E+11,50,1.00E+14,10,0.05,0.872,1.696e-05,86.275,1.171e-05
0.36,1.00E+11,50,1.00E+14,10,1,1.108,1.214e-04,84.143,8.939e-05
0.36,1.00E+11,50,1.00E+14,15,0.05,0.844,1.869e-05,86.13,1.361e-05
0.36,1.00E+11,50,1.00E+14,15,1,1.069,1.373e-04,84.026,9.877e-05
0.36,1.00E+11,50,1.00E+14,20,0.05,0.839,1.993e-05,85.945,1.534e-05
0.36,1.00E+11,50,1.00E+14,20,1,1.06,1.505e-04,83.694,1.083e-04
0.36,1.00E+11,50,1.00E+14,30,0.05,0.838,2.125e-05,85.628,1.724e-05
0.36,1.00E+11,50,1.00E+14,30,1,1.072,1.699e-04,83.403,1.231e-04
0.36,1.00E+11,50,1.00E+14,40,0.05,0.829,2.244e-05,85.255,1.849e-05
0.36,1.00E+11,50,1.00E+14,40,1,1.099,1.956e-04,82.6,1.417e-04
0.36,1.00E+11,50,1.00E+15,10,0.05,0.856,2.865e-05,85.599,2.157e-05
0.36,1.00E+11,50,1.00E+15,10,1,1.156,2.166e-04,82.857,1.615e-04
0.36,1.00E+11,50,1.00E+15,15,0.05,0.855,2.917e-05,85.438,2.199e-05
0.36,1.00E+11,50,1.00E+15,15,1,1.156,2.208e-04,82.717,1.645e-04
0.36,1.00E+11,50,1.00E+15,20,0.05,0.853,3.031e-05,85.247,2.276e-05
0.36,1.00E+11,50,1.00E+15,20,1,1.161,2.275e-04,82.485,1.700e-04
0.36,1.00E+11,50,1.00E+15,30,0.05,0.845,3.279e-05,84.873,2.440e-05
0.36,1.00E+11,50,1.00E+15,30,1,1.153,2.430e-04,81.849,1.805e-04
0.36,1.00E+11,50,1.00E+15,40,0.05,0.744,3.371e-05,82.522,2.117e-05
0.36,1.00E+11,50,1.00E+15,40,1,1.094,2.636e-04,80.044,1.875e-04
0.36,1.00E+11,50,1.00E+16,10,0.05,0.858,3.386e-05,85.478,2.443e-05
0.36,1.00E+11,50,1.00E+16,10,1,1.191,2.385e-04,82.469,1.822e-04
0.36,1.00E+11,50,1.00E+16,15,0.05,0.851,3.643e-05,85.052,2.620e-05
0.36,1.00E+11,50,1.00E+16,15,1,1.174,2.506e-04,82.083,1.890e-04
0.36,1.00E+11,50,1.00E+16,20,0.05,0.846,3.687e-05,84.835,2.651e-05
0.36,1.00E+11,50,1.00E+16,20,1,1.163,2.539e-04,81.848,1.900e-04
0.36,1.00E+11,50,1.00E+16,30,0.05,0.828,3.941e-05,84.041,2.800e-05
0.36,1.00E+11,50,1.00E+16,30,1,1.125,2.687e-04,80.91,1.953e-04
0.36,1.00E+11,50,1.00E+16,40,0.05,0.157,3.709e-05,1367.777,1.584e-05
0.36,1.00E+11,50,1.00E+16,40,1,0.447,3.710e-04,1052.848,1.807e-04
0.36,1.00E+11,50,1.00E+17,10,0.05,0.833,4.149e-05,84.329,2.930e-05
0.36,1.00E+11,50,1.00E+17,10,1,1.128,2.726e-04,81.312,1.986e-04
0.36,1.00E+11,50,1.00E+17,15,0.05,0.823,4.239e-05,83.995,2.994e-05
0.36,1.00E+11,50,1.00E+17,15,1,1.105,2.796e-04,80.953,2.004e-04
0.36,1.00E+11,50,1.00E+17,20,0.05,0.812,4.390e-05,83.421,3.095e-05
0.36,1.00E+11,50,1.00E+17,20,1,1.083,2.873e-04,80.47,2.027e-04
0.36,1.00E+11,50,1.00E+17,30,0.05,0.779,4.503e-05,82.669,3.033e-05
0.36,1.00E+11,50,1.00E+17,30,1,1.043,3.003e-04,80.015,2.062e-04
0.36,1.00E+11,50,1.00E+18,10,0.05,0.816,4.427e-05,84.098,3.117e-05
0.36,1.00E+11,50,1.00E+18,10,1,1.089,2.871e-04,80.686,2.035e-04
0.36,1.00E+11,50,1.00E+18,15,0.05,0.802,4.547e-05,83.109,3.195e-05
0.36,1.00E+11,50,1.00E+18,15,1,1.062,2.953e-04,80.244,2.054e-04
0.36,1.00E+11,50,1.00E+18,20,0.05,0.784,4.802e-05,82.763,3.362e-05
0.36,1.00E+11,50,1.00E+18,20,1,1.022,3.088e-04,80.367,2.090e-04
0.36,1.00E+11,50,1.00E+18,30,0.05,0.597,4.931e-05,83.734,2.695e-05
0.36,1.00E+11,50,1.00E+18,30,1,0.882,3.517e-04,89.6,2.174e-04
0.36,1.00E+11,70,1.00E+14,10,0.05,0.876,1.689e-05,86.267,1.163e-05
0.36,1.00E+11,70,1.00E+14,10,1,1.111,1.207e-04,84.137,8.906e-05
0.36,1.00E+11,70,1.00E+14,15,0.05,0.844,1.863e-05,86.131,1.351e-05
0.36,1.00E+11,70,1.00E+14,15,1,1.071,1.366e-04,84.023,9.836e-05
0.36,1.00E+11,70,1.00E+14,20,0.05,0.839,1.988e-05,85.949,1.525e-05
0.36,1.00E+11,70,1.00E+14,20,1,1.059,1.499e-04,83.785,1.077e-04
0.36,1.00E+11,70,1.00E+14,30,0.05,0.838,2.121e-05,85.621,1.719e-05
0.36,1.00E+11,70,1.00E+14,30,1,1.072,1.694e-04,83.404,1.228e-04
0.36,1.00E+11,70,1.00E+14,40,0.05,0.829,2.242e-05,85.254,1.846e-05
0.36,1.00E+11,70,1.00E+14,40,1,1.099,1.954e-04,82.599,1.415e-04
0.36,1.00E+11,70,1.00E+15,10,0.05,0.856,2.863e-05,85.598,2.154e-05
0.36,1.00E+11,70,1.00E+15,10,1,1.156,2.165e-04,82.908,1.613e-04
0.36,1.00E+11,70,1.00E+15,15,0.05,0.854,2.915e-05,85.436,2.197e-05
0.36,1.00E+11,70,1.00E+15,15,1,1.156,2.207e-04,82.716,1.644e-04
0.36,1.00E+11,70,1.00E+15,20,0.05,0.853,3.030e-05,85.243,2.275e-05
0.36,1.00E+11,70,1.00E+15,20,1,1.16,2.275e-04,82.482,1.699e-04
0.36,1.00E+11,70,1.00E+15,30,0.05,0.844,3.278e-05,84.869,2.439e-05
0.36,1.00E+11,70,1.00E+15,30,1,1.153,2.430e-04,81.844,1.804e-04
0.36,1.00E+11,70,1.00E+15,40,0.05,0.744,3.371e-05,82.518,2.117e-05
0.36,1.00E+11,70,1.00E+15,40,1,1.094,2.636e-04,80.068,1.875e-04
0.36,1.00E+11,70,1.00E+16,10,0.05,0.858,3.386e-05,85.474,2.442e-05
0.36,1.00E+11,70,1.00E+16,10,1,1.191,2.385e-04,82.465,1.822e-04
0.36,1.00E+11,70,1.00E+16,15,0.05,0.851,3.643e-05,85.048,2.620e-05
0.36,1.00E+11,70,1.00E+16,15,1,1.174,2.506e-04,82.079,1.890e-04
0.36,1.00E+11,70,1.00E+16,20,0.05,0.846,3.688e-05,84.83,2.651e-05
0.36,1.00E+11,70,1.00E+16,20,1,1.163,2.539e-04,81.843,1.900e-04
0.36,1.00E+11,70,1.00E+16,30,0.05,0.828,3.941e-05,84.038,2.800e-05
0.36,1.00E+11,70,1.00E+16,30,1,1.125,2.687e-04,80.907,1.953e-04
0.36,1.00E+11,70,1.00E+16,40,0.05,0.156,3.709e-05,1368.026,1.584e-05
0.36,1.00E+11,70,1.00E+16,40,1,0.447,3.710e-04,1053.016,1.807e-04
0.36,1.00E+11,70,1.00E+17,10,0.05,0.833,4.149e-05,84.326,2.930e-05
0.36,1.00E+11,70,1.00E+17,10,1,1.128,2.726e-04,81.309,1.986e-04
0.36,1.00E+11,70,1.00E+17,15,0.05,0.823,4.239e-05,83.993,2.994e-05
0.36,1.00E+11,70,1.00E+17,15,1,1.105,2.796e-04,80.951,2.004e-04
0.36,1.00E+11,70,1.00E+17,20,0.05,0.812,4.391e-05,83.419,3.095e-05
0.36,1.00E+11,70,1.00E+17,20,1,1.083,2.873e-04,80.469,2.028e-04
0.36,1.00E+11,70,1.00E+17,30,0.05,0.779,4.503e-05,82.668,3.032e-05
0.36,1.00E+11,70,1.00E+17,30,1,1.043,3.004e-04,80.015,2.062e-04
0.36,1.00E+11,70,1.00E+18,10,0.05,0.816,4.427e-05,84.096,3.117e-05
0.36,1.00E+11,70,1.00E+18,10,1,1.089,2.872e-04,80.685,2.035e-04
0.36,1.00E+11,70,1.00E+18,15,0.05,0.802,4.547e-05,83.108,3.195e-05
0.36,1.00E+11,70,1.00E+18,15,1,1.062,2.953e-04,80.243,2.054e-04
0.36,1.00E+11,70,1.00E+18,20,0.05,0.784,4.802e-05,82.762,3.362e-05
0.36,1.00E+11,70,1.00E+18,20,1,1.022,3.088e-04,80.366,2.090e-04
0.36,1.00E+11,70,1.00E+18,30,0.05,0.597,4.931e-05,83.735,2.695e-05
0.36,1.00E+11,70,1.00E+18,30,1,0.882,3.517e-04,89.603,2.174e-04
0.36,1.00E+12,10,1.00E+14,10,0.05,0.848,2.004e-05,85.302,1.812e-05
0.36,1.00E+12,10,1.00E+14,10,1,1.095,1.704e-04,83.663,1.264e-04
0.36,1.00E+12,10,1.00E+14,15,0.05,0.84,2.117e-05,85.819,1.811e-05
0.36,1.00E+12,10,1.00E+14,15,1,1.104,1.812e-04,83.435,1.339e-04
0.36,1.00E+12,10,1.00E+14,20,0.05,0.845,2.195e-05,85.69,1.915e-05
0.36,1.00E+12,10,1.00E+14,20,1,1.11,1.894e-04,83.211,1.395e-04
0.36,1.00E+12,10,1.00E+14,30,0.05,0.84,2.276e-05,85.531,1.946e-05
0.36,1.00E+12,10,1.00E+14,30,1,1.118,2.000e-04,82.913,1.466e-04
0.36,1.00E+12,10,1.00E+14,40,0.05,0.83,2.361e-05,85.122,1.991e-05
0.36,1.00E+12,10,1.00E+14,40,1,1.123,2.120e-04,82.447,1.549e-04
0.36,1.00E+12,10,1.00E+15,10,0.05,0.855,2.946e-05,85.511,2.254e-05
0.36,1.00E+12,10,1.00E+15,10,1,1.173,2.257e-04,82.779,1.702e-04
0.36,1.00E+12,10,1.00E+15,15,0.05,0.854,2.990e-05,85.199,2.284e-05
0.36,1.00E+12,10,1.00E+15,15,1,1.171,2.287e-04,82.653,1.722e-04
0.36,1.00E+12,10,1.00E+15,20,0.05,0.853,3.086e-05,85.374,2.338e-05
0.36,1.00E+12,10,1.00E+15,20,1,1.172,2.333e-04,82.495,1.757e-04
0.36,1.00E+12,10,1.00E+15,30,0.05,0.845,3.306e-05,84.914,2.470e-05
0.36,1.00E+12,10,1.00E+15,30,1,1.158,2.454e-04,81.88,1.829e-04
0.36,1.00E+12,10,1.00E+15,40,0.05,0.744,3.397e-05,82.612,2.135e-05
0.36,1.00E+12,10,1.00E+15,40,1,1.097,2.654e-04,80.175,1.891e-04
0.36,1.00E+12,10,1.00E+16,10,0.05,0.858,3.410e-05,85.471,2.471e-05
0.36,1.00E+12,10,1.00E+16,10,1,1.192,2.406e-04,82.461,1.840e-04
0.36,1.00E+12,10,1.00E+16,15,0.05,0.851,3.647e-05,84.713,2.626e-05
0.36,1.00E+12,10,1.00E+16,15,1,1.174,2.513e-04,82.108,1.895e-04
0.36,1.00E+12,10,1.00E+16,20,0.05,0.846,3.689e-05,84.929,2.654e-05
0.36,1.00E+12,10,1.00E+16,20,1,1.164,2.545e-04,81.881,1.905e-04
0.36,1.00E+12,10,1.00E+16,30,0.05,0.828,3.938e-05,84.063,2.799e-05
0.36,1.00E+12,10,1.00E+16,30,1,1.125,2.688e-04,80.929,1.956e-04
0.36,1.00E+12,10,1.00E+16,40,0.05,0.156,3.715e-05,1367.779,1.586e-05
0.36,1.00E+12,10,1.00E+16,40,1,0.446,3.716e-04,1052.645,1.809e-04
0.36,1.00E+12,10,1.00E+17,10,0.05,0.833,4.147e-05,84.34,2.929e-05
0.36,1.00E+12,10,1.00E+17,10,1,1.128,2.726e-04,81.32,1.987e-04
0.36,1.00E+12,10,1.00E+17,15,0.05,0.823,4.238e-05,84.001,2.994e-05
0.36,1.00E+12,10,1.00E+17,15,1,1.105,2.796e-04,80.959,2.004e-04
0.36,1.00E+12,10,1.00E+17,20,0.05,0.812,4.389e-05,83.425,3.094e-05
0.36,1.00E+12,10,1.00E+17,20,1,1.083,2.873e-04,80.474,2.028e-04
0.36,1.00E+12,10,1.00E+17,30,0.05,0.779,4.504e-05,82.672,3.033e-05
0.36,1.00E+12,10,1.00E+17,30,1,1.043,3.004e-04,80.021,2.062e-04
0.36,1.00E+12,10,1.00E+18,10,0.05,0.816,4.427e-05,84.058,3.117e-05
0.36,1.00E+12,10,1.00E+18,10,1,1.089,2.872e-04,80.685,2.035e-04
0.36,1.00E+12,10,1.00E+18,15,0.05,0.802,4.546e-05,83.113,3.195e-05
0.36,1.00E+12,10,1.00E+18,15,1,1.063,2.952e-04,80.249,2.054e-04
0.36,1.00E+12,10,1.00E+18,20,0.05,0.784,4.803e-05,82.762,3.363e-05
0.36,1.00E+12,10,1.00E+18,20,1,1.022,3.088e-04,80.367,2.090e-04
0.36,1.00E+12,10,1.00E+18,30,0.05,0.597,4.932e-05,83.738,2.696e-05
0.36,1.00E+12,10,1.00E+18,30,1,0.882,3.518e-04,89.614,2.174e-04
0.36,1.00E+12,20,1.00E+14,10,0.05,0.843,2.036e-05,85.667,1.785e-05
0.36,1.00E+12,20,1.00E+14,10,1,1.078,1.655e-04,83.582,1.223e-04
0.36,1.00E+12,20,1.00E+14,15,0.05,0.837,2.150e-05,85.648,1.812e-05
0.36,1.00E+12,20,1.00E+14,15,1,1.088,1.771e-04,83.339,1.304e-04
0.36,1.00E+12,20,1.00E+14,20,0.05,0.838,2.226e-05,85.607,1.875e-05
0.36,1.00E+12,20,1.00E+14,20,1,1.096,1.861e-04,83.155,1.365e-04
0.36,1.00E+12,20,1.00E+14,30,0.05,0.837,2.299e-05,85.42,1.951e-05
0.36,1.00E+12,20,1.00E+14,30,1,1.107,1.980e-04,82.821,1.445e-04
0.36,1.00E+12,20,1.00E+14,40,0.05,0.828,2.376e-05,84.996,1.999e-05
0.36,1.00E+12,20,1.00E+14,40,1,1.116,2.113e-04,82.326,1.538e-04
0.36,1.00E+12,20,1.00E+15,10,0.05,0.853,2.970e-05,85.367,2.266e-05
0.36,1.00E+12,20,1.00E+15,10,1,1.165,2.257e-04,82.67,1.692e-04
0.36,1.00E+12,20,1.00E+15,15,0.05,0.852,3.013e-05,85.282,2.296e-05
0.36,1.00E+12,20,1.00E+15,15,1,1.164,2.288e-04,82.551,1.713e-04
0.36,1.00E+12,20,1.00E+15,20,0.05,0.851,3.107e-05,85.244,2.350e-05
0.36,1.00E+12,20,1.00E+15,20,1,1.166,2.336e-04,82.411,1.752e-04
0.36,1.00E+12,20,1.00E+15,30,0.05,0.844,3.317e-05,84.801,2.477e-05
0.36,1.00E+12,20,1.00E+15,30,1,1.155,2.456e-04,81.835,1.825e-04
0.36,1.00E+12,20,1.00E+15,40,0.05,0.743,3.401e-05,82.58,2.137e-05
0.36,1.00E+12,20,1.00E+15,40,1,1.094,2.655e-04,80.153,1.889e-04
0.36,1.00E+12,20,1.00E+16,10,0.05,0.856,3.424e-05,85.344,2.480e-05
0.36,1.00E+12,20,1.00E+16,10,1,1.189,2.411e-04,82.378,1.839e-04
0.36,1.00E+12,20,1.00E+16,15,0.05,0.85,3.658e-05,84.982,2.635e-05
0.36,1.00E+12,20,1.00E+16,15,1,1.172,2.518e-04,82.069,1.896e-04
0.36,1.00E+12,20,1.00E+16,20,0.05,0.846,3.698e-05,84.874,2.662e-05
0.36,1.00E+12,20,1.00E+16,20,1,1.162,2.548e-04,81.856,1.905e-04
0.36,1.00E+12,20,1.00E+16,30,0.05,0.828,3.943e-05,84.054,2.803e-05
0.36,1.00E+12,20,1.00E+16,30,1,1.125,2.689e-04,80.928,1.956e-04
0.36,1.00E+12,20,1.00E+16,40,0.05,0.155,3.716e-05,1367.872,1.586e-05
0.36,1.00E+12,20,1.00E+16,40,1,0.445,3.717e-04,1052.485,1.809e-04
0.36,1.00E+12,20,1.00E+17,10,0.05,0.833,4.149e-05,84.343,2.931e-05
0.36,1.00E+12,20,1.00E+17,10,1,1.128,2.727e-04,81.322,1.987e-04
0.36,1.00E+12,20,1.00E+17,15,0.05,0.823,4.239e-05,84.002,2.994e-05
0.36,1.00E+12,20,1.00E+17,15,1,1.105,2.796e-04,80.961,2.005e-04
0.36,1.00E+12,20,1.00E+17,20,0.05,0.812,4.390e-05,83.425,3.094e-05
0.36,1.00E+12,20,1.00E+17,20,1,1.083,2.873e-04,80.473,2.028e-04
0.36,1.00E+12,20,1.00E+17,30,0.05,0.779,4.504e-05,82.673,3.033e-05
0.36,1.00E+12,20,1.00E+17,30,1,1.043,3.004e-04,80.023,2.062e-04
0.36,1.00E+12,20,1.00E+18,10,0.05,0.816,4.427e-05,84.045,3.117e-05
0.36,1.00E+12,20,1.00E+18,10,1,1.089,2.872e-04,80.686,2.035e-04
0.36,1.00E+12,20,1.00E+18,15,0.05,0.802,4.546e-05,83.115,3.195e-05
0.36,1.00E+12,20,1.00E+18,15,1,1.063,2.952e-04,80.246,2.054e-04
0.36,1.00E+12,20,1.00E+18,20,0.05,0.784,4.803e-05,82.763,3.363e-05
0.36,1.00E+12,20,1.00E+18,20,1,1.022,3.088e-04,80.367,2.090e-04
0.36,1.00E+12,20,1.00E+18,30,0.05,0.597,4.933e-05,83.742,2.696e-05
0.36,1.00E+12,20,1.00E+18,30,1,0.882,3.518e-04,89.623,2.174e-04
0.36,1.00E+12,30,1.00E+14,10,0.05,0.842,2.010e-05,85.603,1.745e-05
0.36,1.00E+12,30,1.00E+14,10,1,1.063,1.582e-04,83.605,1.161e-04
0.36,1.00E+12,30,1.00E+14,15,0.05,0.843,2.131e-05,85.459,1.851e-05
0.36,1.00E+12,30,1.00E+14,15,1,1.074,1.705e-04,83.375,1.251e-04
0.36,1.00E+12,30,1.00E+14,20,0.05,0.835,2.210e-05,85.538,1.842e-05
0.36,1.00E+12,30,1.00E+14,20,1,1.083,1.803e-04,83.181,1.318e-04
0.36,1.00E+12,30,1.00E+14,30,0.05,0.835,2.284e-05,85.389,1.926e-05
0.36,1.00E+12,30,1.00E+14,30,1,1.096,1.937e-04,82.83,1.409e-04
0.36,1.00E+12,30,1.00E+14,40,0.05,0.826,2.365e-05,84.956,1.984e-05
0.36,1.00E+12,30,1.00E+14,40,1,1.109,2.092e-04,82.282,1.517e-04
0.36,1.00E+12,30,1.00E+15,10,0.05,0.852,2.964e-05,85.312,2.256e-05
0.36,1.00E+12,30,1.00E+15,10,1,1.159,2.247e-04,82.621,1.676e-04
0.36,1.00E+12,30,1.00E+15,15,0.05,0.851,3.008e-05,85.208,2.288e-05
0.36,1.00E+12,30,1.00E+15,15,1,1.158,2.279e-04,82.489,1.700e-04
0.36,1.00E+12,30,1.00E+15,20,0.05,0.85,3.104e-05,85.158,2.344e-05
0.36,1.00E+12,30,1.00E+15,20,1,1.162,2.331e-04,82.36,1.742e-04
0.36,1.00E+12,30,1.00E+15,30,0.05,0.843,3.314e-05,84.71,2.474e-05
0.36,1.00E+12,30,1.00E+15,30,1,1.153,2.453e-04,81.796,1.821e-04
0.36,1.00E+12,30,1.00E+15,40,0.05,0.743,3.398e-05,82.55,2.134e-05
0.36,1.00E+12,30,1.00E+15,40,1,1.093,2.653e-04,80.125,1.886e-04
0.36,1.00E+12,30,1.00E+16,10,0.05,0.855,3.424e-05,85.208,2.479e-05
0.36,1.00E+12,30,1.00E+16,10,1,1.186,2.412e-04,82.327,1.836e-04
0.36,1.00E+12,30,1.00E+16,15,0.05,0.849,3.661e-05,84.957,2.637e-05
0.36,1.00E+12,30,1.00E+16,15,1,1.171,2.520e-04,82.033,1.896e-04
0.36,1.00E+12,30,1.00E+16,20,0.05,0.845,3.701e-05,84.834,2.664e-05
0.36,1.00E+12,30,1.00E+16,20,1,1.161,2.550e-04,81.828,1.905e-04
0.36,1.00E+12,30,1.00E+16,30,0.05,0.828,3.945e-05,84.041,2.805e-05
0.36,1.00E+12,30,1.00E+16,30,1,1.124,2.690e-04,80.918,1.956e-04
0.36,1.00E+12,30,1.00E+16,40,0.05,0.155,3.716e-05,1368.334,1.586e-05
0.36,1.00E+12,30,1.00E+16,40,1,0.445,3.717e-04,1052.767,1.809e-04
0.36,1.00E+12,30,1.00E+17,10,0.05,0.833,4.151e-05,84.338,2.932e-05
0.36,1.00E+12,30,1.00E+17,10,1,1.127,2.728e-04,81.316,1.987e-04
0.36,1.00E+12,30,1.00E+17,15,0.05,0.823,4.240e-05,83.999,2.995e-05
0.36,1.00E+12,30,1.00E+17,15,1,1.105,2.797e-04,80.958,2.005e-04
0.36,1.00E+12,30,1.00E+17,20,0.05,0.812,4.390e-05,83.423,3.095e-05
0.36,1.00E+12,30,1.00E+17,20,1,1.083,2.873e-04,80.472,2.028e-04
0.36,1.00E+12,30,1.00E+17,30,0.05,0.779,4.505e-05,82.675,3.032e-05
0.36,1.00E+12,30,1.00E+17,30,1,1.043,3.004e-04,80.024,2.062e-04
0.36,1.00E+12,30,1.00E+18,10,0.05,0.816,4.427e-05,84.052,3.117e-05
0.36,1.00E+12,30,1.00E+18,10,1,1.089,2.872e-04,80.686,2.035e-04
0.36,1.00E+12,30,1.00E+18,15,0.05,0.802,4.547e-05,83.115,3.195e-05
0.36,1.00E+12,30,1.00E+18,15,1,1.063,2.952e-04,80.251,2.054e-04
0.36,1.00E+12,30,1.00E+18,20,0.05,0.784,4.803e-05,82.763,3.363e-05
0.36,1.00E+12,30,1.00E+18,20,1,1.022,3.088e-04,80.368,2.090e-04
0.36,1.00E+12,30,1.00E+18,30,0.05,0.597,4.933e-05,83.742,2.696e-05
0.36,1.00E+12,30,1.00E+18,30,1,0.882,3.518e-04,89.623,2.174e-04
0.36,1.00E+12,50,1.00E+14,10,0.05,0.839,1.947e-05,85.627,1.615e-05
0.36,1.00E+12,50,1.00E+14,10,1,1.047,1.474e-04,83.695,1.062e-04
0.36,1.00E+12,50,1.00E+14,15,0.05,0.841,2.081e-05,85.431,1.761e-05
0.36,1.00E+12,50,1.00E+14,15,1,1.056,1.606e-04,83.432,1.165e-04
0.36,1.00E+12,50,1.00E+14,20,0.05,0.842,2.170e-05,85.364,1.857e-05
0.36,1.00E+12,50,1.00E+14,20,1,1.065,1.713e-04,83.22,1.244e-04
0.36,1.00E+12,50,1.00E+14,30,0.05,0.833,2.251e-05,85.358,1.878e-05
0.36,1.00E+12,50,1.00E+14,30,1,1.081,1.866e-04,82.884,1.351e-04
0.36,1.00E+12,50,1.00E+14,40,0.05,0.824,2.339e-05,84.934,1.953e-05
0.36,1.00E+12,50,1.00E+14,40,1,1.1,2.055e-04,82.255,1.484e-04
0.36,1.00E+12,50,1.00E+15,10,0.05,0.85,2.946e-05,85.28,2.235e-05
0.36,1.00E+12,50,1.00E+15,10,1,1.151,2.229e-04,82.581,1.655e-04
0.36,1.00E+12,50,1.00E+15,15,0.05,0.849,2.992e-05,85.148,2.270e-05
0.36,1.00E+12,50,1.00E+15,15,1,1.152,2.264e-04,82.442,1.681e-04
0.36,1.00E+12,50,1.00E+15,20,0.05,0.848,3.092e-05,85.053,2.332e-05
0.36,1.00E+12,50,1.00E+15,20,1,1.156,2.321e-04,82.288,1.728e-04
0.36,1.00E+12,50,1.00E+15,30,0.05,0.842,3.309e-05,84.749,2.469e-05
0.36,1.00E+12,50,1.00E+15,30,1,1.15,2.451e-04,81.738,1.815e-04
0.36,1.00E+12,50,1.00E+15,40,0.05,0.741,3.394e-05,82.498,2.130e-05
0.36,1.00E+12,50,1.00E+15,40,1,1.091,2.652e-04,80.071,1.882e-04
0.36,1.00E+12,50,1.00E+16,10,0.05,0.854,3.423e-05,85.002,2.476e-05
0.36,1.00E+12,50,1.00E+16,10,1,1.184,2.413e-04,82.262,1.833e-04
0.36,1.00E+12,50,1.00E+16,15,0.05,0.848,3.665e-05,84.931,2.640e-05
0.36,1.00E+12,50,1.00E+16,15,1,1.169,2.523e-04,81.973,1.896e-04
0.36,1.00E+12,50,1.00E+16,20,0.05,0.844,3.705e-05,84.774,2.666e-05
0.36,1.00E+12,50,1.00E+16,20,1,1.16,2.553e-04,81.774,1.904e-04
0.36,1.00E+12,50,1.00E+16,30,0.05,0.828,3.948e-05,84.011,2.807e-05
0.36,1.00E+12,50,1.00E+16,30,1,1.123,2.692e-04,80.888,1.955e-04
0.36,1.00E+12,50,1.00E+16,40,0.05,0.154,3.717e-05,1370.163,1.585e-05
0.36,1.00E+12,50,1.00E+16,40,1,0.444,3.718e-04,1053.972,1.808e-04
0.36,1.00E+12,50,1.00E+17,10,0.05,0.832,4.155e-05,84.319,2.935e-05
0.36,1.00E+12,50,1.00E+17,10,1,1.126,2.731e-04,81.293,1.988e-04
0.36,1.00E+12,50,1.00E+17,15,0.05,0.823,4.243e-05,83.979,2.998e-05
0.36,1.00E+12,50,1.00E+17,15,1,1.104,2.799e-04,80.937,2.005e-04
0.36,1.00E+12,50,1.00E+17,20,0.05,0.812,4.393e-05,83.411,3.097e-05
0.36,1.00E+12,50,1.00E+17,20,1,1.083,2.875e-04,80.462,2.028e-04
0.36,1.00E+12,50,1.00E+17,30,0.05,0.779,4.505e-05,82.672,3.034e-05
0.36,1.00E+12,50,1.00E+17,30,1,1.043,3.005e-04,80.023,2.062e-04
0.36,1.00E+12,50,1.00E+18,10,0.05,0.815,4.429e-05,84.093,3.119e-05
0.36,1.00E+12,50,1.00E+18,10,1,1.088,2.873e-04,80.675,2.036e-04
0.36,1.00E+12,50,1.00E+18,15,0.05,0.802,4.548e-05,83.115,3.196e-05
0.36,1.00E+12,50,1.00E+18,15,1,1.063,2.953e-04,80.246,2.054e-04
0.36,1.00E+12,50,1.00E+18,20,0.05,0.784,4.804e-05,82.763,3.363e-05
0.36,1.00E+12,50,1.00E+18,20,1,1.022,3.088e-04,80.367,2.090e-04
0.36,1.00E+12,50,1.00E+18,30,0.05,0.597,4.933e-05,83.744,2.696e-05
0.36,1.00E+12,50,1.00E+18,30,1,0.882,3.518e-04,89.627,2.174e-04
0.36,1.00E+12,70,1.00E+14,10,0.05,0.829,1.889e-05,85.748,1.438e-05
0.36,1.00E+12,70,1.00E+14,10,1,1.046,1.407e-04,83.714,1.006e-04
0.36,1.00E+12,70,1.00E+14,15,0.05,0.839,2.034e-05,85.454,1.681e-05
0.36,1.00E+12,70,1.00E+14,15,1,1.049,1.545e-04,83.471,1.112e-04
0.36,1.00E+12,70,1.00E+14,20,0.05,0.84,2.133e-05,85.33,1.800e-05
0.36,1.00E+12,70,1.00E+14,20,1,1.057,1.658e-04,83.234,1.198e-04
0.36,1.00E+12,70,1.00E+14,30,0.05,0.836,2.225e-05,85.285,1.878e-05
0.36,1.00E+12,70,1.00E+14,30,1,1.073,1.822e-04,82.914,1.316e-04
0.36,1.00E+12,70,1.00E+14,40,0.05,0.823,2.318e-05,84.921,1.927e-05
0.36,1.00E+12,70,1.00E+14,40,1,1.096,2.031e-04,82.242,1.465e-04
0.36,1.00E+12,70,1.00E+15,10,0.05,0.849,2.930e-05,85.264,2.216e-05
0.36,1.00E+12,70,1.00E+15,10,1,1.148,2.219e-04,82.559,1.644e-04
0.36,1.00E+12,70,1.00E+15,15,0.05,0.848,2.978e-05,85.122,2.253e-05
0.36,1.00E+12,70,1.00E+15,15,1,1.149,2.255e-04,82.414,1.671e-04
0.36,1.00E+12,70,1.00E+15,20,0.05,0.847,3.082e-05,84.995,2.319e-05
0.36,1.00E+12,70,1.00E+15,20,1,1.154,2.315e-04,82.24,1.721e-04
0.36,1.00E+12,70,1.00E+15,30,0.05,0.841,3.304e-05,84.713,2.462e-05
0.36,1.00E+12,70,1.00E+15,30,1,1.148,2.450e-04,81.695,1.813e-04
0.36,1.00E+12,70,1.00E+15,40,0.05,0.74,3.390e-05,82.458,2.126e-05
0.36,1.00E+12,70,1.00E+15,40,1,1.09,2.651e-04,80.031,1.880e-04
0.36,1.00E+12,70,1.00E+16,10,0.05,0.853,3.422e-05,84.908,2.470e-05
0.36,1.00E+12,70,1.00E+16,10,1,1.182,2.414e-04,82.221,1.832e-04
0.36,1.00E+12,70,1.00E+16,15,0.05,0.847,3.667e-05,84.898,2.638e-05
0.36,1.00E+12,70,1.00E+16,15,1,1.168,2.525e-04,81.929,1.896e-04
0.36,1.00E+12,70,1.00E+16,20,0.05,0.843,3.707e-05,84.729,2.665e-05
0.36,1.00E+12,70,1.00E+16,20,1,1.159,2.555e-04,81.731,1.905e-04
0.36,1.00E+12,70,1.00E+16,30,0.05,0.827,3.950e-05,83.982,2.806e-05
0.36,1.00E+12,70,1.00E+16,30,1,1.123,2.694e-04,80.859,1.956e-04
0.36,1.00E+12,70,1.00E+16,40,0.05,0.153,3.717e-05,1372.672,1.585e-05
0.36,1.00E+12,70,1.00E+16,40,1,0.443,3.718e-04,1055.648,1.807e-04
0.36,1.00E+12,70,1.00E+17,10,0.05,0.831,4.158e-05,84.29,2.935e-05
0.36,1.00E+12,70,1.00E+17,10,1,1.126,2.733e-04,81.266,1.989e-04
0.36,1.00E+12,70,1.00E+17,15,0.05,0.822,4.246e-05,83.959,2.997e-05
0.36,1.00E+12,70,1.00E+17,15,1,1.104,2.801e-04,80.916,2.006e-04
0.36,1.00E+12,70,1.00E+17,20,0.05,0.811,4.395e-05,83.392,3.096e-05
0.36,1.00E+12,70,1.00E+17,20,1,1.082,2.877e-04,80.447,2.029e-04
0.36,1.00E+12,70,1.00E+17,30,0.05,0.778,4.506e-05,82.665,3.033e-05
0.36,1.00E+12,70,1.00E+17,30,1,1.043,3.006e-04,80.022,2.063e-04
0.36,1.00E+12,70,1.00E+18,10,0.05,0.815,4.432e-05,84.08,3.118e-05
0.36,1.00E+12,70,1.00E+18,10,1,1.088,2.875e-04,80.66,2.036e-04
0.36,1.00E+12,70,1.00E+18,15,0.05,0.802,4.550e-05,83.109,3.195e-05
0.36,1.00E+12,70,1.00E+18,15,1,1.062,2.955e-04,80.24,2.055e-04
0.36,1.00E+12,70,1.00E+18,20,0.05,0.784,4.805e-05,82.757,3.361e-05
0.36,1.00E+12,70,1.00E+18,20,1,1.022,3.090e-04,80.366,2.090e-04
0.36,1.00E+12,70,1.00E+18,30,0.05,0.596,4.933e-05,83.749,2.696e-05
0.36,1.00E+12,70,1.00E+18,30,1,0.882,3.519e-04,89.659,2.174e-04
0.36,1.00E+13,10,1.00E+14,10,0.05,0.847,2.645e-05,85.903,2.273e-05
0.36,1.00E+13,10,1.00E+14,10,1,1.161,2.261e-04,83.199,1.690e-04
0.36,1.00E+13,10,1.00E+14,15,0.05,0.846,2.690e-05,85.815,2.293e-05
0.36,1.00E+13,10,1.00E+14,15,1,1.161,2.283e-04,83.099,1.704e-04
0.36,1.00E+13,10,1.00E+14,20,0.05,0.846,2.723e-05,85.742,2.309e-05
0.36,1.00E+13,10,1.00E+14,20,1,1.159,2.300e-04,83.01,1.715e-04
0.36,1.00E+13,10,1.00E+14,30,0.05,0.845,2.756e-05,85.644,2.328e-05
0.36,1.00E+13,10,1.00E+14,30,1,1.155,2.323e-04,82.856,1.727e-04
0.36,1.00E+13,10,1.00E+14,40,0.05,0.834,2.790e-05,85.273,2.304e-05
0.36,1.00E+13,10,1.00E+14,40,1,1.146,2.362e-04,82.486,1.744e-04
0.36,1.00E+13,10,1.00E+15,10,0.05,0.855,3.278e-05,85.613,2.507e-05
0.36,1.00E+13,10,1.00E+15,10,1,1.183,2.418e-04,82.826,1.836e-04
0.36,1.00E+13,10,1.00E+15,15,0.05,0.854,3.300e-05,85.54,2.519e-05
0.36,1.00E+13,10,1.00E+15,15,1,1.18,2.432e-04,82.733,1.842e-04
0.36,1.00E+13,10,1.00E+15,20,0.05,0.853,3.351e-05,85.456,2.542e-05
0.36,1.00E+13,10,1.00E+15,20,1,1.177,2.453e-04,82.619,1.854e-04
0.36,1.00E+13,10,1.00E+15,30,0.05,0.846,3.492e-05,85.136,2.613e-05
0.36,1.00E+13,10,1.00E+15,30,1,1.161,2.527e-04,82.085,1.887e-04
0.36,1.00E+13,10,1.00E+15,40,0.05,0.747,3.551e-05,82.948,2.234e-05
0.36,1.00E+13,10,1.00E+15,40,1,1.099,2.718e-04,80.505,1.941e-04
0.36,1.00E+13,10,1.00E+16,10,0.05,0.856,3.587e-05,85.459,2.618e-05
0.36,1.00E+13,10,1.00E+16,10,1,1.186,2.484e-04,82.649,1.890e-04
0.36,1.00E+13,10,1.00E+16,15,0.05,0.851,3.741e-05,85.131,2.700e-05
0.36,1.00E+13,10,1.00E+16,15,1,1.171,2.552e-04,82.26,1.920e-04
0.36,1.00E+13,10,1.00E+16,20,0.05,0.847,3.776e-05,85.064,2.722e-05
0.36,1.00E+13,10,1.00E+16,20,1,1.163,2.579e-04,82.043,1.928e-04
0.36,1.00E+13,10,1.00E+16,30,0.05,0.829,3.980e-05,84.175,2.831e-05
0.36,1.00E+13,10,1.00E+16,30,1,1.127,2.704e-04,81.05,1.969e-04
0.36,1.00E+13,10,1.00E+16,40,0.05,0.154,3.761e-05,1365.82,1.605e-05
0.36,1.00E+13,10,1.00E+16,40,1,0.443,3.756e-04,1052.441,1.826e-04
0.36,1.00E+13,10,1.00E+17,10,0.05,0.833,4.156e-05,84.455,2.937e-05
0.36,1.00E+13,10,1.00E+17,10,1,1.128,2.731e-04,81.362,1.991e-04
0.36,1.00E+13,10,1.00E+17,15,0.05,0.823,4.244e-05,84.062,2.999e-05
0.36,1.00E+13,10,1.00E+17,15,1,1.106,2.799e-04,80.989,2.008e-04
0.36,1.00E+13,10,1.00E+17,20,0.05,0.812,4.392e-05,83.578,3.097e-05
0.36,1.00E+13,10,1.00E+17,20,1,1.083,2.875e-04,80.486,2.030e-04
0.36,1.00E+13,10,1.00E+17,30,0.05,0.779,4.510e-05,82.692,3.037e-05
0.36,1.00E+13,10,1.00E+17,30,1,1.043,3.007e-04,80.052,2.064e-04
0.36,1.00E+13,10,1.00E+18,10,0.05,0.816,4.429e-05,83.824,3.119e-05
0.36,1.00E+13,10,1.00E+18,10,1,1.089,2.873e-04,80.694,2.036e-04
0.36,1.00E+13,10,1.00E+18,15,0.05,0.802,4.551e-05,83.133,3.198e-05
0.36,1.00E+13,10,1.00E+18,15,1,1.063,2.954e-04,80.268,2.056e-04
0.36,1.00E+13,10,1.00E+18,20,0.05,0.789,4.810e-05,82.733,3.434e-05
0.36,1.00E+13,10,1.00E+18,20,1,1.022,3.091e-04,80.37,2.091e-04
0.36,1.00E+13,10,1.00E+18,30,0.05,0.597,4.939e-05,83.772,2.700e-05
0.36,1.00E+13,10,1.00E+18,30,1,0.882,3.520e-04,89.664,2.176e-04
0.36,1.00E+13,20,1.00E+14,10,0.05,0.835,2.749e-05,85.482,2.359e-05
0.36,1.00E+13,20,1.00E+14,10,1,1.138,2.340e-04,82.644,1.720e-04
0.36,1.00E+13,20,1.00E+14,15,0.05,0.841,2.789e-05,85.384,2.444e-05
0.36,1.00E+13,20,1.00E+14,15,1,1.139,2.357e-04,82.576,1.732e-04
0.36,1.00E+13,20,1.00E+14,20,0.05,0.835,2.815e-05,85.386,2.387e-05
0.36,1.00E+13,20,1.00E+14,20,1,1.138,2.369e-04,82.516,1.740e-04
0.36,1.00E+13,20,1.00E+14,30,0.05,0.835,2.841e-05,85.378,2.401e-05
0.36,1.00E+13,20,1.00E+14,30,1,1.136,2.385e-04,82.415,1.750e-04
0.36,1.00E+13,20,1.00E+14,40,0.05,0.825,2.862e-05,85.063,2.367e-05
0.36,1.00E+13,20,1.00E+14,40,1,1.129,2.416e-04,82.125,1.763e-04
0.36,1.00E+13,20,1.00E+15,10,0.05,0.845,3.349e-05,85.328,2.570e-05
0.36,1.00E+13,20,1.00E+15,10,1,1.162,2.477e-04,82.413,1.852e-04
0.36,1.00E+13,20,1.00E+15,15,0.05,0.844,3.366e-05,85.306,2.579e-05
0.36,1.00E+13,20,1.00E+15,15,1,1.161,2.486e-04,82.359,1.856e-04
0.36,1.00E+13,20,1.00E+15,20,0.05,0.844,3.403e-05,85.277,2.594e-05
0.36,1.00E+13,20,1.00E+15,20,1,1.159,2.500e-04,82.294,1.864e-04
0.36,1.00E+13,20,1.00E+15,30,0.05,0.841,3.529e-05,84.962,2.650e-05
0.36,1.00E+13,20,1.00E+15,30,1,1.15,2.556e-04,81.928,1.894e-04
0.36,1.00E+13,20,1.00E+15,40,0.05,0.742,3.571e-05,82.936,2.245e-05
0.36,1.00E+13,20,1.00E+15,40,1,1.092,2.738e-04,80.545,1.944e-04
0.36,1.00E+13,20,1.00E+16,10,0.05,0.847,3.646e-05,85.24,2.672e-05
0.36,1.00E+13,20,1.00E+16,10,1,1.169,2.535e-04,82.309,1.904e-04
0.36,1.00E+13,20,1.00E+16,15,0.05,0.846,3.727e-05,85.102,2.712e-05
0.36,1.00E+13,20,1.00E+16,15,1,1.163,2.567e-04,82.14,1.920e-04
0.36,1.00E+13,20,1.00E+16,20,0.05,0.843,3.804e-05,84.934,2.753e-05
0.36,1.00E+13,20,1.00E+16,20,1,1.155,2.602e-04,81.944,1.935e-04
0.36,1.00E+13,20,1.00E+16,30,0.05,0.829,3.992e-05,84.177,2.847e-05
0.36,1.00E+13,20,1.00E+16,30,1,1.125,2.713e-04,81.088,1.972e-04
0.36,1.00E+13,20,1.00E+16,40,0.05,0.146,3.769e-05,1365.524,1.602e-05
0.36,1.00E+13,20,1.00E+16,40,1,0.436,3.769e-04,1051.685,1.826e-04
0.36,1.00E+13,20,1.00E+17,10,0.05,0.832,4.170e-05,84.438,2.949e-05
0.36,1.00E+13,20,1.00E+17,10,1,1.126,2.741e-04,81.382,1.995e-04
0.36,1.00E+13,20,1.00E+17,15,0.05,0.823,4.252e-05,84.04,3.006e-05
0.36,1.00E+13,20,1.00E+17,15,1,1.105,2.804e-04,81.013,2.011e-04
0.36,1.00E+13,20,1.00E+17,20,0.05,0.812,4.396e-05,83.452,3.100e-05
0.36,1.00E+13,20,1.00E+17,20,1,1.084,2.878e-04,80.502,2.032e-04
0.36,1.00E+13,20,1.00E+17,30,0.05,0.779,4.514e-05,82.711,3.041e-05
0.36,1.00E+13,20,1.00E+17,30,1,1.043,3.010e-04,80.075,2.066e-04
0.36,1.00E+13,20,1.00E+18,10,0.05,0.815,4.432e-05,83.811,3.121e-05
0.36,1.00E+13,20,1.00E+18,10,1,1.089,2.876e-04,80.701,2.038e-04
0.36,1.00E+13,20,1.00E+18,15,0.05,0.802,4.554e-05,83.151,3.201e-05
0.36,1.00E+13,20,1.00E+18,15,1,1.063,2.957e-04,80.284,2.057e-04
0.36,1.00E+13,20,1.00E+18,20,0.05,0.789,4.811e-05,82.736,3.436e-05
0.36,1.00E+13,20,1.00E+18,20,1,1.022,3.092e-04,80.376,2.092e-04
0.36,1.00E+13,20,1.00E+18,30,0.05,0.597,4.946e-05,83.805,2.703e-05
0.36,1.00E+13,20,1.00E+18,30,1,0.881,3.523e-04,89.751,2.177e-04
0.36,1.00E+13,30,1.00E+14,10,0.05,0.828,2.759e-05,85.117,2.380e-05
0.36,1.00E+13,30,1.00E+14,10,1,1.124,2.366e-04,82.275,1.721e-04
0.36,1.00E+13,30,1.00E+14,15,0.05,0.829,2.796e-05,85.086,2.395e-05
0.36,1.00E+13,30,1.00E+14,15,1,1.125,2.380e-04,82.23,1.731e-04
0.36,1.00E+13,30,1.00E+14,20,0.05,0.829,2.827e-05,85.065,2.407e-05
0.36,1.00E+13,30,1.00E+14,20,1,1.125,2.392e-04,82.178,1.741e-04
0.36,1.00E+13,30,1.00E+14,30,0.05,0.829,2.850e-05,85.055,2.420e-05
0.36,1.00E+13,30,1.00E+14,30,1,1.124,2.407e-04,82.089,1.750e-04
0.36,1.00E+13,30,1.00E+14,40,0.05,0.82,2.869e-05,84.762,2.384e-05
0.36,1.00E+13,30,1.00E+14,40,1,1.118,2.436e-04,81.821,1.763e-04
0.36,1.00E+13,30,1.00E+15,10,0.05,0.838,3.361e-05,85.017,2.587e-05
0.36,1.00E+13,30,1.00E+15,10,1,1.149,2.503e-04,82.092,1.852e-04
0.36,1.00E+13,30,1.00E+15,15,0.05,0.838,3.376e-05,85.005,2.595e-05
0.36,1.00E+13,30,1.00E+15,15,1,1.148,2.510e-04,82.051,1.856e-04
0.36,1.00E+13,30,1.00E+15,20,0.05,0.838,3.414e-05,84.985,2.609e-05
0.36,1.00E+13,30,1.00E+15,20,1,1.147,2.522e-04,82.003,1.864e-04
0.36,1.00E+13,30,1.00E+15,30,0.05,0.837,3.534e-05,84.756,2.660e-05
0.36,1.00E+13,30,1.00E+15,30,1,1.142,2.570e-04,81.726,1.893e-04
0.36,1.00E+13,30,1.00E+15,40,0.05,0.738,3.568e-05,82.83,2.242e-05
0.36,1.00E+13,30,1.00E+15,40,1,1.085,2.746e-04,80.473,1.941e-04
0.36,1.00E+13,30,1.00E+16,10,0.05,0.841,3.665e-05,84.956,2.690e-05
0.36,1.00E+13,30,1.00E+16,10,1,1.158,2.560e-04,82.006,1.908e-04
0.36,1.00E+13,30,1.00E+16,15,0.05,0.841,3.743e-05,84.858,2.729e-05
0.36,1.00E+13,30,1.00E+16,15,1,1.155,2.588e-04,81.903,1.923e-04
0.36,1.00E+13,30,1.00E+16,20,0.05,0.839,3.818e-05,84.741,2.768e-05
0.36,1.00E+13,30,1.00E+16,20,1,1.148,2.618e-04,81.772,1.937e-04
0.36,1.00E+13,30,1.00E+16,30,0.05,0.827,3.997e-05,84.116,2.855e-05
0.36,1.00E+13,30,1.00E+16,30,1,1.122,2.719e-04,81.053,1.973e-04
0.36,1.00E+13,30,1.00E+16,40,0.05,0.141,3.775e-05,1369.288,1.602e-05
0.36,1.00E+13,30,1.00E+16,40,1,0.431,3.776e-04,1053.954,1.825e-04
0.36,1.00E+13,30,1.00E+17,10,0.05,0.831,4.182e-05,84.412,2.958e-05
0.36,1.00E+13,30,1.00E+17,10,1,1.123,2.749e-04,81.337,1.997e-04
0.36,1.00E+13,30,1.00E+17,15,0.05,0.822,4.259e-05,84.014,3.011e-05
0.36,1.00E+13,30,1.00E+17,15,1,1.104,2.808e-04,80.991,2.012e-04
0.36,1.00E+13,30,1.00E+17,20,0.05,0.811,4.401e-05,83.44,3.104e-05
0.36,1.00E+13,30,1.00E+17,20,1,1.083,2.880e-04,80.499,2.033e-04
0.36,1.00E+13,30,1.00E+17,30,0.05,0.778,4.517e-05,82.716,3.041e-05
0.36,1.00E+13,30,1.00E+17,30,1,1.043,3.011e-04,80.084,2.067e-04
0.36,1.00E+13,30,1.00E+18,10,0.05,0.815,4.437e-05,83.951,3.125e-05
0.36,1.00E+13,30,1.00E+18,10,1,1.088,2.878e-04,80.689,2.039e-04
0.36,1.00E+13,30,1.00E+18,15,0.05,0.802,4.558e-05,83.154,3.204e-05
0.36,1.00E+13,30,1.00E+18,15,1,1.062,2.960e-04,80.287,2.058e-04
0.36,1.00E+13,30,1.00E+18,20,0.05,0.789,4.812e-05,82.739,3.436e-05
0.36,1.00E+13,30,1.00E+18,20,1,1.022,3.093e-04,80.379,2.092e-04
0.36,1.00E+13,30,1.00E+18,30,0.05,0.599,4.838e-05,83.293,2.647e-05
0.36,1.00E+13,30,1.00E+18,30,1,0.889,3.477e-04,88.791,2.158e-04
0.36,1.00E+13,50,1.00E+14,10,0.05,0.825,2.771e-05,84.43,2.508e-05
0.36,1.00E+13,50,1.00E+14,10,1,1.098,2.399e-04,81.621,1.714e-04
0.36,1.00E+13,50,1.00E+14,15,0.05,0.825,2.803e-05,84.397,2.520e-05
0.36,1.00E+13,50,1.00E+14,15,1,1.099,2.410e-04,81.596,1.723e-04
0.36,1.00E+13,50,1.00E+14,20,0.05,0.826,2.832e-05,84.41,2.532e-05
0.36,1.00E+13,50,1.00E+14,20,1,1.1,2.421e-04,81.567,1.732e-04
0.36,1.00E+13,50,1.00E+14,30,0.05,0.826,2.847e-05,84.381,2.542e-05
0.36,1.00E+13,50,1.00E+14,30,1,1.1,2.432e-04,81.497,1.739e-04
0.36,1.00E+13,50,1.00E+14,40,0.05,0.816,2.865e-05,84.103,2.490e-05
0.36,1.00E+13,50,1.00E+14,40,1,1.095,2.462e-04,81.265,1.754e-04
0.36,1.00E+13,50,1.00E+15,10,0.05,0.826,3.378e-05,84.403,2.614e-05
0.36,1.00E+13,50,1.00E+15,10,1,1.123,2.542e-04,81.431,1.847e-04
0.36,1.00E+13,50,1.00E+15,15,0.05,0.826,3.391e-05,84.404,2.621e-05
0.36,1.00E+13,50,1.00E+15,15,1,1.123,2.548e-04,81.46,1.851e-04
0.36,1.00E+13,50,1.00E+15,20,0.05,0.826,3.429e-05,84.387,2.635e-05
0.36,1.00E+13,50,1.00E+15,20,1,1.124,2.559e-04,81.412,1.859e-04
0.36,1.00E+13,50,1.00E+15,30,0.05,0.827,3.546e-05,84.265,2.681e-05
0.36,1.00E+13,50,1.00E+15,30,1,1.124,2.599e-04,81.259,1.888e-04
0.36,1.00E+13,50,1.00E+15,40,0.05,0.727,3.569e-05,82.546,2.238e-05
0.36,1.00E+13,50,1.00E+15,40,1,1.071,2.766e-04,80.271,1.935e-04
0.36,1.00E+13,50,1.00E+16,10,0.05,0.83,3.700e-05,84.366,2.723e-05
0.36,1.00E+13,50,1.00E+16,10,1,1.136,2.606e-04,81.428,1.911e-04
0.36,1.00E+13,50,1.00E+16,15,0.05,0.831,3.782e-05,84.377,2.764e-05
0.36,1.00E+13,50,1.00E+16,15,1,1.136,2.630e-04,81.387,1.928e-04
0.36,1.00E+13,50,1.00E+16,20,0.05,0.83,3.854e-05,84.28,2.800e-05
0.36,1.00E+13,50,1.00E+16,20,1,1.133,2.654e-04,81.354,1.941e-04
0.36,1.00E+13,50,1.00E+16,30,0.05,0.822,4.018e-05,83.933,2.875e-05
0.36,1.00E+13,50,1.00E+16,30,1,1.113,2.738e-04,80.876,1.974e-04
0.36,1.00E+13,50,1.00E+16,40,0.05,0.129,3.786e-05,1383.59,1.598e-05
0.36,1.00E+13,50,1.00E+16,40,1,0.418,3.792e-04,1063.168,1.821e-04
0.36,1.00E+13,50,1.00E+17,10,0.05,0.827,4.212e-05,84.222,2.983e-05
0.36,1.00E+13,50,1.00E+17,10,1,1.115,2.772e-04,81.135,2.002e-04
0.36,1.00E+13,50,1.00E+17,15,0.05,0.82,4.282e-05,83.873,3.031e-05
0.36,1.00E+13,50,1.00E+17,15,1,1.099,2.823e-04,80.859,2.015e-04
0.36,1.00E+13,50,1.00E+17,20,0.05,0.81,4.422e-05,83.339,3.121e-05
0.36,1.00E+13,50,1.00E+17,20,1,1.079,2.893e-04,80.436,2.036e-04
0.36,1.00E+13,50,1.00E+17,30,0.05,0.778,4.527e-05,82.722,3.052e-05
0.36,1.00E+13,50,1.00E+17,30,1,1.041,3.018e-04,79.934,2.069e-04
0.36,1.00E+13,50,1.00E+18,10,0.05,0.813,4.459e-05,83.538,3.144e-05
0.36,1.00E+13,50,1.00E+18,10,1,1.084,2.892e-04,80.611,2.043e-04
0.36,1.00E+13,50,1.00E+18,15,0.05,0.801,4.571e-05,83.172,3.214e-05
0.36,1.00E+13,50,1.00E+18,15,1,1.059,2.969e-04,80.282,2.061e-04
0.36,1.00E+13,50,1.00E+18,20,0.05,0.788,4.818e-05,82.736,3.441e-05
0.36,1.00E+13,50,1.00E+18,20,1,1.021,3.096e-04,80.385,2.093e-04
0.36,1.00E+13,50,1.00E+18,30,0.05,0.598,4.843e-05,83.334,2.649e-05
0.36,1.00E+13,50,1.00E+18,30,1,0.888,3.480e-04,88.896,2.160e-04
0.36,1.00E+13,70,1.00E+14,10,0.05,0.813,2.746e-05,83.858,2.468e-05
0.36,1.00E+13,70,1.00E+14,10,1,1.075,2.398e-04,81.061,1.690e-04
0.36,1.00E+13,70,1.00E+14,15,0.05,0.813,2.779e-05,83.866,2.481e-05
0.36,1.00E+13,70,1.00E+14,15,1,1.076,2.410e-04,81.044,1.700e-04
0.36,1.00E+13,70,1.00E+14,20,0.05,0.814,2.806e-05,83.825,2.493e-05
0.36,1.00E+13,70,1.00E+14,20,1,1.078,2.421e-04,81.02,1.709e-04
0.36,1.00E+13,70,1.00E+14,30,0.05,0.815,2.821e-05,83.833,2.506e-05
0.36,1.00E+13,70,1.00E+14,30,1,1.079,2.433e-04,80.976,1.718e-04
0.36,1.00E+13,70,1.00E+14,40,0.05,0.805,2.840e-05,83.584,2.454e-05
0.36,1.00E+13,70,1.00E+14,40,1,1.076,2.466e-04,80.766,1.736e-04
0.36,1.00E+13,70,1.00E+15,10,0.05,0.815,3.373e-05,83.887,2.593e-05
0.36,1.00E+13,70,1.00E+15,10,1,1.104,2.563e-04,80.953,1.837e-04
0.36,1.00E+13,70,1.00E+15,15,0.05,0.815,3.386e-05,83.857,2.600e-05
0.36,1.00E+13,70,1.00E+15,15,1,1.104,2.569e-04,80.935,1.841e-04
0.36,1.00E+13,70,1.00E+15,20,0.05,0.815,3.426e-05,83.826,2.615e-05
0.36,1.00E+13,70,1.00E+15,20,1,1.106,2.581e-04,80.912,1.852e-04
0.36,1.00E+13,70,1.00E+15,30,0.05,0.817,3.544e-05,83.777,2.660e-05
0.36,1.00E+13,70,1.00E+15,30,1,1.109,2.620e-04,80.794,1.884e-04
0.36,1.00E+13,70,1.00E+15,40,0.05,0.716,3.538e-05,82.205,2.208e-05
0.36,1.00E+13,70,1.00E+15,40,1,1.057,2.770e-04,79.997,1.920e-04
0.36,1.00E+13,70,1.00E+16,10,0.05,0.819,3.719e-05,83.879,2.711e-05
0.36,1.00E+13,70,1.00E+16,10,1,1.12,2.640e-04,80.911,1.913e-04
0.36,1.00E+13,70,1.00E+16,15,0.05,0.82,3.807e-05,83.853,2.756e-05
0.36,1.00E+13,70,1.00E+16,15,1,1.122,2.663e-04,80.902,1.933e-04
0.36,1.00E+13,70,1.00E+16,20,0.05,0.821,3.881e-05,83.859,2.794e-05
0.36,1.00E+13,70,1.00E+16,20,1,1.121,2.686e-04,80.91,1.947e-04
0.36,1.00E+13,70,1.00E+16,30,0.05,0.815,4.036e-05,83.657,2.863e-05
0.36,1.00E+13,70,1.00E+16,30,1,1.105,2.760e-04,80.598,1.979e-04
0.36,1.00E+13,70,1.00E+16,40,0.05,0.117,3.794e-05,1409.148,1.593e-05
0.36,1.00E+13,70,1.00E+16,40,1,0.407,3.804e-04,1079.531,1.817e-04
0.36,1.00E+13,70,1.00E+17,10,0.05,0.82,4.243e-05,83.922,2.979e-05
0.36,1.00E+13,70,1.00E+17,10,1,1.108,2.798e-04,80.87,2.010e-04
0.36,1.00E+13,70,1.00E+17,15,0.05,0.814,4.308e-05,83.664,3.024e-05
0.36,1.00E+13,70,1.00E+17,15,1,1.094,2.844e-04,80.661,2.023e-04
0.36,1.00E+13,70,1.00E+17,20,0.05,0.805,4.445e-05,83.176,3.112e-05
0.36,1.00E+13,70,1.00E+17,20,1,1.075,2.911e-04,80.335,2.043e-04
0.36,1.00E+13,70,1.00E+17,30,0.05,0.774,4.535e-05,82.666,3.036e-05
0.36,1.00E+13,70,1.00E+17,30,1,1.039,3.028e-04,80.126,2.072e-04
0.36,1.00E+13,70,1.00E+18,10,0.05,0.808,4.483e-05,83.362,3.135e-05
0.36,1.00E+13,70,1.00E+18,10,1,1.08,2.911e-04,80.504,2.050e-04
0.36,1.00E+13,70,1.00E+18,15,0.05,0.797,4.586e-05,83.144,3.197e-05
0.36,1.00E+13,70,1.00E+18,15,1,1.056,2.984e-04,80.269,2.067e-04
0.36,1.00E+13,70,1.00E+18,20,0.05,0.78,4.828e-05,82.707,3.351e-05
0.36,1.00E+13,70,1.00E+18,20,1,1.02,3.107e-04,80.377,2.099e-04
0.36,1.00E+13,70,1.00E+18,30,0.05,0.596,4.843e-05,83.404,2.644e-05
0.36,1.00E+13,70,1.00E+18,30,1,0.886,3.486e-04,89.252,2.160e-04
0.36,1.00E+14,10,1.00E+14,10,0.05,0.854,3.429e-05,85.802,2.645e-05
0.36,1.00E+14,10,1.00E+14,10,1,1.174,2.478e-04,82.958,1.868e-04
0.36,1.00E+14,10,1.00E+14,15,0.05,0.854,3.437e-05,85.788,2.649e-05
0.36,1.00E+14,10,1.00E+14,15,1,1.173,2.483e-04,82.935,1.871e-04
0.36,1.00E+14,10,1.00E+14,20,0.05,0.853,3.442e-05,85.766,2.651e-05
0.36,1.00E+14,10,1.00E+14,20,1,1.172,2.486e-04,82.909,1.872e-04
0.36,1.00E+14,10,1.00E+14,30,0.05,0.853,3.468e-05,85.698,2.664e-05
0.36,1.00E+14,10,1.00E+14,30,1,1.17,2.501e-04,82.817,1.880e-04
0.36,1.00E+14,10,1.00E+14,40,0.05,0.842,3.492e-05,85.349,2.620e-05
0.36,1.00E+14,10,1.00E+14,40,1,1.161,2.538e-04,82.466,1.895e-04
0.36,1.00E+14,10,1.00E+15,10,0.05,0.857,3.753e-05,85.68,2.750e-05
0.36,1.00E+14,10,1.00E+15,10,1,1.178,2.540e-04,82.798,1.922e-04
0.36,1.00E+14,10,1.00E+15,15,0.05,0.857,3.755e-05,85.65,2.752e-05
0.36,1.00E+14,10,1.00E+15,15,1,1.177,2.544e-04,82.762,1.922e-04
0.36,1.00E+14,10,1.00E+15,20,0.05,0.856,3.767e-05,85.601,2.757e-05
0.36,1.00E+14,10,1.00E+15,20,1,1.175,2.550e-04,82.715,1.925e-04
0.36,1.00E+14,10,1.00E+15,30,0.05,0.852,3.832e-05,85.324,2.791e-05
0.36,1.00E+14,10,1.00E+15,30,1,1.165,2.593e-04,82.366,1.941e-04
0.36,1.00E+14,10,1.00E+15,40,0.05,0.759,3.834e-05,83.238,2.382e-05
0.36,1.00E+14,10,1.00E+15,40,1,1.108,2.778e-04,80.932,1.995e-04
0.36,1.00E+14,10,1.00E+16,10,0.05,0.857,3.899e-05,85.557,2.797e-05
0.36,1.00E+14,10,1.00E+16,10,1,1.177,2.570e-04,82.668,1.942e-04
0.36,1.00E+14,10,1.00E+16,15,0.05,0.854,3.942e-05,85.404,2.819e-05
0.36,1.00E+14,10,1.00E+16,15,1,1.17,2.595e-04,82.477,1.951e-04
0.36,1.00E+14,10,1.00E+16,20,0.05,0.85,3.994e-05,85.181,2.846e-05
0.36,1.00E+14,10,1.00E+16,20,1,1.161,2.626e-04,82.231,1.961e-04
0.36,1.00E+14,10,1.00E+16,30,0.05,0.834,4.137e-05,84.354,2.919e-05
0.36,1.00E+14,10,1.00E+16,30,1,1.131,2.729e-04,81.303,1.993e-04
0.36,1.00E+14,10,1.00E+16,40,0.05,0.177,3.884e-05,1373.141,1.673e-05
0.36,1.00E+14,10,1.00E+16,40,1,0.454,3.817e-04,1055.242,1.865e-04
0.36,1.00E+14,10,1.00E+17,10,0.05,0.834,4.231e-05,84.491,2.983e-05
0.36,1.00E+14,10,1.00E+17,10,1,1.127,2.751e-04,81.413,2.004e-04
0.36,1.00E+14,10,1.00E+17,15,0.05,0.824,4.334e-05,84.074,3.052e-05
0.36,1.00E+14,10,1.00E+17,15,1,1.105,2.821e-04,80.972,2.022e-04
0.36,1.00E+14,10,1.00E+17,20,0.05,0.811,4.469e-05,83.593,3.142e-05
0.36,1.00E+14,10,1.00E+17,20,1,1.082,2.896e-04,80.511,2.043e-04
0.36,1.00E+14,10,1.00E+17,30,0.05,0.779,4.589e-05,82.781,3.083e-05
0.36,1.00E+14,10,1.00E+17,30,1,1.041,3.031e-04,80.239,2.078e-04
0.36,1.00E+14,10,1.00E+18,10,0.05,0.815,4.481e-05,83.874,3.150e-05
0.36,1.00E+14,10,1.00E+18,10,1,1.088,2.888e-04,80.697,2.046e-04
0.36,1.00E+14,10,1.00E+18,15,0.05,0.801,4.623e-05,83.282,3.242e-05
0.36,1.00E+14,10,1.00E+18,15,1,1.058,2.982e-04,80.4,2.068e-04
0.36,1.00E+14,10,1.00E+18,20,0.05,0.787,4.875e-05,82.723,3.475e-05
0.36,1.00E+14,10,1.00E+18,20,1,1.019,3.113e-04,80.435,2.101e-04
0.36,1.00E+14,10,1.00E+18,30,0.05,0.595,4.982e-05,83.961,2.721e-05
0.36,1.00E+14,10,1.00E+18,30,1,0.878,3.542e-04,90.262,2.184e-04
0.36,1.00E+14,20,1.00E+14,10,0.05,0.84,3.501e-05,85.24,2.707e-05
0.36,1.00E+14,20,1.00E+14,10,1,1.147,2.555e-04,82.351,1.888e-04
0.36,1.00E+14,20,1.00E+14,15,0.05,0.84,3.508e-05,85.238,2.710e-05
0.36,1.00E+14,20,1.00E+14,15,1,1.147,2.557e-04,82.346,1.890e-04
0.36,1.00E+14,20,1.00E+14,20,0.05,0.841,3.518e-05,85.221,2.714e-05
0.36,1.00E+14,20,1.00E+14,20,1,1.148,2.559e-04,82.337,1.892e-04
0.36,1.00E+14,20,1.00E+14,30,0.05,0.841,3.527e-05,85.199,2.718e-05
0.36,1.00E+14,20,1.00E+14,30,1,1.146,2.565e-04,82.301,1.895e-04
0.36,1.00E+14,20,1.00E+14,40,0.05,0.832,3.540e-05,84.948,2.665e-05
0.36,1.00E+14,20,1.00E+14,40,1,1.142,2.589e-04,82.085,1.906e-04
0.36,1.00E+14,20,1.00E+15,10,0.05,0.845,3.824e-05,85.17,2.809e-05
0.36,1.00E+14,20,1.00E+15,10,1,1.155,2.608e-04,82.27,1.940e-04
0.36,1.00E+14,20,1.00E+15,15,0.05,0.845,3.818e-05,85.169,2.807e-05
0.36,1.00E+14,20,1.00E+15,15,1,1.155,2.608e-04,82.266,1.938e-04
0.36,1.00E+14,20,1.00E+15,20,0.05,0.845,3.827e-05,85.153,2.810e-05
0.36,1.00E+14,20,1.00E+15,20,1,1.154,2.609e-04,82.256,1.939e-04
0.36,1.00E+14,20,1.00E+15,30,0.05,0.844,3.876e-05,85.06,2.830e-05
0.36,1.00E+14,20,1.00E+15,30,1,1.151,2.633e-04,82.091,1.951e-04
0.36,1.00E+14,20,1.00E+15,40,0.05,0.753,3.844e-05,83.18,2.379e-05
0.36,1.00E+14,20,1.00E+15,40,1,1.101,2.797e-04,80.953,1.999e-04
0.36,1.00E+14,20,1.00E+16,10,0.05,0.846,3.947e-05,85.137,2.845e-05
0.36,1.00E+14,20,1.00E+16,10,1,1.157,2.626e-04,82.237,1.955e-04
0.36,1.00E+14,20,1.00E+16,15,0.05,0.846,3.988e-05,85.086,2.861e-05
0.36,1.00E+14,20,1.00E+16,15,1,1.155,2.640e-04,82.153,1.962e-04
0.36,1.00E+14,20,1.00E+16,20,0.05,0.844,4.018e-05,84.989,2.874e-05
0.36,1.00E+14,20,1.00E+16,20,1,1.151,2.654e-04,82.044,1.968e-04
0.36,1.00E+14,20,1.00E+16,30,0.05,0.833,4.129e-05,84.372,2.923e-05
0.36,1.00E+14,20,1.00E+16,30,1,1.129,2.731e-04,81.346,1.992e-04
0.36,1.00E+14,20,1.00E+16,40,0.05,0.167,3.874e-05,1372.899,1.662e-05
0.36,1.00E+14,20,1.00E+16,40,1,0.447,3.818e-04,1056.327,1.860e-04
0.36,1.00E+14,20,1.00E+17,10,0.05,0.835,4.183e-05,84.483,2.957e-05
0.36,1.00E+14,20,1.00E+17,10,1,1.131,2.734e-04,81.45,1.997e-04
0.36,1.00E+14,20,1.00E+17,15,0.05,0.824,4.321e-05,84.083,3.047e-05
0.36,1.00E+14,20,1.00E+17,15,1,1.105,2.819e-04,81.053,2.021e-04
0.36,1.00E+14,20,1.00E+17,20,0.05,0.812,4.449e-05,83.593,3.132e-05
0.36,1.00E+14,20,1.00E+17,20,1,1.083,2.890e-04,80.516,2.040e-04
0.36,1.00E+14,20,1.00E+17,30,0.05,0.779,4.553e-05,82.747,3.061e-05
0.36,1.00E+14,20,1.00E+17,30,1,1.044,3.018e-04,80.131,2.072e-04
0.36,1.00E+14,20,1.00E+18,10,0.05,0.815,4.474e-05,83.871,3.148e-05
0.36,1.00E+14,20,1.00E+18,10,1,1.088,2.887e-04,80.689,2.044e-04
0.36,1.00E+14,20,1.00E+18,15,0.05,0.802,4.599e-05,83.215,3.229e-05
0.36,1.00E+14,20,1.00E+18,15,1,1.06,2.973e-04,80.347,2.064e-04
0.36,1.00E+14,20,1.00E+18,20,0.05,0.788,4.849e-05,82.727,3.458e-05
0.36,1.00E+14,20,1.00E+18,20,1,1.02,3.104e-04,80.404,2.097e-04
0.36,1.00E+14,20,1.00E+18,30,0.05,0.598,4.894e-05,83.568,2.676e-05
0.36,1.00E+14,20,1.00E+18,30,1,0.885,3.501e-04,89.356,2.168e-04
0.36,1.00E+14,30,1.00E+14,10,0.05,0.832,3.528e-05,84.858,2.745e-05
0.36,1.00E+14,30,1.00E+14,10,1,1.129,2.605e-04,81.962,1.899e-04
0.36,1.00E+14,30,1.00E+14,15,0.05,0.831,3.519e-05,84.852,2.742e-05
0.36,1.00E+14,30,1.00E+14,15,1,1.128,2.603e-04,81.96,1.897e-04
0.36,1.00E+14,30,1.00E+14,20,0.05,0.832,3.527e-05,84.854,2.744e-05
0.36,1.00E+14,30,1.00E+14,20,1,1.128,2.605e-04,81.959,1.899e-04
0.36,1.00E+14,30,1.00E+14,30,0.05,0.833,3.541e-05,84.865,2.750e-05
0.36,1.00E+14,30,1.00E+14,30,1,1.129,2.609e-04,81.951,1.903e-04
0.36,1.00E+14,30,1.00E+14,40,0.05,0.824,3.548e-05,84.649,2.685e-05
0.36,1.00E+14,30,1.00E+14,40,1,1.126,2.629e-04,81.777,1.914e-04
0.36,1.00E+14,30,1.00E+15,10,0.05,0.835,3.809e-05,84.817,2.829e-05
0.36,1.00E+14,30,1.00E+15,10,1,1.137,2.648e-04,81.917,1.942e-04
0.36,1.00E+14,30,1.00E+15,15,0.05,0.837,3.852e-05,84.831,2.845e-05
0.36,1.00E+14,30,1.00E+15,15,1,1.138,2.656e-04,81.902,1.950e-04
0.36,1.00E+14,30,1.00E+15,20,0.05,0.837,3.859e-05,84.824,2.846e-05
0.36,1.00E+14,30,1.00E+15,20,1,1.138,2.658e-04,81.897,1.951e-04
0.36,1.00E+14,30,1.00E+15,30,0.05,0.837,3.899e-05,84.784,2.861e-05
0.36,1.00E+14,30,1.00E+15,30,1,1.137,2.672e-04,81.815,1.960e-04
0.36,1.00E+14,30,1.00E+15,40,0.05,0.745,3.841e-05,83.153,2.371e-05
0.36,1.00E+14,30,1.00E+15,40,1,1.09,2.822e-04,80.931,2.002e-04
0.36,1.00E+14,30,1.00E+16,10,0.05,0.838,3.995e-05,84.801,2.886e-05
0.36,1.00E+14,30,1.00E+16,10,1,1.141,2.676e-04,81.872,1.969e-04
0.36,1.00E+14,30,1.00E+16,15,0.05,0.838,4.027e-05,84.759,2.899e-05
0.36,1.00E+14,30,1.00E+16,15,1,1.14,2.685e-04,81.84,1.974e-04
0.36,1.00E+14,30,1.00E+16,20,0.05,0.837,4.053e-05,84.749,2.910e-05
0.36,1.00E+14,30,1.00E+16,20,1,1.138,2.695e-04,81.78,1.978e-04
0.36,1.00E+14,30,1.00E+16,30,0.05,0.829,4.154e-05,84.351,2.950e-05
0.36,1.00E+14,30,1.00E+16,30,1,1.12,2.759e-04,81.269,1.999e-04
0.36,1.00E+14,30,1.00E+16,40,0.05,0.151,3.888e-05,1378.376,1.656e-05
0.36,1.00E+14,30,1.00E+16,40,1,0.432,3.844e-04,1064.54,1.859e-04
0.36,1.00E+14,30,1.00E+17,10,0.05,0.832,4.207e-05,84.508,2.981e-05
0.36,1.00E+14,30,1.00E+17,10,1,1.123,2.758e-04,81.404,2.004e-04
0.36,1.00E+14,30,1.00E+17,15,0.05,0.822,4.338e-05,84.106,3.063e-05
0.36,1.00E+14,30,1.00E+17,15,1,1.102,2.832e-04,81.009,2.025e-04
0.36,1.00E+14,30,1.00E+17,20,0.05,0.81,4.478e-05,83.652,3.155e-05
0.36,1.00E+14,30,1.00E+17,20,1,1.079,2.907e-04,80.484,2.045e-04
0.36,1.00E+14,30,1.00E+17,30,0.05,0.778,4.590e-05,82.787,3.088e-05
0.36,1.00E+14,30,1.00E+17,30,1,1.039,3.037e-04,80.283,2.079e-04
0.36,1.00E+14,30,1.00E+18,10,0.05,0.814,4.498e-05,83.654,3.167e-05
0.36,1.00E+14,30,1.00E+18,10,1,1.085,2.900e-04,80.661,2.049e-04
0.36,1.00E+14,30,1.00E+18,15,0.05,0.8,4.632e-05,83.297,3.251e-05
0.36,1.00E+14,30,1.00E+18,15,1,1.055,2.990e-04,80.43,2.070e-04
0.36,1.00E+14,30,1.00E+18,20,0.05,0.786,4.894e-05,82.679,3.489e-05
0.36,1.00E+14,30,1.00E+18,20,1,1.016,3.122e-04,80.444,2.104e-04
0.36,1.00E+14,30,1.00E+18,30,0.05,0.595,4.956e-05,83.882,2.707e-05
0.36,1.00E+14,30,1.00E+18,30,1,0.879,3.530e-04,90.011,2.178e-04
0.36,1.00E+14,50,1.00E+14,10,0.05,0.817,3.551e-05,84.372,2.789e-05
0.36,1.00E+14,50,1.00E+14,10,1,1.096,2.677e-04,81.394,1.907e-04
0.36,1.00E+14,50,1.00E+14,15,0.05,0.817,3.547e-05,84.372,2.788e-05
0.36,1.00E+14,50,1.00E+14,15,1,1.096,2.676e-04,81.392,1.907e-04
0.36,1.00E+14,50,1.00E+14,20,0.05,0.817,3.547e-05,84.373,2.788e-05
0.36,1.00E+14,50,1.00E+14,20,1,1.096,2.676e-04,81.394,1.907e-04
0.36,1.00E+14,50,1.00E+14,30,0.05,0.818,3.552e-05,84.375,2.789e-05
0.36,1.00E+14,50,1.00E+14,30,1,1.097,2.678e-04,81.393,1.909e-04
0.36,1.00E+14,50,1.00E+14,40,0.05,0.81,3.552e-05,84.205,2.712e-05
0.36,1.00E+14,50,1.00E+14,40,1,1.096,2.694e-04,81.274,1.918e-04
0.36,1.00E+14,50,1.00E+15,10,0.05,0.821,3.823e-05,84.346,2.868e-05
0.36,1.00E+14,50,1.00E+15,10,1,1.105,2.720e-04,81.359,1.950e-04
0.36,1.00E+14,50,1.00E+15,15,0.05,0.821,3.843e-05,84.345,2.874e-05
0.36,1.00E+14,50,1.00E+15,15,1,1.105,2.723e-04,81.357,1.953e-04
0.36,1.00E+14,50,1.00E+15,20,0.05,0.822,3.879e-05,84.345,2.885e-05
0.36,1.00E+14,50,1.00E+15,20,1,1.107,2.729e-04,81.353,1.960e-04
0.36,1.00E+14,50,1.00E+15,30,0.05,0.824,3.918e-05,84.352,2.896e-05
0.36,1.00E+14,50,1.00E+15,30,1,1.109,2.737e-04,81.328,1.968e-04
0.36,1.00E+14,50,1.00E+15,40,0.05,0.729,3.841e-05,82.931,2.367e-05
0.36,1.00E+14,50,1.00E+15,40,1,1.067,2.869e-04,80.849,2.002e-04
0.36,1.00E+14,50,1.00E+16,10,0.05,0.822,3.966e-05,84.332,2.909e-05
0.36,1.00E+14,50,1.00E+16,10,1,1.109,2.741e-04,81.343,1.970e-04
0.36,1.00E+14,50,1.00E+16,15,0.05,0.824,4.041e-05,84.33,2.931e-05
0.36,1.00E+14,50,1.00E+16,15,1,1.111,2.753e-04,81.332,1.982e-04
0.36,1.00E+14,50,1.00E+16,20,0.05,0.824,4.057e-05,84.343,2.937e-05
0.36,1.00E+14,50,1.00E+16,20,1,1.111,2.756e-04,81.324,1.984e-04
0.36,1.00E+14,50,1.00E+16,30,0.05,0.821,4.161e-05,84.128,2.964e-05
0.36,1.00E+14,50,1.00E+16,30,1,1.106,2.793e-04,81.093,2.004e-04
0.36,1.00E+14,50,1.00E+16,40,0.05,0.119,3.875e-05,1385.852,1.629e-05
0.36,1.00E+14,50,1.00E+16,40,1,0.407,3.865e-04,1077.847,1.846e-04
0.36,1.00E+14,50,1.00E+17,10,0.05,0.825,4.124e-05,84.329,2.959e-05
0.36,1.00E+14,50,1.00E+17,10,1,1.113,2.767e-04,81.306,1.994e-04
0.36,1.00E+14,50,1.00E+17,15,0.05,0.822,4.268e-05,84.056,3.021e-05
0.36,1.00E+14,50,1.00E+17,15,1,1.103,2.818e-04,81.005,2.018e-04
0.36,1.00E+14,50,1.00E+17,20,0.05,0.809,4.471e-05,83.311,3.149e-05
0.36,1.00E+14,50,1.00E+17,20,1,1.077,2.912e-04,80.416,2.046e-04
0.36,1.00E+14,50,1.00E+17,30,0.05,0.778,4.547e-05,82.745,3.059e-05
0.36,1.00E+14,50,1.00E+17,30,1,1.041,3.025e-04,80.174,2.074e-04
0.36,1.00E+14,50,1.00E+18,10,0.05,0.82,4.297e-05,83.912,3.036e-05
0.36,1.00E+14,50,1.00E+18,10,1,1.098,2.835e-04,80.841,2.023e-04
0.36,1.00E+14,50,1.00E+18,15,0.05,0.8,4.611e-05,83.255,3.234e-05
0.36,1.00E+14,50,1.00E+18,15,1,1.056,2.987e-04,80.362,2.068e-04
0.36,1.00E+14,50,1.00E+18,20,0.05,0.787,4.853e-05,82.692,3.456e-05
0.36,1.00E+14,50,1.00E+18,20,1,1.019,3.110e-04,80.387,2.099e-04
0.36,1.00E+14,50,1.00E+18,30,0.05,0.603,4.695e-05,82.516,2.572e-05
0.36,1.00E+14,50,1.00E+18,30,1,0.902,3.412e-04,87.162,2.136e-04
0.36,1.00E+14,70,1.00E+14,10,0.05,0.781,3.538e-05,83.414,2.580e-05
0.36,1.00E+14,70,1.00E+14,10,1,1.072,2.760e-04,80.606,1.933e-04
0.36,1.00E+14,70,1.00E+14,15,0.05,0.781,3.535e-05,83.414,2.579e-05
0.36,1.00E+14,70,1.00E+14,15,1,1.072,2.759e-04,80.6,1.933e-04
0.36,1.00E+14,70,1.00E+14,20,0.05,0.781,3.533e-05,83.414,2.579e-05
0.36,1.00E+14,70,1.00E+14,20,1,1.072,2.759e-04,80.606,1.933e-04
0.36,1.00E+14,70,1.00E+14,30,0.05,0.781,3.527e-05,83.414,2.577e-05
0.36,1.00E+14,70,1.00E+14,30,1,1.072,2.758e-04,80.599,1.932e-04
0.36,1.00E+14,70,1.00E+14,40,0.05,0.771,3.512e-05,83.283,2.515e-05
0.36,1.00E+14,70,1.00E+14,40,1,1.068,2.768e-04,80.545,1.933e-04
0.36,1.00E+14,70,1.00E+15,10,0.05,0.785,3.802e-05,83.389,2.656e-05
0.36,1.00E+14,70,1.00E+15,10,1,1.081,2.805e-04,80.583,1.977e-04
0.36,1.00E+14,70,1.00E+15,15,0.05,0.786,3.819e-05,83.387,2.661e-05
0.36,1.00E+14,70,1.00E+15,15,1,1.082,2.808e-04,80.582,1.980e-04
0.36,1.00E+14,70,1.00E+15,20,0.05,0.786,3.842e-05,83.384,2.669e-05
0.36,1.00E+14,70,1.00E+15,20,1,1.082,2.812e-04,80.58,1.983e-04
0.36,1.00E+14,70,1.00E+15,30,0.05,0.789,3.904e-05,83.37,2.687e-05
0.36,1.00E+14,70,1.00E+15,30,1,1.086,2.822e-04,80.558,1.996e-04
0.36,1.00E+14,70,1.00E+15,40,0.05,0.691,3.807e-05,82.341,2.263e-05
0.36,1.00E+14,70,1.00E+15,40,1,1.034,2.932e-04,80.989,2.000e-04
0.36,1.00E+14,70,1.00E+16,10,0.05,0.788,3.955e-05,83.374,2.701e-05
0.36,1.00E+14,70,1.00E+16,10,1,1.086,2.830e-04,80.573,2.001e-04
0.36,1.00E+14,70,1.00E+16,15,0.05,0.789,4.005e-05,83.369,2.715e-05
0.36,1.00E+14,70,1.00E+16,15,1,1.088,2.838e-04,80.567,2.010e-04
0.36,1.00E+14,70,1.00E+16,20,0.05,0.79,4.068e-05,83.362,2.736e-05
0.36,1.00E+14,70,1.00E+16,20,1,1.09,2.848e-04,80.561,2.020e-04
0.36,1.00E+14,70,1.00E+16,30,0.05,0.79,4.184e-05,83.29,2.772e-05
0.36,1.00E+14,70,1.00E+16,30,1,1.089,2.878e-04,80.446,2.040e-04
0.36,1.00E+14,70,1.00E+16,40,0.05,0.077,3.894e-05,1487.992,1.608e-05
0.36,1.00E+14,70,1.00E+16,40,1,0.361,3.922e-04,1147.199,1.834e-04
0.36,1.00E+14,70,1.00E+17,10,0.05,0.79,4.086e-05,83.361,2.741e-05
0.36,1.00E+14,70,1.00E+17,10,1,1.091,2.851e-04,80.561,2.023e-04
0.36,1.00E+14,70,1.00E+17,15,0.05,0.793,4.203e-05,83.377,2.785e-05
0.36,1.00E+14,70,1.00E+17,15,1,1.093,2.872e-04,80.526,2.041e-04
0.36,1.00E+14,70,1.00E+17,20,0.05,0.79,4.340e-05,83.081,2.851e-05
0.36,1.00E+14,70,1.00E+17,20,1,1.083,2.921e-04,80.315,2.062e-04
0.36,1.00E+14,70,1.00E+17,30,0.05,0.753,4.519e-05,82.526,2.859e-05
0.36,1.00E+14,70,1.00E+17,30,1,1.034,3.071e-04,80.359,2.096e-04
0.36,1.00E+14,70,1.00E+18,10,0.05,0.793,4.276e-05,83.228,2.817e-05
0.36,1.00E+14,70,1.00E+18,10,1,1.09,2.896e-04,80.2,2.054e-04
0.36,1.00E+14,70,1.00E+18,15,0.05,0.783,4.479e-05,82.836,2.925e-05
0.36,1.00E+14,70,1.00E+18,15,1,1.069,2.982e-04,80.155,2.084e-04
0.36,1.00E+14,70,1.00E+18,20,0.05,0.759,4.829e-05,82.494,3.125e-05
0.36,1.00E+14,70,1.00E+18,20,1,1.018,3.158e-04,80.541,2.131e-04
0.36,1.00E+14,70,1.00E+18,30,0.05,0.586,4.625e-05,82.709,2.490e-05
0.36,1.00E+14,70,1.00E+18,30,1,0.892,3.424e-04,89.76,2.130e-04
0.36,1.00E+15,10,1.00E+14,10,0.05,0.859,3.954e-05,85.758,2.865e-05
0.36,1.00E+15,10,1.00E+14,10,1,1.177,2.579e-04,82.994,1.949e-04
0.36,1.00E+15,10,1.00E+14,15,0.05,0.859,3.968e-05,85.749,2.871e-05
0.36,1.00E+15,10,1.00E+14,15,1,1.172,2.583e-04,82.995,1.945e-04
0.36,1.00E+15,10,1.00E+14,20,0.05,0.859,3.980e-05,85.723,2.878e-05
0.36,1.00E+15,10,1.00E+14,20,1,1.176,2.589e-04,82.949,1.955e-04
0.36,1.00E+15,10,1.00E+14,30,0.05,0.859,4.001e-05,85.663,2.889e-05
0.36,1.00E+15,10,1.00E+14,30,1,1.173,2.601e-04,82.871,1.961e-04
0.36,1.00E+15,10,1.00E+14,40,0.05,0.848,4.019e-05,85.393,2.812e-05
0.36,1.00E+15,10,1.00E+14,40,1,1.168,2.633e-04,82.605,1.977e-04
0.36,1.00E+15,10,1.00E+15,10,0.05,0.86,4.068e-05,85.668,2.907e-05
0.36,1.00E+15,10,1.00E+15,10,1,1.171,2.607e-04,82.892,1.962e-04
0.36,1.00E+15,10,1.00E+15,15,0.05,0.859,4.065e-05,85.66,2.905e-05
0.36,1.00E+15,10,1.00E+15,15,1,1.175,2.608e-04,82.867,1.967e-04
0.36,1.00E+15,10,1.00E+15,20,0.05,0.859,4.071e-05,85.636,2.908e-05
0.36,1.00E+15,10,1.00E+15,20,1,1.173,2.611e-04,82.834,1.969e-04
0.36,1.00E+15,10,1.00E+15,30,0.05,0.855,4.124e-05,85.389,2.937e-05
0.36,1.00E+15,10,1.00E+15,30,1,1.164,2.649e-04,82.547,1.983e-04
0.36,1.00E+15,10,1.00E+15,40,0.05,0.769,4.053e-05,83.561,2.476e-05
0.36,1.00E+15,10,1.00E+15,40,1,1.116,2.822e-04,81.396,2.039e-04
0.36,1.00E+15,10,1.00E+16,10,0.05,0.859,4.130e-05,85.585,2.925e-05
0.36,1.00E+15,10,1.00E+16,10,1,1.173,2.623e-04,82.777,1.976e-04
0.36,1.00E+15,10,1.00E+16,15,0.05,0.856,4.169e-05,85.415,2.946e-05
0.36,1.00E+15,10,1.00E+16,15,1,1.166,2.648e-04,82.578,1.985e-04
0.36,1.00E+15,10,1.00E+16,20,0.05,0.852,4.201e-05,85.256,2.964e-05
0.36,1.00E+15,10,1.00E+16,20,1,1.159,2.672e-04,82.371,1.992e-04
0.36,1.00E+15,10,1.00E+16,30,0.05,0.838,4.314e-05,84.682,3.016e-05
0.36,1.00E+15,10,1.00E+16,30,1,1.133,2.761e-04,81.55,2.020e-04
0.36,1.00E+15,10,1.00E+16,40,0.05,0.203,4.024e-05,1390.881,1.752e-05
0.36,1.00E+15,10,1.00E+16,40,1,0.46,3.888e-04,1061.524,1.906e-04
0.36,1.00E+15,10,1.00E+17,10,0.05,0.839,4.347e-05,84.823,3.048e-05
0.36,1.00E+15,10,1.00E+17,10,1,1.132,2.767e-04,81.599,2.023e-04
0.36,1.00E+15,10,1.00E+17,15,0.05,0.826,4.455e-05,84.314,3.118e-05
0.36,1.00E+15,10,1.00E+17,15,1,1.107,2.846e-04,81.14,2.043e-04
0.36,1.00E+15,10,1.00E+17,20,0.05,0.812,4.583e-05,83.623,3.205e-05
0.36,1.00E+15,10,1.00E+17,20,1,1.081,2.927e-04,80.525,2.063e-04
0.36,1.00E+15,10,1.00E+17,30,0.05,0.783,4.652e-05,82.832,3.106e-05
0.36,1.00E+15,10,1.00E+17,30,1,1.049,3.034e-04,80.122,2.090e-04
0.36,1.00E+15,10,1.00E+18,10,0.05,0.818,4.558e-05,83.945,3.189e-05
0.36,1.00E+15,10,1.00E+18,10,1,1.092,2.901e-04,80.805,2.059e-04
0.36,1.00E+15,10,1.00E+18,15,0.05,0.804,4.663e-05,83.403,3.254e-05
0.36,1.00E+15,10,1.00E+18,15,1,1.064,2.981e-04,80.343,2.076e-04
0.36,1.00E+15,10,1.00E+18,20,0.05,0.787,4.824e-05,82.838,3.357e-05
0.36,1.00E+15,10,1.00E+18,20,1,1.028,3.087e-04,80.341,2.096e-04
0.36,1.00E+15,10,1.00E+18,30,0.05,0.603,4.830e-05,83.001,2.642e-05
0.36,1.00E+15,10,1.00E+18,30,1,0.895,3.469e-04,88.461,2.161e-04
0.36,1.00E+15,20,1.00E+14,10,0.05,0.845,4.140e-05,85.362,2.992e-05
0.36,1.00E+15,20,1.00E+14,10,1,1.146,2.694e-04,82.498,1.990e-04
0.36,1.00E+15,20,1.00E+14,15,0.05,0.845,4.144e-05,85.363,2.994e-05
0.36,1.00E+15,20,1.00E+14,15,1,1.146,2.695e-04,82.492,1.991e-04
0.36,1.00E+15,20,1.00E+14,20,0.05,0.845,4.153e-05,85.355,2.999e-05
0.36,1.00E+15,20,1.00E+14,20,1,1.146,2.698e-04,82.489,1.993e-04
0.36,1.00E+15,20,1.00E+14,30,0.05,0.846,4.172e-05,85.339,3.009e-05
0.36,1.00E+15,20,1.00E+14,30,1,1.146,2.705e-04,82.459,1.997e-04
0.36,1.00E+15,20,1.00E+14,40,0.05,0.837,4.178e-05,85.095,2.923e-05
0.36,1.00E+15,20,1.00E+14,40,1,1.143,2.729e-04,82.253,2.012e-04
0.36,1.00E+15,20,1.00E+15,10,0.05,0.846,4.202e-05,85.346,3.011e-05
0.36,1.00E+15,20,1.00E+15,10,1,1.147,2.703e-04,82.479,1.998e-04
0.36,1.00E+15,20,1.00E+15,15,0.05,0.846,4.233e-05,85.313,3.026e-05
0.36,1.00E+15,20,1.00E+15,15,1,1.146,2.713e-04,82.44,2.005e-04
0.36,1.00E+15,20,1.00E+15,20,0.05,0.846,4.225e-05,85.325,3.021e-05
0.36,1.00E+15,20,1.00E+15,20,1,1.146,2.710e-04,82.447,2.002e-04
0.36,1.00E+15,20,1.00E+15,30,0.05,0.845,4.266e-05,85.278,3.042e-05
0.36,1.00E+15,20,1.00E+15,30,1,1.143,2.731e-04,82.303,2.012e-04
0.36,1.00E+15,20,1.00E+15,40,0.05,0.76,4.132e-05,83.576,2.506e-05
0.36,1.00E+15,20,1.00E+15,40,1,1.102,2.879e-04,81.581,2.059e-04
0.36,1.00E+15,20,1.00E+16,10,0.05,0.846,4.286e-05,85.281,3.040e-05
0.36,1.00E+15,20,1.00E+16,10,1,1.146,2.723e-04,82.389,2.010e-04
0.36,1.00E+15,20,1.00E+16,15,0.05,0.845,4.297e-05,85.244,3.045e-05
0.36,1.00E+15,20,1.00E+16,15,1,1.144,2.729e-04,82.297,2.012e-04
0.36,1.00E+15,20,1.00E+16,20,0.05,0.843,4.331e-05,85.152,3.064e-05
0.36,1.00E+15,20,1.00E+16,20,1,1.138,2.750e-04,82.165,2.020e-04
0.36,1.00E+15,20,1.00E+16,30,0.05,0.832,4.422e-05,84.632,3.101e-05
0.36,1.00E+15,20,1.00E+16,30,1,1.118,2.819e-04,81.514,2.040e-04
0.36,1.00E+15,20,1.00E+16,40,0.05,0.175,4.128e-05,1378.68,1.776e-05
0.36,1.00E+15,20,1.00E+16,40,1,0.436,3.968e-04,1067.316,1.923e-04
0.36,1.00E+15,20,1.00E+17,10,0.05,0.837,4.421e-05,84.825,3.109e-05
0.36,1.00E+15,20,1.00E+17,10,1,1.125,2.801e-04,81.717,2.037e-04
0.36,1.00E+15,20,1.00E+17,15,0.05,0.824,4.539e-05,84.052,3.187e-05
0.36,1.00E+15,20,1.00E+17,15,1,1.1,2.880e-04,81.121,2.058e-04
0.36,1.00E+15,20,1.00E+17,20,0.05,0.81,4.672e-05,83.484,3.276e-05
0.36,1.00E+15,20,1.00E+17,20,1,1.074,2.966e-04,80.707,2.079e-04
0.36,1.00E+15,20,1.00E+17,30,0.05,0.781,4.734e-05,82.928,3.168e-05
0.36,1.00E+15,20,1.00E+17,30,1,1.041,3.069e-04,80.456,2.104e-04
0.36,1.00E+15,20,1.00E+18,10,0.05,0.825,4.528e-05,84.086,3.174e-05
0.36,1.00E+15,20,1.00E+18,10,1,1.101,2.877e-04,81.082,2.056e-04
0.36,1.00E+15,20,1.00E+18,15,0.05,0.802,4.741e-05,83.426,3.314e-05
0.36,1.00E+15,20,1.00E+18,15,1,1.057,3.015e-04,80.573,2.089e-04
0.36,1.00E+15,20,1.00E+18,20,0.05,0.786,4.893e-05,82.859,3.409e-05
0.36,1.00E+15,20,1.00E+18,20,1,1.024,3.112e-04,80.488,2.108e-04
0.36,1.00E+15,20,1.00E+18,30,0.05,0.604,4.837e-05,82.962,2.649e-05
0.36,1.00E+15,20,1.00E+18,30,1,0.897,3.470e-04,88.301,2.164e-04
0.36,1.00E+15,30,1.00E+14,10,0.05,0.835,4.212e-05,84.9,3.043e-05
0.36,1.00E+15,30,1.00E+14,10,1,1.128,2.753e-04,82.056,2.006e-04
0.36,1.00E+15,30,1.00E+14,15,0.05,0.835,4.211e-05,84.898,3.043e-05
0.36,1.00E+15,30,1.00E+14,15,1,1.128,2.753e-04,82.055,2.006e-04
0.36,1.00E+15,30,1.00E+14,20,0.05,0.835,4.213e-05,84.891,3.044e-05
0.36,1.00E+15,30,1.00E+14,20,1,1.128,2.754e-04,82.051,2.006e-04
0.36,1.00E+15,30,1.00E+14,30,0.05,0.836,4.227e-05,84.874,3.051e-05
0.36,1.00E+15,30,1.00E+14,30,1,1.128,2.758e-04,82.034,2.009e-04
0.36,1.00E+15,30,1.00E+14,40,0.05,0.828,4.234e-05,84.685,2.969e-05
0.36,1.00E+15,30,1.00E+14,40,1,1.127,2.780e-04,81.897,2.024e-04
0.36,1.00E+15,30,1.00E+15,10,0.05,0.836,4.262e-05,84.892,3.058e-05
0.36,1.00E+15,30,1.00E+15,10,1,1.129,2.759e-04,82.05,2.012e-04
0.36,1.00E+15,30,1.00E+15,15,0.05,0.836,4.272e-05,84.879,3.061e-05
0.36,1.00E+15,30,1.00E+15,15,1,1.129,2.761e-04,82.041,2.014e-04
0.36,1.00E+15,30,1.00E+15,20,0.05,0.836,4.294e-05,84.857,3.072e-05
0.36,1.00E+15,30,1.00E+15,20,1,1.128,2.768e-04,82.01,2.018e-04
0.36,1.00E+15,30,1.00E+15,30,0.05,0.836,4.317e-05,84.821,3.082e-05
0.36,1.00E+15,30,1.00E+15,30,1,1.127,2.777e-04,81.952,2.023e-04
0.36,1.00E+15,30,1.00E+15,40,0.05,0.75,4.169e-05,83.391,2.520e-05
0.36,1.00E+15,30,1.00E+15,40,1,1.089,2.914e-04,81.505,2.065e-04
0.36,1.00E+15,30,1.00E+16,10,0.05,0.836,4.311e-05,84.883,3.072e-05
0.36,1.00E+15,30,1.00E+16,10,1,1.129,2.766e-04,82.036,2.018e-04
0.36,1.00E+15,30,1.00E+16,15,0.05,0.837,4.350e-05,84.841,3.088e-05
0.36,1.00E+15,30,1.00E+16,15,1,1.128,2.778e-04,81.969,2.025e-04
0.36,1.00E+15,30,1.00E+16,20,0.05,0.836,4.356e-05,84.799,3.090e-05
0.36,1.00E+15,30,1.00E+16,20,1,1.127,2.781e-04,81.936,2.026e-04
0.36,1.00E+15,30,1.00E+16,30,0.05,0.827,4.455e-05,84.317,3.132e-05
0.36,1.00E+15,30,1.00E+16,30,1,1.109,2.847e-04,81.36,2.047e-04
0.36,1.00E+15,30,1.00E+16,40,0.05,0.156,4.174e-05,1369.002,1.782e-05
0.36,1.00E+15,30,1.00E+16,40,1,0.422,4.005e-04,1069.784,1.927e-04
0.36,1.00E+15,30,1.00E+17,10,0.05,0.836,4.388e-05,84.777,3.101e-05
0.36,1.00E+15,30,1.00E+17,10,1,1.126,2.789e-04,81.889,2.031e-04
0.36,1.00E+15,30,1.00E+17,15,0.05,0.827,4.499e-05,84.219,3.167e-05
0.36,1.00E+15,30,1.00E+17,15,1,1.106,2.859e-04,81.29,2.052e-04
0.36,1.00E+15,30,1.00E+17,20,0.05,0.811,4.663e-05,83.58,3.274e-05
0.36,1.00E+15,30,1.00E+17,30,0.05,0.78,4.742e-05,83.004,3.180e-05
0.36,1.00E+15,30,1.00E+17,30,1,1.039,3.075e-04,80.555,2.105e-04
0.36,1.00E+15,30,1.00E+18,10,0.05,0.824,4.529e-05,84.058,3.183e-05
0.36,1.00E+15,30,1.00E+18,10,1,1.1,2.880e-04,81.092,2.057e-04
0.36,1.00E+15,30,1.00E+18,15,0.05,0.801,4.760e-05,83.507,3.333e-05
0.36,1.00E+15,30,1.00E+18,15,1,1.053,3.026e-04,80.727,2.091e-04
0.36,1.00E+15,30,1.00E+18,20,0.05,0.785,4.906e-05,82.872,3.423e-05
0.36,1.00E+15,30,1.00E+18,20,1,1.022,3.118e-04,80.538,2.110e-04
0.36,1.00E+15,30,1.00E+18,30,0.05,0.608,4.801e-05,82.675,2.634e-05
0.36,1.00E+15,30,1.00E+18,30,1,0.904,3.442e-04,87.547,2.157e-04
0.36,1.00E+15,50,1.00E+14,10,0.05,0.817,4.391e-05,83.956,3.140e-05
0.36,1.00E+15,50,1.00E+14,10,1,1.093,2.884e-04,81.25,2.050e-04
0.36,1.00E+15,50,1.00E+14,15,0.05,0.817,4.390e-05,83.956,3.140e-05
0.36,1.00E+15,50,1.00E+14,15,1,1.093,2.884e-04,81.251,2.050e-04
0.36,1.00E+15,50,1.00E+14,20,0.05,0.817,4.389e-05,83.956,3.140e-05
0.36,1.00E+15,50,1.00E+14,20,1,1.093,2.884e-04,81.251,2.050e-04
0.36,1.00E+15,50,1.00E+14,30,0.05,0.817,4.392e-05,83.96,3.142e-05
0.36,1.00E+15,50,1.00E+14,30,1,1.093,2.886e-04,81.257,2.051e-04
0.36,1.00E+15,50,1.00E+14,40,0.05,0.808,4.387e-05,83.871,3.056e-05
0.36,1.00E+15,50,1.00E+14,40,1,1.091,2.905e-04,81.218,2.061e-04
0.36,1.00E+15,50,1.00E+15,10,0.05,0.817,4.437e-05,83.947,3.145e-05
0.36,1.00E+15,50,1.00E+15,10,1,1.095,2.888e-04,81.235,2.055e-04
0.36,1.00E+15,50,1.00E+15,15,0.05,0.817,4.441e-05,83.942,3.153e-05
0.36,1.00E+15,50,1.00E+15,15,1,1.095,2.889e-04,81.235,2.056e-04
0.36,1.00E+15,50,1.00E+15,20,0.05,0.817,4.447e-05,83.943,3.156e-05
0.36,1.00E+15,50,1.00E+15,20,1,1.095,2.891e-04,81.237,2.057e-04
0.36,1.00E+15,50,1.00E+15,30,0.05,0.816,4.446e-05,83.954,3.146e-05
0.36,1.00E+15,50,1.00E+15,30,1,1.094,2.891e-04,81.215,2.056e-04
0.36,1.00E+15,50,1.00E+15,40,0.05,0.725,4.323e-05,83.145,2.593e-05
0.36,1.00E+15,50,1.00E+15,40,1,1.049,3.037e-04,81.52,2.093e-04
0.36,1.00E+15,50,1.00E+16,10,0.05,0.818,4.472e-05,83.934,3.158e-05
0.36,1.00E+15,50,1.00E+16,10,1,1.096,2.890e-04,81.217,2.058e-04
0.36,1.00E+15,50,1.00E+16,15,0.05,0.818,4.485e-05,83.933,3.163e-05
0.36,1.00E+15,50,1.00E+16,15,1,1.096,2.893e-04,81.213,2.060e-04
0.36,1.00E+15,50,1.00E+16,20,0.05,0.817,4.516e-05,83.927,3.178e-05
0.36,1.00E+15,50,1.00E+16,20,1,1.094,2.904e-04,81.204,2.065e-04
0.36,1.00E+15,50,1.00E+16,30,0.05,0.81,4.605e-05,83.922,3.212e-05
0.36,1.00E+15,50,1.00E+16,30,1,1.078,2.960e-04,81.086,2.081e-04
0.36,1.00E+15,50,1.00E+16,40,0.05,0.107,4.279e-05,1381.023,1.789e-05
0.36,1.00E+15,50,1.00E+16,40,1,0.377,4.111e-04,1099.083,1.937e-04
0.36,1.00E+15,50,1.00E+17,10,0.05,0.818,4.509e-05,83.94,3.170e-05
0.36,1.00E+15,50,1.00E+17,10,1,1.096,2.896e-04,81.203,2.063e-04
0.36,1.00E+15,50,1.00E+17,15,0.05,0.816,4.575e-05,83.934,3.204e-05
0.36,1.00E+15,50,1.00E+17,15,1,1.09,2.926e-04,81.174,2.074e-04
0.36,1.00E+15,50,1.00E+17,20,0.05,0.808,4.670e-05,83.852,3.254e-05
0.36,1.00E+15,50,1.00E+17,20,1,1.071,2.984e-04,80.991,2.088e-04
0.36,1.00E+15,50,1.00E+17,30,0.05,0.772,4.811e-05,82.92,3.201e-05
0.36,1.00E+15,50,1.00E+17,30,1,1.028,3.123e-04,80.758,2.121e-04
0.36,1.00E+15,50,1.00E+18,10,0.05,0.813,4.617e-05,83.945,3.224e-05
0.36,1.00E+15,50,1.00E+18,10,1,1.082,2.951e-04,81.089,2.081e-04
0.36,1.00E+15,50,1.00E+18,15,0.05,0.8,4.755e-05,83.567,3.301e-05
0.36,1.00E+15,50,1.00E+18,15,1,1.054,3.038e-04,80.94,2.100e-04
0.36,1.00E+15,50,1.00E+18,20,0.05,0.775,5.048e-05,82.652,3.481e-05
0.36,1.00E+15,50,1.00E+18,20,1,1.01,3.181e-04,80.726,2.135e-04
0.36,1.00E+15,50,1.00E+18,30,0.05,0.6,4.843e-05,83.279,2.647e-05
0.36,1.00E+15,50,1.00E+18,30,1,0.892,3.480e-04,88.847,2.164e-04
0.36,1.00E+15,70,1.00E+14,10,0.05,0.596,3.951e-05,83.803,2.104e-05
0.36,1.00E+15,70,1.00E+14,10,1,0.951,3.181e-04,95.457,2.054e-04
0.36,1.00E+15,70,1.00E+14,15,0.05,0.595,3.950e-05,83.801,2.103e-05
0.36,1.00E+15,70,1.00E+14,15,1,0.951,3.181e-04,95.453,2.054e-04
0.36,1.00E+15,70,1.00E+14,20,0.05,0.595,3.949e-05,83.799,2.103e-05
0.36,1.00E+15,70,1.00E+14,20,1,0.951,3.180e-04,95.451,2.053e-04
0.36,1.00E+15,70,1.00E+14,30,0.05,0.595,3.947e-05,83.796,2.102e-05
0.36,1.00E+15,70,1.00E+14,30,1,0.951,3.180e-04,95.451,2.053e-04
0.36,1.00E+15,70,1.00E+14,40,0.05,0.584,3.922e-05,83.915,2.076e-05
0.36,1.00E+15,70,1.00E+14,40,1,0.943,3.186e-04,97.117,2.046e-04
0.36,1.00E+15,70,1.00E+15,10,0.05,0.603,3.992e-05,83.885,2.130e-05
0.36,1.00E+15,70,1.00E+15,10,1,0.953,3.188e-04,95.605,2.062e-04
0.36,1.00E+15,70,1.00E+15,15,0.05,0.603,3.994e-05,83.888,2.132e-05
0.36,1.00E+15,70,1.00E+15,15,1,0.954,3.189e-04,95.614,2.062e-04
0.36,1.00E+15,70,1.00E+15,20,0.05,0.603,3.997e-05,83.892,2.133e-05
0.36,1.00E+15,70,1.00E+15,20,1,0.954,3.190e-04,95.631,2.063e-04
0.36,1.00E+15,70,1.00E+15,30,0.05,0.602,3.991e-05,83.898,2.129e-05
0.36,1.00E+15,70,1.00E+15,30,1,0.953,3.188e-04,95.567,2.061e-04
0.36,1.00E+15,70,1.00E+15,40,0.05,0.528,3.971e-05,88.255,2.029e-05
0.36,1.00E+15,70,1.00E+15,40,1,0.877,3.307e-04,127.282,2.038e-04
0.36,1.00E+15,70,1.00E+16,10,0.05,0.608,4.024e-05,83.955,2.151e-05
0.36,1.00E+15,70,1.00E+16,10,1,0.955,3.194e-04,95.634,2.068e-04
0.36,1.00E+15,70,1.00E+16,15,0.05,0.609,4.030e-05,83.968,2.155e-05
0.36,1.00E+15,70,1.00E+16,15,1,0.956,3.196e-04,95.669,2.069e-04
0.36,1.00E+15,70,1.00E+16,20,0.05,0.611,4.042e-05,83.987,2.163e-05
0.36,1.00E+15,70,1.00E+16,20,1,0.956,3.199e-04,95.746,2.072e-04
0.36,1.00E+15,70,1.00E+16,30,0.05,0.61,4.042e-05,84.025,2.161e-05
0.36,1.00E+15,70,1.00E+16,30,1,0.954,3.201e-04,96.061,2.071e-04
0.36,1.00E+15,70,1.00E+16,40,1,0.137,4.423e-04,1654.714,1.871e-04
0.36,1.00E+15,70,1.00E+17,10,0.05,0.612,4.046e-05,84.003,2.166e-05
0.36,1.00E+15,70,1.00E+17,10,1,0.957,3.198e-04,95.723,2.072e-04
0.36,1.00E+15,70,1.00E+17,15,0.05,0.615,4.070e-05,84.034,2.180e-05
0.36,1.00E+15,70,1.00E+17,15,1,0.956,3.206e-04,95.979,2.077e-04
0.36,1.00E+15,70,1.00E+17,20,0.05,0.616,4.111e-05,84.051,2.201e-05
0.36,1.00E+15,70,1.00E+17,20,1,0.952,3.227e-04,96.507,2.084e-04
0.36,1.00E+15,70,1.00E+17,30,0.05,0.587,4.208e-05,84.396,2.217e-05
0.36,1.00E+15,70,1.00E+17,30,1,0.914,3.322e-04,103.014,2.095e-04
0.36,1.00E+15,70,1.00E+18,10,0.05,0.616,4.087e-05,84.037,2.190e-05
0.36,1.00E+15,70,1.00E+18,10,1,0.955,3.214e-04,96.155,2.080e-04
0.36,1.00E+15,70,1.00E+18,15,0.05,0.613,4.170e-05,84.041,2.228e-05
0.36,1.00E+15,70,1.00E+18,15,1,0.943,3.262e-04,97.382,2.095e-04
0.36,1.00E+15,70,1.00E+18,20,0.05,0.592,4.327e-05,84.201,2.287e-05
0.36,1.00E+15,70,1.00E+18,20,1,0.914,3.358e-04,100.944,2.117e-04
0.36,1.00E+15,70,1.00E+18,30,0.05,0.431,4.458e-05,114.441,2.163e-05
0.36,1.00E+15,70,1.00E+18,30,1,0.732,3.707e-04,236.171,2.096e-04
0.72,1.00E+14,10,1.00E+14,10,0.05,0.88,1.72E-05,86.346,1.32E-05
0.72,1.00E+14,10,1.00E+14,10,1,1.283,1.61E-04,83.162,1.32E-04
0.72,1.00E+14,10,1.00E+14,15,0.05,0.88,1.73E-05,86.362,1.33E-05
0.72,1.00E+14,10,1.00E+14,15,1,1.283,1.61E-04,83.172,1.33E-04
0.72,1.00E+14,10,1.00E+14,20,0.05,0.88,1.74E-05,86.305,1.33E-05
0.72,1.00E+14,10,1.00E+14,20,1,1.283,1.62E-04,83.162,1.33E-04
0.72,1.00E+14,10,1.00E+14,30,0.05,0.881,1.75E-05,86.337,1.33E-05
0.72,1.00E+14,10,1.00E+14,30,1,1.284,1.62E-04,83.165,1.34E-04
0.72,1.00E+14,10,1.00E+14,40,0.05,0.871,1.77E-05,86.044,1.30E-05
0.72,1.00E+14,10,1.00E+14,40,1,1.28,1.64E-04,82.877,1.35E-04
0.72,1.00E+14,10,1.00E+15,10,0.05,0.883,1.89E-05,86.318,1.36E-05
0.72,1.00E+14,10,1.00E+15,10,1,1.298,1.66E-04,83.066,1.38E-04
0.72,1.00E+14,10,1.00E+15,15,0.05,0.883,1.90E-05,86.256,1.36E-05
0.72,1.00E+14,10,1.00E+15,15,1,1.298,1.66E-04,83.065,1.38E-04
0.72,1.00E+14,10,1.00E+15,20,0.05,0.883,1.90E-05,86.283,1.37E-05
0.72,1.00E+14,10,1.00E+15,20,1,1.298,1.67E-04,83.067,1.39E-04
0.72,1.00E+14,10,1.00E+15,30,0.05,0.883,1.93E-05,86.18,1.38E-05
0.72,1.00E+14,10,1.00E+15,30,1,1.296,1.68E-04,83.038,1.40E-04
0.72,1.00E+14,10,1.00E+15,40,0.05,0.806,1.93E-05,83.546,1.21E-05
0.72,1.00E+14,10,1.00E+15,40,1,1.246,1.78E-04,81.007,1.42E-04
0.72,1.00E+14,10,1.00E+16,10,0.05,0.884,1.94E-05,86.202,1.38E-05
0.72,1.00E+14,10,1.00E+16,10,1,1.302,1.68E-04,83.023,1.40E-04
0.72,1.00E+14,10,1.00E+16,15,0.05,0.884,1.96E-05,86.235,1.38E-05
0.72,1.00E+14,10,1.00E+16,15,1,1.301,1.68E-04,83.005,1.41E-04
0.72,1.00E+14,10,1.00E+16,20,0.05,0.883,1.97E-05,86.238,1.39E-05
0.72,1.00E+14,10,1.00E+16,20,1,1.299,1.69E-04,82.998,1.41E-04
0.72,1.00E+14,10,1.00E+16,30,0.05,0.881,2.01E-05,86.004,1.41E-05
0.72,1.00E+14,10,1.00E+16,30,1,1.29,1.73E-04,82.868,1.43E-04
0.72,1.00E+14,10,1.00E+16,40,0.05,0.259,1.97E-05,1300.026,8.80E-06
0.72,1.00E+14,10,1.00E+16,40,1,0.632,2.34E-04,928.064,1.25E-04
0.72,1.00E+14,10,1.00E+17,10,0.05,0.882,2.01E-05,86.276,1.41E-05
0.72,1.00E+14,10,1.00E+17,10,1,1.292,1.72E-04,82.925,1.42E-04
0.72,1.00E+14,10,1.00E+17,15,0.05,0.881,2.03E-05,86.025,1.42E-05
0.72,1.00E+14,10,1.00E+17,15,1,1.286,1.74E-04,82.887,1.43E-04
0.72,1.00E+14,10,1.00E+17,20,0.05,0.879,2.04E-05,85.995,1.43E-05
0.72,1.00E+14,10,1.00E+17,20,1,1.28,1.75E-04,82.87,1.44E-04
0.72,1.00E+14,10,1.00E+17,30,0.05,0.859,2.14E-05,85.256,1.45E-05
0.72,1.00E+14,10,1.00E+17,30,1,1.252,1.85E-04,82.323,1.48E-04
0.72,1.00E+14,10,1.00E+18,10,0.05,0.879,2.05E-05,86.355,1.43E-05
0.72,1.00E+14,10,1.00E+18,10,1,1.279,1.76E-04,82.833,1.44E-04
0.72,1.00E+14,10,1.00E+18,15,0.05,0.874,2.10E-05,85.784,1.47E-05
0.72,1.00E+14,10,1.00E+18,15,1,1.265,1.80E-04,82.747,1.46E-04
0.72,1.00E+14,10,1.00E+18,20,0.05,0.871,2.13E-05,85.744,1.50E-05
0.72,1.00E+14,10,1.00E+18,20,1,1.254,1.83E-04,82.739,1.47E-04
0.72,1.00E+14,10,1.00E+18,30,0.05,0.729,2.22E-05,81.999,1.29E-05
0.72,1.00E+14,10,1.00E+18,30,1,1.143,2.07E-04,80.371,1.52E-04
0.72,1.00E+14,20,1.00E+14,10,0.05,0.875,1.75E-05,86.312,1.34E-05
0.72,1.00E+14,20,1.00E+14,10,1,1.267,1.64E-04,83.119,1.33E-04
0.72,1.00E+14,20,1.00E+14,15,0.05,0.876,1.75E-05,86.281,1.35E-05
0.72,1.00E+14,20,1.00E+14,15,1,1.268,1.64E-04,83.094,1.34E-04
0.72,1.00E+14,20,1.00E+14,20,0.05,0.876,1.76E-05,86.174,1.35E-05
0.72,1.00E+14,20,1.00E+14,20,1,1.269,1.65E-04,83.09,1.34E-04
0.72,1.00E+14,20,1.00E+14,30,0.05,0.877,1.77E-05,86.255,1.35E-05
0.72,1.00E+14,20,1.00E+14,30,1,1.27,1.65E-04,83.095,1.34E-04
0.72,1.00E+14,20,1.00E+14,40,0.05,0.866,1.78E-05,85.729,1.31E-05
0.72,1.00E+14,20,1.00E+14,40,1,1.267,1.67E-04,82.825,1.35E-04
0.72,1.00E+14,20,1.00E+15,10,0.05,0.878,1.91E-05,86.156,1.38E-05
0.72,1.00E+14,20,1.00E+15,10,1,1.284,1.69E-04,83.006,1.39E-04
0.72,1.00E+14,20,1.00E+15,15,0.05,0.878,1.92E-05,86.16,1.38E-05
0.72,1.00E+14,20,1.00E+15,15,1,1.284,1.69E-04,83.001,1.39E-04
0.72,1.00E+14,20,1.00E+15,20,0.05,0.878,1.92E-05,86.159,1.38E-05
0.72,1.00E+14,20,1.00E+15,20,1,1.284,1.69E-04,82.995,1.39E-04
0.72,1.00E+14,20,1.00E+15,30,0.05,0.879,1.94E-05,86.254,1.39E-05
0.72,1.00E+14,20,1.00E+15,30,1,1.285,1.70E-04,82.983,1.40E-04
0.72,1.00E+14,20,1.00E+15,40,0.05,0.804,1.93E-05,83.545,1.21E-05
0.72,1.00E+14,20,1.00E+15,40,1,1.242,1.79E-04,80.998,1.42E-04
0.72,1.00E+14,20,1.00E+16,10,0.05,0.879,1.96E-05,86.137,1.40E-05
0.72,1.00E+14,20,1.00E+16,10,1,1.287,1.71E-04,82.973,1.41E-04
0.72,1.00E+14,20,1.00E+16,15,0.05,0.88,1.97E-05,86.144,1.40E-05
0.72,1.00E+14,20,1.00E+16,15,1,1.288,1.71E-04,82.958,1.41E-04
0.72,1.00E+14,20,1.00E+16,20,0.05,0.88,1.98E-05,86.174,1.40E-05
0.72,1.00E+14,20,1.00E+16,20,1,1.288,1.71E-04,82.961,1.41E-04
0.72,1.00E+14,20,1.00E+16,30,0.05,0.879,2.02E-05,86.003,1.41E-05
0.72,1.00E+14,20,1.00E+16,30,1,1.285,1.74E-04,82.863,1.43E-04
0.72,1.00E+14,20,1.00E+16,40,0.05,0.259,1.96E-05,1305.266,8.76E-06
0.72,1.00E+14,20,1.00E+16,40,1,0.631,2.33E-04,930.303,1.25E-04
0.72,1.00E+14,20,1.00E+17,10,0.05,0.88,2.02E-05,86.284,1.42E-05
0.72,1.00E+14,20,1.00E+17,10,1,1.286,1.73E-04,82.921,1.43E-04
0.72,1.00E+14,20,1.00E+17,15,0.05,0.88,2.03E-05,86.066,1.42E-05
0.72,1.00E+14,20,1.00E+17,15,1,1.283,1.74E-04,82.892,1.43E-04
0.72,1.00E+14,20,1.00E+17,20,0.05,0.879,2.05E-05,86.041,1.43E-05
0.72,1.00E+14,20,1.00E+17,20,1,1.278,1.76E-04,82.88,1.44E-04
0.72,1.00E+14,20,1.00E+17,30,0.05,0.859,2.14E-05,85.258,1.45E-05
0.72,1.00E+14,20,1.00E+17,30,1,1.251,1.85E-04,82.325,1.48E-04
0.72,1.00E+14,20,1.00E+18,10,0.05,0.879,2.05E-05,86.415,1.44E-05
0.72,1.00E+14,20,1.00E+18,10,1,1.278,1.76E-04,82.844,1.44E-04
0.72,1.00E+14,20,1.00E+18,15,0.05,0.874,2.09E-05,85.8,1.47E-05
0.72,1.00E+14,20,1.00E+18,15,1,1.266,1.79E-04,82.763,1.45E-04
0.72,1.00E+14,20,1.00E+18,20,0.05,0.871,2.13E-05,85.745,1.50E-05
0.72,1.00E+14,20,1.00E+18,20,1,1.253,1.83E-04,82.74,1.47E-04
0.72,1.00E+14,20,1.00E+18,30,0.05,0.729,2.21E-05,81.986,1.29E-05
0.72,1.00E+14,20,1.00E+18,30,1,1.143,2.06E-04,80.367,1.52E-04
0.72,1.00E+14,30,1.00E+14,10,0.05,0.874,1.76E-05,86.074,1.35E-05
0.72,1.00E+14,30,1.00E+14,10,1,1.26,1.66E-04,83.079,1.34E-04
0.72,1.00E+14,30,1.00E+14,15,0.05,0.873,1.76E-05,86.142,1.35E-05
0.72,1.00E+14,30,1.00E+14,15,1,1.259,1.66E-04,83.075,1.34E-04
0.72,1.00E+14,30,1.00E+14,20,0.05,0.874,1.76E-05,86.056,1.36E-05
0.72,1.00E+14,30,1.00E+14,20,1,1.26,1.66E-04,83.073,1.34E-04
0.72,1.00E+14,30,1.00E+14,30,0.05,0.875,1.77E-05,86.173,1.36E-05
0.72,1.00E+14,30,1.00E+14,30,1,1.262,1.66E-04,83.072,1.35E-04
0.72,1.00E+14,30,1.00E+14,40,0.05,0.867,1.78E-05,85.799,1.33E-05
0.72,1.00E+14,30,1.00E+14,40,1,1.26,1.68E-04,82.807,1.35E-04
0.72,1.00E+14,30,1.00E+15,10,0.05,0.874,1.90E-05,86.122,1.38E-05
0.72,1.00E+14,30,1.00E+15,10,1,1.273,1.70E-04,82.994,1.39E-04
0.72,1.00E+14,30,1.00E+15,15,0.05,0.876,1.92E-05,86.175,1.39E-05
0.72,1.00E+14,30,1.00E+15,15,1,1.276,1.71E-04,82.98,1.40E-04
0.72,1.00E+14,30,1.00E+15,20,0.05,0.876,1.93E-05,86.163,1.39E-05
0.72,1.00E+14,30,1.00E+15,20,1,1.276,1.71E-04,82.976,1.40E-04
0.72,1.00E+14,30,1.00E+15,30,0.05,0.877,1.95E-05,86.178,1.40E-05
0.72,1.00E+14,30,1.00E+15,30,1,1.278,1.72E-04,82.965,1.41E-04
0.72,1.00E+14,30,1.00E+15,40,0.05,0.801,1.92E-05,83.58,1.20E-05
0.72,1.00E+14,30,1.00E+15,40,1,1.238,1.79E-04,80.992,1.42E-04
0.72,1.00E+14,30,1.00E+16,10,0.05,0.877,1.97E-05,86.189,1.41E-05
0.72,1.00E+14,30,1.00E+16,10,1,1.28,1.72E-04,82.943,1.41E-04
0.72,1.00E+14,30,1.00E+16,15,0.05,0.877,1.98E-05,86.047,1.41E-05
0.72,1.00E+14,30,1.00E+16,15,1,1.28,1.73E-04,82.947,1.42E-04
0.72,1.00E+14,30,1.00E+16,20,0.05,0.878,1.99E-05,86.283,1.41E-05
0.72,1.00E+14,30,1.00E+16,20,1,1.28,1.73E-04,82.941,1.42E-04
0.72,1.00E+14,30,1.00E+16,30,0.05,0.878,2.02E-05,86.167,1.42E-05
0.72,1.00E+14,30,1.00E+16,30,1,1.28,1.74E-04,82.863,1.43E-04
0.72,1.00E+14,30,1.00E+16,40,0.05,0.257,1.96E-05,1309.829,8.76E-06
0.72,1.00E+14,30,1.00E+16,40,1,0.628,2.33E-04,932.208,1.25E-04
0.72,1.00E+14,30,1.00E+17,10,0.05,0.879,2.02E-05,86.183,1.42E-05
0.72,1.00E+14,30,1.00E+17,10,1,1.281,1.74E-04,82.92,1.43E-04
0.72,1.00E+14,30,1.00E+17,15,0.05,0.879,2.03E-05,86.03,1.43E-05
0.72,1.00E+14,30,1.00E+17,15,1,1.279,1.75E-04,82.894,1.43E-04
0.72,1.00E+14,30,1.00E+17,20,0.05,0.878,2.05E-05,85.992,1.44E-05
0.72,1.00E+14,30,1.00E+17,20,1,1.275,1.76E-04,82.891,1.44E-04
0.72,1.00E+14,30,1.00E+17,30,0.05,0.86,2.13E-05,85.3,1.45E-05
0.72,1.00E+14,30,1.00E+17,30,1,1.254,1.84E-04,82.351,1.48E-04
0.72,1.00E+14,30,1.00E+18,10,0.05,0.878,2.05E-05,86.375,1.44E-05
0.72,1.00E+14,30,1.00E+18,10,1,1.275,1.76E-04,82.856,1.44E-04
0.72,1.00E+14,30,1.00E+18,15,0.05,0.873,2.09E-05,85.821,1.47E-05
0.72,1.00E+14,30,1.00E+18,15,1,1.263,1.80E-04,82.767,1.45E-04
0.72,1.00E+14,30,1.00E+18,20,0.05,0.871,2.13E-05,85.752,1.50E-05
0.72,1.00E+14,30,1.00E+18,20,1,1.253,1.83E-04,82.744,1.47E-04
0.72,1.00E+14,30,1.00E+18,30,0.05,0.729,2.22E-05,82.001,1.29E-05
0.72,1.00E+14,30,1.00E+18,30,1,1.142,2.07E-04,80.37,1.52E-04
0.72,1.00E+14,50,1.00E+14,10,0.05,0.87,1.77E-05,86.015,1.37E-05
0.72,1.00E+14,50,1.00E+14,10,1,1.25,1.68E-04,82.819,1.34E-04
0.72,1.00E+14,50,1.00E+14,15,0.05,0.871,1.77E-05,86.015,1.37E-05
0.72,1.00E+14,50,1.00E+14,15,1,1.25,1.68E-04,83.032,1.34E-04
0.72,1.00E+14,50,1.00E+14,20,0.05,0.871,1.77E-05,86.016,1.37E-05
0.72,1.00E+14,50,1.00E+14,20,1,1.25,1.68E-04,83.032,1.35E-04
0.72,1.00E+14,50,1.00E+14,30,0.05,0.871,1.78E-05,86.021,1.37E-05
0.72,1.00E+14,50,1.00E+14,30,1,1.252,1.68E-04,83.032,1.35E-04
0.72,1.00E+14,50,1.00E+14,40,0.05,0.863,1.78E-05,85.733,1.33E-05
0.72,1.00E+14,50,1.00E+14,40,1,1.251,1.69E-04,82.767,1.36E-04
0.72,1.00E+14,50,1.00E+15,10,0.05,0.875,1.90E-05,85.981,1.41E-05
0.72,1.00E+14,50,1.00E+15,10,1,1.262,1.72E-04,82.963,1.39E-04
0.72,1.00E+14,50,1.00E+15,15,0.05,0.875,1.91E-05,85.979,1.41E-05
0.72,1.00E+14,50,1.00E+15,15,1,1.263,1.72E-04,82.957,1.39E-04
0.72,1.00E+14,50,1.00E+15,20,0.05,0.873,1.93E-05,86.011,1.40E-05
0.72,1.00E+14,50,1.00E+15,20,1,1.265,1.73E-04,82.957,1.40E-04
0.72,1.00E+14,50,1.00E+15,30,0.05,0.874,1.95E-05,86.201,1.41E-05
0.72,1.00E+14,50,1.00E+15,30,1,1.268,1.73E-04,82.941,1.41E-04
0.72,1.00E+14,50,1.00E+15,40,0.05,0.796,1.92E-05,83.514,1.20E-05
0.72,1.00E+14,50,1.00E+15,40,1,1.229,1.80E-04,80.937,1.42E-04
0.72,1.00E+14,50,1.00E+16,10,0.05,0.873,1.95E-05,85.991,1.41E-05
0.72,1.00E+14,50,1.00E+16,10,1,1.267,1.73E-04,82.685,1.41E-04
0.72,1.00E+14,50,1.00E+16,15,0.05,0.874,1.98E-05,86.028,1.41E-05
0.72,1.00E+14,50,1.00E+16,15,1,1.27,1.74E-04,82.928,1.42E-04
0.72,1.00E+14,50,1.00E+16,20,0.05,0.874,1.99E-05,86.193,1.42E-05
0.72,1.00E+14,50,1.00E+16,20,1,1.27,1.74E-04,82.915,1.42E-04
0.72,1.00E+14,50,1.00E+16,30,0.05,0.875,2.02E-05,86.129,1.42E-05
0.72,1.00E+14,50,1.00E+16,30,1,1.273,1.76E-04,82.842,1.43E-04
0.72,1.00E+14,50,1.00E+16,40,0.05,0.251,1.96E-05,1312.198,8.72E-06
0.72,1.00E+14,50,1.00E+16,40,1,0.622,2.34E-04,933.606,1.24E-04
0.72,1.00E+14,50,1.00E+17,10,0.05,0.875,2.00E-05,86.128,1.42E-05
0.72,1.00E+14,50,1.00E+17,10,1,1.271,1.75E-04,82.916,1.42E-04
0.72,1.00E+14,50,1.00E+17,15,0.05,0.877,2.03E-05,86.269,1.43E-05
0.72,1.00E+14,50,1.00E+17,15,1,1.273,1.76E-04,82.878,1.43E-04
0.72,1.00E+14,50,1.00E+17,20,0.05,0.876,2.04E-05,85.931,1.44E-05
0.72,1.00E+14,50,1.00E+17,20,1,1.272,1.77E-04,82.872,1.44E-04
0.72,1.00E+14,50,1.00E+17,30,0.05,0.86,2.11E-05,85.279,1.44E-05
0.72,1.00E+14,50,1.00E+17,30,1,1.255,1.83E-04,82.336,1.47E-04
0.72,1.00E+14,50,1.00E+18,10,0.05,0.877,2.04E-05,86.252,1.44E-05
0.72,1.00E+14,50,1.00E+18,10,1,1.272,1.76E-04,82.877,1.44E-04
0.72,1.00E+14,50,1.00E+18,15,0.05,0.873,2.09E-05,85.891,1.47E-05
0.72,1.00E+14,50,1.00E+18,15,1,1.262,1.80E-04,82.782,1.45E-04
0.72,1.00E+14,50,1.00E+18,20,0.05,0.873,2.11E-05,85.757,1.50E-05
0.72,1.00E+14,50,1.00E+18,20,1,1.254,1.82E-04,82.744,1.46E-04
0.72,1.00E+14,50,1.00E+18,30,0.05,0.729,2.21E-05,81.987,1.29E-05
0.72,1.00E+14,50,1.00E+18,30,1,1.143,2.06E-04,80.368,1.52E-04
0.72,1.00E+14,70,1.00E+14,10,0.05,0.845,1.78E-05,85.223,1.27E-05
0.72,1.00E+14,70,1.00E+14,10,1,1.243,1.72E-04,82.327,1.37E-04
0.72,1.00E+14,70,1.00E+14,15,0.05,0.845,1.78E-05,85.222,1.27E-05
0.72,1.00E+14,70,1.00E+14,15,1,1.243,1.72E-04,82.327,1.37E-04
0.72,1.00E+14,70,1.00E+14,20,0.05,0.845,1.78E-05,85.222,1.27E-05
0.72,1.00E+14,70,1.00E+14,20,1,1.243,1.72E-04,82.326,1.37E-04
0.72,1.00E+14,70,1.00E+14,30,0.05,0.846,1.78E-05,85.221,1.27E-05
0.72,1.00E+14,70,1.00E+14,30,1,1.243,1.72E-04,82.325,1.37E-04
0.72,1.00E+14,70,1.00E+14,40,0.05,0.837,1.78E-05,84.968,1.25E-05
0.72,1.00E+14,70,1.00E+14,40,1,1.239,1.72E-04,82.103,1.37E-04
0.72,1.00E+14,70,1.00E+15,10,0.05,0.851,1.90E-05,85.162,1.31E-05
0.72,1.00E+14,70,1.00E+15,10,1,1.255,1.76E-04,82.267,1.41E-04
0.72,1.00E+14,70,1.00E+15,15,0.05,0.852,1.92E-05,85.156,1.32E-05
0.72,1.00E+14,70,1.00E+15,15,1,1.256,1.76E-04,82.262,1.42E-04
0.72,1.00E+14,70,1.00E+15,20,0.05,0.852,1.93E-05,85.152,1.32E-05
0.72,1.00E+14,70,1.00E+15,20,1,1.257,1.76E-04,82.257,1.42E-04
0.72,1.00E+14,70,1.00E+15,30,0.05,0.855,1.95E-05,85.144,1.33E-05
0.72,1.00E+14,70,1.00E+15,30,1,1.261,1.77E-04,82.254,1.43E-04
0.72,1.00E+14,70,1.00E+15,40,0.05,0.773,1.91E-05,83.018,1.16E-05
0.72,1.00E+14,70,1.00E+15,40,1,1.21,1.83E-04,80.659,1.41E-04
0.72,1.00E+14,70,1.00E+16,10,0.05,0.853,1.95E-05,85.137,1.33E-05
0.72,1.00E+14,70,1.00E+16,10,1,1.259,1.77E-04,82.244,1.43E-04
0.72,1.00E+14,70,1.00E+16,15,0.05,0.854,1.97E-05,85.126,1.34E-05
0.72,1.00E+14,70,1.00E+16,15,1,1.261,1.78E-04,82.235,1.43E-04
0.72,1.00E+14,70,1.00E+16,20,0.05,0.856,1.99E-05,85.116,1.34E-05
0.72,1.00E+14,70,1.00E+16,20,1,1.263,1.78E-04,82.228,1.44E-04
0.72,1.00E+14,70,1.00E+16,30,0.05,0.857,2.03E-05,85.255,1.35E-05
0.72,1.00E+14,70,1.00E+16,30,1,1.267,1.79E-04,82.168,1.46E-04
0.72,1.00E+14,70,1.00E+16,40,0.05,0.227,1.97E-05,1390.821,8.65E-06
0.72,1.00E+14,70,1.00E+16,40,1,0.595,2.36E-04,979.546,1.24E-04
0.72,1.00E+14,70,1.00E+17,10,0.05,0.855,1.99E-05,85.118,1.34E-05
0.72,1.00E+14,70,1.00E+17,10,1,1.263,1.78E-04,82.229,1.44E-04
0.72,1.00E+14,70,1.00E+17,15,0.05,0.858,2.02E-05,85.341,1.36E-05
0.72,1.00E+14,70,1.00E+17,15,1,1.266,1.79E-04,82.213,1.45E-04
0.72,1.00E+14,70,1.00E+17,20,0.05,0.859,2.05E-05,85.085,1.37E-05
0.72,1.00E+14,70,1.00E+17,20,1,1.268,1.80E-04,82.186,1.46E-04
0.72,1.00E+14,70,1.00E+17,30,0.05,0.844,2.07E-05,84.606,1.35E-05
0.72,1.00E+14,70,1.00E+17,30,1,1.257,1.83E-04,81.795,1.48E-04
0.72,1.00E+14,70,1.00E+18,10,0.05,0.859,2.03E-05,85.143,1.36E-05
0.72,1.00E+14,70,1.00E+18,10,1,1.268,1.80E-04,82.215,1.46E-04
0.72,1.00E+14,70,1.00E+18,15,0.05,0.858,2.08E-05,85.251,1.38E-05
0.72,1.00E+14,70,1.00E+18,15,1,1.263,1.82E-04,82.16,1.47E-04
0.72,1.00E+14,70,1.00E+18,20,0.05,0.856,2.10E-05,85.017,1.40E-05
0.72,1.00E+14,70,1.00E+18,20,1,1.257,1.84E-04,82.109,1.48E-04
0.72,1.00E+14,70,1.00E+18,30,0.05,0.719,2.13E-05,81.552,1.22E-05
0.72,1.00E+14,70,1.00E+18,30,1,1.142,2.02E-04,80.765,1.49E-04
0.72,2.00E+14,10,1.00E+14,10,0.05,0.883,1.82E-05,86.332,1.36E-05
0.72,2.00E+14,10,1.00E+14,10,1,1.292,1.64E-04,83.126,1.36E-04
0.72,2.00E+14,10,1.00E+14,15,0.05,0.88,1.82E-05,86.349,1.34E-05
0.72,2.00E+14,10,1.00E+14,15,1,1.292,1.64E-04,83.122,1.36E-04
0.72,2.00E+14,10,1.00E+14,20,0.05,0.881,1.83E-05,86.293,1.35E-05
0.72,2.00E+14,10,1.00E+14,20,1,1.292,1.64E-04,83.124,1.36E-04
0.72,2.00E+14,10,1.00E+14,30,0.05,0.881,1.84E-05,86.305,1.35E-05
0.72,2.00E+14,10,1.00E+14,30,1,1.292,1.65E-04,83.129,1.37E-04
0.72,2.00E+14,10,1.00E+14,40,0.05,0.874,1.85E-05,85.949,1.33E-05
0.72,2.00E+14,10,1.00E+14,40,1,1.288,1.67E-04,82.86,1.38E-04
0.72,2.00E+14,10,1.00E+15,10,0.05,0.885,1.94E-05,86.296,1.38E-05
0.72,2.00E+14,10,1.00E+15,10,1,1.302,1.68E-04,83.057,1.40E-04
0.72,2.00E+14,10,1.00E+15,15,0.05,0.884,1.94E-05,86.317,1.38E-05
0.72,2.00E+14,10,1.00E+15,15,1,1.302,1.68E-04,83.053,1.40E-04
0.72,2.00E+14,10,1.00E+15,20,0.05,0.884,1.94E-05,86.315,1.38E-05
0.72,2.00E+14,10,1.00E+15,20,1,1.302,1.68E-04,83.048,1.40E-04
0.72,2.00E+14,10,1.00E+15,30,0.05,0.885,1.96E-05,86.333,1.39E-05
0.72,2.00E+14,10,1.00E+15,30,1,1.299,1.69E-04,83.032,1.41E-04
0.72,2.00E+14,10,1.00E+15,40,0.05,0.81,1.95E-05,83.565,1.22E-05
0.72,2.00E+14,10,1.00E+15,40,1,1.251,1.79E-04,80.998,1.43E-04
0.72,2.00E+14,10,1.00E+16,10,0.05,0.885,1.98E-05,86.221,1.40E-05
0.72,2.00E+14,10,1.00E+16,10,1,1.305,1.69E-04,83.023,1.41E-04
0.72,2.00E+14,10,1.00E+16,15,0.05,0.885,1.99E-05,86.301,1.40E-05
0.72,2.00E+14,10,1.00E+16,15,1,1.304,1.69E-04,83.008,1.42E-04
0.72,2.00E+14,10,1.00E+16,20,0.05,0.885,2.00E-05,86.178,1.40E-05
0.72,2.00E+14,10,1.00E+16,20,1,1.301,1.70E-04,83.002,1.42E-04
0.72,2.00E+14,10,1.00E+16,30,0.05,0.882,2.03E-05,86.01,1.42E-05
0.72,2.00E+14,10,1.00E+16,30,1,1.292,1.73E-04,82.876,1.43E-04
0.72,2.00E+14,10,1.00E+16,40,0.05,0.265,1.98E-05,1306.674,8.87E-06
0.72,2.00E+14,10,1.00E+16,40,1,0.634,2.34E-04,930.549,1.26E-04
0.72,2.00E+14,10,1.00E+17,10,0.05,0.883,2.03E-05,86.282,1.42E-05
0.72,2.00E+14,10,1.00E+17,10,1,1.294,1.73E-04,82.931,1.43E-04
0.72,2.00E+14,10,1.00E+17,15,0.05,0.882,2.05E-05,86.036,1.43E-05
0.72,2.00E+14,10,1.00E+17,15,1,1.288,1.74E-04,82.891,1.44E-04
0.72,2.00E+14,10,1.00E+17,20,0.05,0.88,2.06E-05,85.981,1.44E-05
0.72,2.00E+14,10,1.00E+17,20,1,1.281,1.76E-04,82.875,1.44E-04
0.72,2.00E+14,10,1.00E+17,30,0.05,0.859,2.15E-05,85.234,1.46E-05
0.72,2.00E+14,10,1.00E+17,30,1,1.251,1.86E-04,82.306,1.49E-04
0.72,2.00E+14,10,1.00E+18,10,0.05,0.88,2.07E-05,86.34,1.44E-05
0.72,2.00E+14,10,1.00E+18,10,1,1.281,1.76E-04,82.838,1.45E-04
0.72,2.00E+14,10,1.00E+18,15,0.05,0.874,2.11E-05,85.79,1.48E-05
0.72,2.00E+14,10,1.00E+18,15,1,1.266,1.80E-04,82.75,1.46E-04
0.72,2.00E+14,10,1.00E+18,20,0.05,0.872,2.14E-05,85.745,1.50E-05
0.72,2.00E+14,10,1.00E+18,20,1,1.255,1.83E-04,82.737,1.47E-04
0.72,2.00E+14,10,1.00E+18,30,0.05,0.73,2.23E-05,82.002,1.30E-05
0.72,2.00E+14,10,1.00E+18,30,1,1.143,2.07E-04,80.372,1.52E-04
0.72,2.00E+14,20,1.00E+14,10,0.05,0.876,1.85E-05,86.221,1.36E-05
0.72,2.00E+14,20,1.00E+14,10,1,1.278,1.67E-04,83.073,1.37E-04
0.72,2.00E+14,20,1.00E+14,15,0.05,0.876,1.85E-05,86.277,1.37E-05
0.72,2.00E+14,20,1.00E+14,15,1,1.279,1.67E-04,83.067,1.37E-04
0.72,2.00E+14,20,1.00E+14,20,0.05,0.877,1.86E-05,86.165,1.37E-05
0.72,2.00E+14,20,1.00E+14,20,1,1.279,1.68E-04,83.066,1.37E-04
0.72,2.00E+14,20,1.00E+14,30,0.05,0.877,1.86E-05,86.271,1.37E-05
0.72,2.00E+14,20,1.00E+14,30,1,1.279,1.68E-04,83.06,1.37E-04
0.72,2.00E+14,20,1.00E+14,40,0.05,0.87,1.87E-05,85.935,1.34E-05
0.72,2.00E+14,20,1.00E+14,40,1,1.278,1.69E-04,82.796,1.38E-04
0.72,2.00E+14,20,1.00E+15,10,0.05,0.88,1.96E-05,86.128,1.40E-05
0.72,2.00E+14,20,1.00E+15,10,1,1.288,1.71E-04,83.01,1.41E-04
0.72,2.00E+14,20,1.00E+15,15,0.05,0.88,1.96E-05,86.168,1.40E-05
0.72,2.00E+14,20,1.00E+15,15,1,1.288,1.71E-04,83.005,1.41E-04
0.72,2.00E+14,20,1.00E+15,20,0.05,0.88,1.96E-05,86.173,1.40E-05
0.72,2.00E+14,20,1.00E+15,20,1,1.288,1.71E-04,83,1.41E-04
0.72,2.00E+14,20,1.00E+15,30,0.05,0.881,1.98E-05,86.251,1.41E-05
0.72,2.00E+14,20,1.00E+15,30,1,1.288,1.71E-04,82.987,1.42E-04
0.72,2.00E+14,20,1.00E+15,40,0.05,0.807,1.95E-05,83.599,1.22E-05
0.72,2.00E+14,20,1.00E+15,40,1,1.247,1.79E-04,81.002,1.43E-04
0.72,2.00E+14,20,1.00E+16,10,0.05,0.881,2.00E-05,86.11,1.41E-05
0.72,2.00E+14,20,1.00E+16,10,1,1.291,1.72E-04,82.976,1.42E-04
0.72,2.00E+14,20,1.00E+16,15,0.05,0.881,2.01E-05,86.101,1.42E-05
0.72,2.00E+14,20,1.00E+16,15,1,1.291,1.72E-04,82.964,1.42E-04
0.72,2.00E+14,20,1.00E+16,20,0.05,0.881,2.01E-05,86.21,1.42E-05
0.72,2.00E+14,20,1.00E+16,20,1,1.291,1.72E-04,82.751,1.43E-04
0.72,2.00E+14,20,1.00E+16,30,0.05,0.88,2.04E-05,86.047,1.43E-05
0.72,2.00E+14,20,1.00E+16,30,1,1.286,1.75E-04,82.868,1.44E-04
0.72,2.00E+14,20,1.00E+16,40,0.05,0.266,1.97E-05,1315.609,8.83E-06
0.72,2.00E+14,20,1.00E+16,40,1,0.634,2.34E-04,933.781,1.25E-04
0.72,2.00E+14,20,1.00E+17,10,0.05,0.881,2.04E-05,86.248,1.43E-05
0.72,2.00E+14,20,1.00E+17,10,1,1.288,1.74E-04,82.925,1.44E-04
0.72,2.00E+14,20,1.00E+17,15,0.05,0.881,2.05E-05,86.122,1.44E-05
0.72,2.00E+14,20,1.00E+17,15,1,1.285,1.75E-04,82.895,1.44E-04
0.72,2.00E+14,20,1.00E+17,20,0.05,0.879,2.07E-05,86.298,1.45E-05
0.72,2.00E+14,20,1.00E+17,20,1,1.279,1.77E-04,82.88,1.45E-04
0.72,2.00E+14,20,1.00E+17,30,0.05,0.859,2.16E-05,85.234,1.46E-05
0.72,2.00E+14,20,1.00E+17,30,1,1.251,1.86E-04,82.306,1.49E-04
0.72,2.00E+14,20,1.00E+18,10,0.05,0.879,2.07E-05,86.649,1.45E-05
0.72,2.00E+14,20,1.00E+18,10,1,1.279,1.77E-04,82.849,1.45E-04
0.72,2.00E+14,20,1.00E+18,15,0.05,0.874,2.11E-05,85.81,1.48E-05
0.72,2.00E+14,20,1.00E+18,15,1,1.266,1.80E-04,82.76,1.46E-04
0.72,2.00E+14,20,1.00E+18,20,0.05,0.873,2.15E-05,85.736,1.51E-05
0.72,2.00E+14,20,1.00E+18,20,1,1.254,1.84E-04,82.739,1.47E-04
0.72,2.00E+14,20,1.00E+18,30,0.05,0.729,2.22E-05,81.998,1.29E-05
0.72,2.00E+14,20,1.00E+18,30,1,1.143,2.07E-04,80.371,1.52E-04
0.72,2.00E+14,30,1.00E+14,10,0.05,0.876,1.85E-05,86.346,1.39E-05
0.72,2.00E+14,30,1.00E+14,10,1,1.268,1.69E-04,83.06,1.37E-04
0.72,2.00E+14,30,1.00E+14,15,0.05,0.877,1.85E-05,86.356,1.39E-05
0.72,2.00E+14,30,1.00E+14,15,1,1.269,1.69E-04,83.061,1.37E-04
0.72,2.00E+14,30,1.00E+14,20,0.05,0.876,1.86E-05,86.364,1.39E-05
0.72,2.00E+14,30,1.00E+14,20,1,1.269,1.69E-04,83.061,1.37E-04
0.72,2.00E+14,30,1.00E+14,30,0.05,0.878,1.87E-05,86.27,1.40E-05
0.72,2.00E+14,30,1.00E+14,30,1,1.27,1.69E-04,83.053,1.38E-04
0.72,2.00E+14,30,1.00E+14,40,0.05,0.867,1.87E-05,85.799,1.35E-05
0.72,2.00E+14,30,1.00E+14,40,1,1.269,1.70E-04,82.79,1.38E-04
0.72,2.00E+14,30,1.00E+15,10,0.05,0.876,1.95E-05,86.354,1.41E-05
0.72,2.00E+14,30,1.00E+15,10,1,1.278,1.72E-04,83.005,1.41E-04
0.72,2.00E+14,30,1.00E+15,15,0.05,0.88,1.97E-05,86.306,1.42E-05
0.72,2.00E+14,30,1.00E+15,15,1,1.28,1.72E-04,82.766,1.41E-04
0.72,2.00E+14,30,1.00E+15,20,0.05,0.877,1.97E-05,86.27,1.41E-05
0.72,2.00E+14,30,1.00E+15,30,0.05,0.879,1.99E-05,86.344,1.42E-05
0.72,2.00E+14,30,1.00E+15,30,1,1.28,1.73E-04,82.977,1.42E-04
0.72,2.00E+14,30,1.00E+15,40,0.05,0.804,1.95E-05,83.606,1.22E-05
0.72,2.00E+14,30,1.00E+15,40,1,1.242,1.80E-04,81.002,1.43E-04
0.72,2.00E+14,30,1.00E+16,10,0.05,0.878,2.01E-05,86.267,1.42E-05
0.72,2.00E+14,30,1.00E+16,10,1,1.282,1.73E-04,82.712,1.42E-04
0.72,2.00E+14,30,1.00E+16,15,0.05,0.879,2.02E-05,86.158,1.43E-05
0.72,2.00E+14,30,1.00E+16,15,1,1.283,1.74E-04,82.815,1.43E-04
0.72,2.00E+14,30,1.00E+16,20,0.05,0.879,2.02E-05,86.399,1.43E-05
0.72,2.00E+14,30,1.00E+16,20,1,1.283,1.74E-04,82.955,1.43E-04
0.72,2.00E+14,30,1.00E+16,30,0.05,0.878,2.05E-05,86.022,1.43E-05
0.72,2.00E+14,30,1.00E+16,30,1,1.282,1.75E-04,82.874,1.44E-04
0.72,2.00E+14,30,1.00E+16,40,0.05,0.263,1.97E-05,1316.093,8.81E-06
0.72,2.00E+14,30,1.00E+16,40,1,0.632,2.34E-04,934.323,1.25E-04
0.72,2.00E+14,30,1.00E+17,10,0.05,0.88,2.05E-05,86.32,1.44E-05
0.72,2.00E+14,30,1.00E+17,10,1,1.282,1.75E-04,82.93,1.44E-04
0.72,2.00E+14,30,1.00E+17,15,0.05,0.88,2.06E-05,86.153,1.44E-05
0.72,2.00E+14,30,1.00E+17,15,1,1.281,1.76E-04,82.906,1.44E-04
0.72,2.00E+14,30,1.00E+17,20,0.05,0.879,2.07E-05,86.125,1.45E-05
0.72,2.00E+14,30,1.00E+17,20,1,1.277,1.77E-04,82.901,1.45E-04
0.72,2.00E+14,30,1.00E+17,30,0.05,0.861,2.12E-05,85.324,1.44E-05
0.72,2.00E+14,30,1.00E+17,30,1,1.258,1.83E-04,82.355,1.48E-04
0.72,2.00E+14,30,1.00E+18,10,0.05,0.878,2.07E-05,86.501,1.45E-05
0.72,2.00E+14,30,1.00E+18,10,1,1.276,1.77E-04,82.866,1.45E-04
0.72,2.00E+14,30,1.00E+18,15,0.05,0.874,2.11E-05,86.261,1.48E-05
0.72,2.00E+14,30,1.00E+18,15,1,1.266,1.80E-04,82.778,1.46E-04
0.72,2.00E+14,30,1.00E+18,20,0.05,0.872,2.14E-05,85.755,1.50E-05
0.72,2.00E+14,30,1.00E+18,20,1,1.254,1.83E-04,82.744,1.47E-04
0.72,2.00E+14,30,1.00E+18,30,0.05,0.729,2.21E-05,81.992,1.29E-05
0.72,2.00E+14,30,1.00E+18,30,1,1.143,2.06E-04,80.369,1.52E-04
0.72,2.00E+14,50,1.00E+14,10,0.05,0.874,1.87E-05,86.304,1.41E-05
0.72,2.00E+14,50,1.00E+14,10,1,1.259,1.71E-04,83.013,1.38E-04
0.72,2.00E+14,50,1.00E+14,15,0.05,0.874,1.87E-05,86.304,1.41E-05
0.72,2.00E+14,50,1.00E+14,15,1,1.259,1.71E-04,83.013,1.38E-04
0.72,2.00E+14,50,1.00E+14,20,0.05,0.874,1.87E-05,86.302,1.41E-05
0.72,2.00E+14,50,1.00E+14,20,1,1.259,1.71E-04,83.013,1.38E-04
0.72,2.00E+14,50,1.00E+14,30,0.05,0.875,1.88E-05,86.263,1.41E-05
0.72,2.00E+14,50,1.00E+14,30,1,1.26,1.72E-04,83.004,1.38E-04
0.72,2.00E+14,50,1.00E+14,40,0.05,0.863,1.87E-05,85.827,1.36E-05
0.72,2.00E+14,50,1.00E+14,40,1,1.258,1.72E-04,82.727,1.39E-04
0.72,2.00E+14,50,1.00E+15,10,0.05,0.874,1.97E-05,86.3,1.42E-05
0.72,2.00E+14,50,1.00E+15,10,1,1.268,1.74E-04,82.961,1.41E-04
0.72,2.00E+14,50,1.00E+15,15,0.05,0.874,1.98E-05,86.29,1.42E-05
0.72,2.00E+14,50,1.00E+15,15,1,1.269,1.74E-04,82.956,1.42E-04
0.72,2.00E+14,50,1.00E+15,20,0.05,0.875,1.99E-05,86.116,1.43E-05
0.72,2.00E+14,50,1.00E+15,20,1,1.27,1.75E-04,82.939,1.42E-04
0.72,2.00E+14,50,1.00E+15,30,0.05,0.875,2.00E-05,85.988,1.43E-05
0.72,2.00E+14,50,1.00E+15,30,1,1.271,1.75E-04,82.929,1.42E-04
0.72,2.00E+14,50,1.00E+15,40,0.05,0.8,1.94E-05,83.579,1.20E-05
0.72,2.00E+14,50,1.00E+15,40,1,1.236,1.81E-04,81.025,1.43E-04
0.72,2.00E+14,50,1.00E+16,10,0.05,0.875,2.01E-05,86.244,1.43E-05
0.72,2.00E+14,50,1.00E+16,10,1,1.271,1.75E-04,82.931,1.43E-04
0.72,2.00E+14,50,1.00E+16,15,0.05,0.876,2.03E-05,85.97,1.44E-05
0.72,2.00E+14,50,1.00E+16,15,1,1.273,1.76E-04,82.913,1.43E-04
0.72,2.00E+14,50,1.00E+16,20,0.05,0.876,2.03E-05,85.999,1.44E-05
0.72,2.00E+14,50,1.00E+16,20,1,1.273,1.76E-04,82.907,1.44E-04
0.72,2.00E+14,50,1.00E+16,30,0.05,0.876,2.05E-05,86.092,1.44E-05
0.72,2.00E+14,50,1.00E+16,30,1,1.275,1.77E-04,82.837,1.44E-04
0.72,2.00E+14,50,1.00E+16,40,0.05,0.255,1.98E-05,1320.211,8.80E-06
0.72,2.00E+14,50,1.00E+16,40,1,0.623,2.35E-04,936.502,1.25E-04
0.72,2.00E+14,50,1.00E+17,10,0.05,0.876,2.04E-05,86.124,1.44E-05
0.72,2.00E+14,50,1.00E+17,10,1,1.274,1.76E-04,82.905,1.44E-04
0.72,2.00E+14,50,1.00E+17,15,0.05,0.877,2.06E-05,86.165,1.45E-05
0.72,2.00E+14,50,1.00E+17,15,1,1.274,1.77E-04,82.873,1.45E-04
0.72,2.00E+14,50,1.00E+17,20,0.05,0.877,2.07E-05,85.915,1.46E-05
0.72,2.00E+14,50,1.00E+17,20,1,1.272,1.78E-04,82.862,1.45E-04
0.72,2.00E+14,50,1.00E+17,30,0.05,0.861,2.12E-05,85.303,1.44E-05
0.72,2.00E+14,50,1.00E+17,30,1,1.259,1.83E-04,82.354,1.48E-04
0.72,2.00E+14,50,1.00E+18,10,0.05,0.877,2.07E-05,86.298,1.46E-05
0.72,2.00E+14,50,1.00E+18,10,1,1.273,1.78E-04,82.862,1.45E-04
0.72,2.00E+14,50,1.00E+18,15,0.05,0.873,2.11E-05,85.882,1.48E-05
0.72,2.00E+14,50,1.00E+18,15,1,1.262,1.81E-04,82.788,1.46E-04
0.72,2.00E+14,50,1.00E+18,20,0.05,0.874,2.13E-05,85.751,1.51E-05
0.72,2.00E+14,50,1.00E+18,20,1,1.255,1.83E-04,82.744,1.47E-04
0.72,2.00E+14,50,1.00E+18,30,0.05,0.733,2.15E-05,81.856,1.26E-05
0.72,2.00E+14,50,1.00E+18,30,1,1.153,2.02E-04,80.308,1.50E-04
0.72,2.00E+14,70,1.00E+14,10,0.05,0.828,1.87E-05,84.757,1.25E-05
0.72,2.00E+14,70,1.00E+14,10,1,1.243,1.77E-04,81.785,1.41E-04
0.72,2.00E+14,70,1.00E+14,15,0.05,0.828,1.87E-05,84.757,1.25E-05
0.72,2.00E+14,70,1.00E+14,15,1,1.243,1.77E-04,81.785,1.41E-04
0.72,2.00E+14,70,1.00E+14,20,0.05,0.828,1.87E-05,84.757,1.25E-05
0.72,2.00E+14,70,1.00E+14,20,1,1.243,1.77E-04,81.785,1.41E-04
0.72,2.00E+14,70,1.00E+14,30,0.05,0.828,1.87E-05,84.76,1.25E-05
0.72,2.00E+14,70,1.00E+14,30,1,1.243,1.77E-04,81.785,1.41E-04
0.72,2.00E+14,70,1.00E+14,40,0.05,0.818,1.86E-05,84.52,1.22E-05
0.72,2.00E+14,70,1.00E+14,40,1,1.237,1.77E-04,81.607,1.41E-04
0.72,2.00E+14,70,1.00E+15,10,0.05,0.834,1.96E-05,84.69,1.28E-05
0.72,2.00E+14,70,1.00E+15,10,1,1.252,1.80E-04,81.746,1.44E-04
0.72,2.00E+14,70,1.00E+15,15,0.05,0.834,1.97E-05,84.685,1.28E-05
0.72,2.00E+14,70,1.00E+15,15,1,1.253,1.80E-04,81.743,1.45E-04
0.72,2.00E+14,70,1.00E+15,20,0.05,0.835,1.98E-05,84.683,1.29E-05
0.72,2.00E+14,70,1.00E+15,20,1,1.254,1.80E-04,81.74,1.45E-04
0.72,2.00E+14,70,1.00E+15,30,0.05,0.835,1.98E-05,84.671,1.29E-05
0.72,2.00E+14,70,1.00E+15,30,1,1.255,1.81E-04,81.731,1.45E-04
0.72,2.00E+14,70,1.00E+15,40,0.05,0.762,1.91E-05,82.76,1.14E-05
0.72,2.00E+14,70,1.00E+15,40,1,1.203,1.84E-04,80.742,1.42E-04
0.72,2.00E+14,70,1.00E+16,10,0.05,0.837,2.00E-05,84.656,1.30E-05
0.72,2.00E+14,70,1.00E+16,10,1,1.256,1.81E-04,81.727,1.46E-04
0.72,2.00E+14,70,1.00E+16,15,0.05,0.838,2.01E-05,84.652,1.30E-05
0.72,2.00E+14,70,1.00E+16,15,1,1.258,1.82E-04,81.72,1.46E-04
0.72,2.00E+14,70,1.00E+16,20,0.05,0.839,2.03E-05,84.529,1.31E-05
0.72,2.00E+14,70,1.00E+16,20,1,1.259,1.82E-04,81.717,1.47E-04
0.72,2.00E+14,70,1.00E+16,30,0.05,0.84,2.05E-05,84.58,1.31E-05
0.72,2.00E+14,70,1.00E+16,30,1,1.26,1.83E-04,81.677,1.47E-04
0.72,2.00E+14,70,1.00E+16,40,0.05,0.215,1.98E-05,1477.952,8.67E-06
0.72,2.00E+14,70,1.00E+16,40,1,0.576,2.38E-04,1029.155,1.24E-04
0.72,2.00E+14,70,1.00E+17,10,0.05,0.839,2.03E-05,84.576,1.31E-05
0.72,2.00E+14,70,1.00E+17,10,1,1.259,1.82E-04,81.716,1.47E-04
0.72,2.00E+14,70,1.00E+17,15,0.05,0.841,2.04E-05,84.632,1.32E-05
0.72,2.00E+14,70,1.00E+17,15,1,1.261,1.83E-04,81.711,1.47E-04
0.72,2.00E+14,70,1.00E+17,20,0.05,0.842,2.06E-05,84.496,1.32E-05
0.72,2.00E+14,70,1.00E+17,20,1,1.261,1.83E-04,81.696,1.48E-04
0.72,2.00E+14,70,1.00E+17,30,0.05,0.828,2.07E-05,84.058,1.31E-05
0.72,2.00E+14,70,1.00E+17,30,1,1.249,1.86E-04,81.348,1.49E-04
0.72,2.00E+14,70,1.00E+18,10,0.05,0.842,2.05E-05,84.538,1.32E-05
0.72,2.00E+14,70,1.00E+18,10,1,1.261,1.83E-04,81.707,1.48E-04
0.72,2.00E+14,70,1.00E+18,15,0.05,0.841,2.08E-05,84.52,1.33E-05
0.72,2.00E+14,70,1.00E+18,15,1,1.257,1.85E-04,81.649,1.49E-04
0.72,2.00E+14,70,1.00E+18,20,0.05,0.841,2.09E-05,84.405,1.34E-05
0.72,2.00E+14,70,1.00E+18,20,1,1.253,1.86E-04,81.609,1.49E-04
0.72,2.00E+14,70,1.00E+18,30,0.05,0.712,2.08E-05,81.366,1.18E-05
0.72,2.00E+14,70,1.00E+18,30,1,1.138,2.00E-04,81.848,1.47E-04
0.72,1.00E+11,10,1.00E+14,10,0.05,1.126,5.61E-06,86.071,4.12E-06
0.72,1.00E+11,10,1.00E+14,10,1,1.298,3.95E-05,84.891,3.29E-05
0.72,1.00E+11,10,1.00E+14,15,0.05,0.912,8.27E-06,86.484,5.80E-06
0.72,1.00E+11,10,1.00E+14,15,1,1.133,6.17E-05,84.87,4.61E-05
0.72,1.00E+11,10,1.00E+14,20,0.05,0.874,9.90E-06,86.822,7.22E-06
0.72,1.00E+11,10,1.00E+14,20,1,1.142,8.73E-05,84.578,6.68E-05
0.72,1.00E+11,10,1.00E+14,30,0.05,0.866,1.21E-05,86.371,9.34E-06
0.72,1.00E+11,10,1.00E+14,30,1,1.181,1.17E-04,84.11,9.09E-05
0.72,1.00E+11,10,1.00E+14,40,0.05,0.861,1.36E-05,85.934,1.09E-05
0.72,1.00E+11,10,1.00E+14,40,1,1.242,1.42E-04,83.061,1.14E-04
0.72,1.00E+11,10,1.00E+15,10,0.05,0.871,1.21E-05,86.541,8.43E-06
0.72,1.00E+11,10,1.00E+15,10,1,1.16,1.03E-04,84.243,7.92E-05
0.72,1.00E+11,10,1.00E+15,15,0.05,0.873,1.34E-05,86.354,9.61E-06
0.72,1.00E+11,10,1.00E+15,15,1,1.184,1.19E-04,83.972,9.22E-05
0.72,1.00E+11,10,1.00E+15,20,0.05,0.874,1.40E-05,86.335,1.00E-05
0.72,1.00E+11,10,1.00E+15,20,1,1.192,1.24E-04,83.892,9.64E-05
0.72,1.00E+11,10,1.00E+15,30,0.05,0.881,1.69E-05,86.132,1.24E-05
0.72,1.00E+11,10,1.00E+15,30,1,1.28,1.56E-04,83.053,1.28E-04
0.72,1.00E+11,10,1.00E+15,40,0.05,0.796,1.80E-05,83.487,1.14E-05
0.72,1.00E+11,10,1.00E+15,40,1,1.235,1.73E-04,80.897,1.36E-04
0.72,1.00E+11,10,1.00E+16,10,0.05,0.874,1.51E-05,86.357,1.06E-05
0.72,1.00E+11,10,1.00E+16,10,1,1.203,1.31E-04,83.687,1.02E-04
0.72,1.00E+11,10,1.00E+16,15,0.05,0.877,1.64E-05,86.215,1.17E-05
0.72,1.00E+11,10,1.00E+16,15,1,1.257,1.48E-04,83.23,1.19E-04
0.72,1.00E+11,10,1.00E+16,20,0.05,0.878,1.72E-05,86.08,1.23E-05
0.72,1.00E+11,10,1.00E+16,20,1,1.277,1.56E-04,83.071,1.27E-04
0.72,1.00E+11,10,1.00E+16,30,0.05,0.877,1.93E-05,86.324,1.35E-05
0.72,1.00E+11,10,1.00E+16,30,1,1.283,1.69E-04,82.823,1.39E-04
0.72,1.00E+11,10,1.00E+16,40,0.05,0.247,1.96E-05,1280.959,8.68E-06
0.72,1.00E+11,10,1.00E+16,40,1,0.624,2.33E-04,919.585,1.24E-04
0.72,1.00E+11,10,1.00E+17,10,0.05,0.878,1.85E-05,86.233,1.31E-05
0.72,1.00E+11,10,1.00E+17,10,1,1.28,1.64E-04,82.903,1.35E-04
0.72,1.00E+11,10,1.00E+17,15,0.05,0.877,1.90E-05,86.076,1.34E-05
0.72,1.00E+11,10,1.00E+17,15,1,1.277,1.68E-04,82.855,1.37E-04
0.72,1.00E+11,10,1.00E+17,20,0.05,0.876,1.96E-05,85.932,1.38E-05
0.72,1.00E+11,10,1.00E+17,20,1,1.274,1.72E-04,82.839,1.40E-04
0.72,1.00E+11,10,1.00E+17,30,0.05,0.858,2.12E-05,85.231,1.44E-05
0.72,1.00E+11,10,1.00E+17,30,1,1.25,1.84E-04,82.315,1.47E-04
0.72,1.00E+11,10,1.00E+18,10,0.05,0.876,1.97E-05,86.315,1.38E-05
0.72,1.00E+11,10,1.00E+18,10,1,1.272,1.72E-04,82.819,1.40E-04
0.72,1.00E+11,10,1.00E+18,15,0.05,0.872,2.04E-05,85.749,1.44E-05
0.72,1.00E+11,10,1.00E+18,15,1,1.261,1.77E-04,82.739,1.43E-04
0.72,1.00E+11,10,1.00E+18,20,0.05,0.87,2.11E-05,85.737,1.48E-05
0.72,1.00E+11,10,1.00E+18,20,1,1.251,1.82E-04,82.738,1.46E-04
0.72,1.00E+11,10,1.00E+18,30,0.05,0.729,2.21E-05,81.985,1.29E-05
0.72,1.00E+11,10,1.00E+18,30,1,1.143,2.06E-04,80.368,1.52E-04
0.72,1.00E+11,20,1.00E+14,10,0.05,1.158,5.51E-06,86.2,4.13E-06
0.72,1.00E+11,20,1.00E+14,10,1,1.32,3.85E-05,85.285,3.26E-05
0.72,1.00E+11,20,1.00E+14,15,0.05,0.925,8.24E-06,86.395,5.81E-06
0.72,1.00E+11,20,1.00E+14,15,1,1.139,6.06E-05,84.826,4.54E-05
0.72,1.00E+11,20,1.00E+14,20,0.05,0.88,9.90E-06,86.771,7.22E-06
0.72,1.00E+11,20,1.00E+14,20,1,1.144,8.64E-05,84.563,6.62E-05
0.72,1.00E+11,20,1.00E+14,30,0.05,0.867,1.21E-05,86.367,9.32E-06
0.72,1.00E+11,20,1.00E+14,30,1,1.179,1.17E-04,84.128,9.05E-05
0.72,1.00E+11,20,1.00E+14,40,0.05,0.861,1.36E-05,85.933,1.09E-05
0.72,1.00E+11,20,1.00E+14,40,1,1.242,1.42E-04,83.059,1.14E-04
0.72,1.00E+11,20,1.00E+15,10,0.05,0.874,1.21E-05,86.515,8.42E-06
0.72,1.00E+11,20,1.00E+15,10,1,1.159,1.03E-04,84.25,7.85E-05
0.72,1.00E+11,20,1.00E+15,15,0.05,0.871,1.34E-05,86.368,9.50E-06
0.72,1.00E+11,20,1.00E+15,15,1,1.182,1.18E-04,84.008,9.17E-05
0.72,1.00E+11,20,1.00E+15,20,0.05,0.872,1.40E-05,86.353,9.88E-06
0.72,1.00E+11,20,1.00E+15,20,1,1.19,1.23E-04,83.911,9.59E-05
0.72,1.00E+11,20,1.00E+15,30,0.05,0.88,1.69E-05,86.133,1.24E-05
0.72,1.00E+11,20,1.00E+15,30,1,1.28,1.56E-04,83.053,1.28E-04
0.72,1.00E+11,20,1.00E+15,40,0.05,0.795,1.80E-05,83.486,1.14E-05
0.72,1.00E+11,20,1.00E+15,40,1,1.235,1.73E-04,80.897,1.36E-04
0.72,1.00E+11,20,1.00E+16,10,0.05,0.875,1.51E-05,86.351,1.06E-05
0.72,1.00E+11,20,1.00E+16,10,1,1.201,1.30E-04,83.704,1.02E-04
0.72,1.00E+11,20,1.00E+16,15,0.05,0.877,1.64E-05,86.275,1.17E-05
0.72,1.00E+11,20,1.00E+16,15,1,1.255,1.48E-04,83.259,1.19E-04
0.72,1.00E+11,20,1.00E+16,20,0.05,0.878,1.72E-05,86.078,1.23E-05
0.72,1.00E+11,20,1.00E+16,20,1,1.276,1.56E-04,83.074,1.27E-04
0.72,1.00E+11,20,1.00E+16,30,0.05,0.877,1.93E-05,86.324,1.35E-05
0.72,1.00E+11,20,1.00E+16,30,1,1.283,1.69E-04,82.823,1.39E-04
0.72,1.00E+11,20,1.00E+16,40,0.05,0.247,1.96E-05,1280.971,8.68E-06
0.72,1.00E+11,20,1.00E+16,40,1,0.624,2.33E-04,919.594,1.24E-04
0.72,1.00E+11,20,1.00E+17,10,0.05,0.878,1.85E-05,86.187,1.31E-05
0.72,1.00E+11,20,1.00E+17,10,1,1.28,1.64E-04,82.903,1.35E-04
0.72,1.00E+11,20,1.00E+17,15,0.05,0.877,1.91E-05,86.046,1.34E-05
0.72,1.00E+11,20,1.00E+17,15,1,1.277,1.68E-04,82.855,1.37E-04
0.72,1.00E+11,20,1.00E+17,20,0.05,0.876,1.96E-05,85.931,1.38E-05
0.72,1.00E+11,20,1.00E+17,20,1,1.274,1.72E-04,82.84,1.40E-04
0.72,1.00E+11,20,1.00E+17,30,0.05,0.858,2.12E-05,85.231,1.44E-05
0.72,1.00E+11,20,1.00E+17,30,1,1.25,1.84E-04,82.315,1.47E-04
0.72,1.00E+11,20,1.00E+18,10,0.05,0.876,1.97E-05,86.312,1.38E-05
0.72,1.00E+11,20,1.00E+18,10,1,1.272,1.72E-04,82.819,1.40E-04
0.72,1.00E+11,20,1.00E+18,15,0.05,0.872,2.04E-05,85.749,1.44E-05
0.72,1.00E+11,20,1.00E+18,15,1,1.261,1.77E-04,82.739,1.43E-04
0.72,1.00E+11,20,1.00E+18,20,0.05,0.87,2.11E-05,85.736,1.48E-05
0.72,1.00E+11,20,1.00E+18,20,1,1.251,1.82E-04,82.738,1.46E-04
0.72,1.00E+11,20,1.00E+18,30,0.05,0.729,2.21E-05,81.985,1.29E-05
0.72,1.00E+11,20,1.00E+18,30,1,1.143,2.06E-04,80.368,1.52E-04
0.72,1.00E+11,30,1.00E+14,10,0.05,1.185,5.39E-06,86.395,4.12E-06
0.72,1.00E+11,30,1.00E+14,10,1,1.338,3.77E-05,85.736,3.24E-05
0.72,1.00E+11,30,1.00E+14,15,0.05,0.935,8.19E-06,86.339,5.79E-06
0.72,1.00E+11,30,1.00E+14,15,1,1.143,5.98E-05,84.798,4.48E-05
0.72,1.00E+11,30,1.00E+14,20,0.05,0.884,9.87E-06,86.738,7.19E-06
0.72,1.00E+11,30,1.00E+14,20,1,1.146,8.57E-05,84.508,6.57E-05
0.72,1.00E+11,30,1.00E+14,30,0.05,0.867,1.21E-05,86.367,9.28E-06
0.72,1.00E+11,30,1.00E+14,30,1,1.178,1.16E-04,84.14,9.01E-05
0.72,1.00E+11,30,1.00E+14,40,0.05,0.861,1.36E-05,85.933,1.09E-05
0.72,1.00E+11,30,1.00E+14,40,1,1.241,1.42E-04,83.059,1.14E-04
0.72,1.00E+11,30,1.00E+15,10,0.05,0.877,1.20E-05,86.501,8.38E-06
0.72,1.00E+11,30,1.00E+15,10,1,1.16,1.02E-04,84.252,7.79E-05
0.72,1.00E+11,30,1.00E+15,15,0.05,0.872,1.34E-05,86.364,9.46E-06
0.72,1.00E+11,30,1.00E+15,15,1,1.181,1.18E-04,83.947,9.12E-05
0.72,1.00E+11,30,1.00E+15,20,0.05,0.872,1.40E-05,86.35,9.85E-06
0.72,1.00E+11,30,1.00E+15,20,1,1.189,1.23E-04,83.922,9.55E-05
0.72,1.00E+11,30,1.00E+15,30,0.05,0.878,1.69E-05,86.147,1.23E-05
0.72,1.00E+11,30,1.00E+15,30,1,1.279,1.56E-04,83.054,1.28E-04
0.72,1.00E+11,30,1.00E+15,40,0.05,0.795,1.80E-05,83.486,1.14E-05
0.72,1.00E+11,30,1.00E+15,40,1,1.235,1.73E-04,80.897,1.36E-04
0.72,1.00E+11,30,1.00E+16,10,0.05,0.875,1.51E-05,86.352,1.06E-05
0.72,1.00E+11,30,1.00E+16,10,1,1.199,1.30E-04,83.716,1.01E-04
0.72,1.00E+11,30,1.00E+16,15,0.05,0.877,1.64E-05,86.275,1.17E-05
0.72,1.00E+11,30,1.00E+16,15,1,1.254,1.47E-04,83.241,1.19E-04
0.72,1.00E+11,30,1.00E+16,20,0.05,0.878,1.72E-05,86.078,1.23E-05
0.72,1.00E+11,30,1.00E+16,20,1,1.276,1.56E-04,83.075,1.27E-04
0.72,1.00E+11,30,1.00E+16,30,0.05,0.877,1.93E-05,86.324,1.35E-05
0.72,1.00E+11,30,1.00E+16,30,1,1.283,1.69E-04,82.823,1.39E-04
0.72,1.00E+11,30,1.00E+16,40,0.05,0.247,1.96E-05,1280.986,8.68E-06
0.72,1.00E+11,30,1.00E+16,40,1,0.624,2.33E-04,919.603,1.24E-04
0.72,1.00E+11,30,1.00E+17,10,0.05,0.878,1.86E-05,86.179,1.31E-05
0.72,1.00E+11,30,1.00E+17,10,1,1.28,1.64E-04,82.903,1.35E-04
0.72,1.00E+11,30,1.00E+17,15,0.05,0.877,1.91E-05,86.03,1.34E-05
0.72,1.00E+11,30,1.00E+17,15,1,1.277,1.68E-04,82.855,1.37E-04
0.72,1.00E+11,30,1.00E+17,20,0.05,0.876,1.96E-05,85.931,1.38E-05
0.72,1.00E+11,30,1.00E+17,20,1,1.274,1.72E-04,82.84,1.40E-04
0.72,1.00E+11,30,1.00E+17,30,0.05,0.858,2.12E-05,85.231,1.44E-05
0.72,1.00E+11,30,1.00E+17,30,1,1.25,1.84E-04,82.314,1.47E-04
0.72,1.00E+11,30,1.00E+18,10,0.05,0.876,1.97E-05,86.312,1.38E-05
0.72,1.00E+11,30,1.00E+18,10,1,1.272,1.72E-04,82.819,1.40E-04
0.72,1.00E+11,30,1.00E+18,15,0.05,0.872,2.04E-05,85.75,1.44E-05
0.72,1.00E+11,30,1.00E+18,15,1,1.261,1.77E-04,82.738,1.43E-04
0.72,1.00E+11,30,1.00E+18,20,0.05,0.87,2.11E-05,85.736,1.48E-05
0.72,1.00E+11,30,1.00E+18,20,1,1.251,1.82E-04,82.739,1.46E-04
0.72,1.00E+11,30,1.00E+18,30,0.05,0.729,2.21E-05,81.985,1.29E-05
0.72,1.00E+11,30,1.00E+18,30,1,1.143,2.06E-04,80.368,1.52E-04
0.72,1.00E+11,50,1.00E+14,10,0.05,1.223,5.21E-06,86.822,4.09E-06
0.72,1.00E+11,50,1.00E+14,10,1,1.363,3.65E-05,86.584,3.21E-05
0.72,1.00E+11,50,1.00E+14,15,0.05,0.95,8.09E-06,86.27,5.76E-06
0.72,1.00E+11,50,1.00E+14,15,1,1.15,5.86E-05,84.767,4.41E-05
0.72,1.00E+11,50,1.00E+14,20,0.05,0.891,9.82E-06,86.697,7.14E-06
0.72,1.00E+11,50,1.00E+14,20,1,1.15,8.47E-05,84.524,6.50E-05
0.72,1.00E+11,50,1.00E+14,30,0.05,0.867,1.21E-05,86.367,9.21E-06
0.72,1.00E+11,50,1.00E+14,30,1,1.177,1.15E-04,84.155,8.95E-05
0.72,1.00E+11,50,1.00E+14,40,0.05,0.861,1.36E-05,85.934,1.09E-05
0.72,1.00E+11,50,1.00E+14,40,1,1.241,1.42E-04,83.06,1.14E-04
0.72,1.00E+11,50,1.00E+15,10,0.05,0.88,1.20E-05,86.485,8.32E-06
0.72,1.00E+11,50,1.00E+15,10,1,1.16,1.01E-04,84.251,7.71E-05
0.72,1.00E+11,50,1.00E+15,15,0.05,0.873,1.34E-05,86.362,9.40E-06
0.72,1.00E+11,50,1.00E+15,15,1,1.18,1.17E-04,84.036,9.05E-05
0.72,1.00E+11,50,1.00E+15,20,0.05,0.873,1.39E-05,86.347,9.78E-06
0.72,1.00E+11,50,1.00E+15,20,1,1.188,1.22E-04,83.938,9.49E-05
0.72,1.00E+11,50,1.00E+15,30,0.05,0.878,1.69E-05,86.148,1.23E-05
0.72,1.00E+11,50,1.00E+15,30,1,1.279,1.56E-04,83.054,1.28E-04
0.72,1.00E+11,50,1.00E+15,40,0.05,0.795,1.80E-05,83.485,1.14E-05
0.72,1.00E+11,50,1.00E+15,40,1,1.235,1.73E-04,80.896,1.36E-04
0.72,1.00E+11,50,1.00E+16,10,0.05,0.875,1.51E-05,86.36,1.06E-05
0.72,1.00E+11,50,1.00E+16,10,1,1.198,1.29E-04,83.733,1.01E-04
0.72,1.00E+11,50,1.00E+16,15,0.05,0.877,1.64E-05,86.279,1.17E-05
0.72,1.00E+11,50,1.00E+16,15,1,1.253,1.47E-04,83.247,1.18E-04
0.72,1.00E+11,50,1.00E+16,20,0.05,0.878,1.72E-05,86.077,1.23E-05
0.72,1.00E+11,50,1.00E+16,20,1,1.275,1.56E-04,83.077,1.27E-04
0.72,1.00E+11,50,1.00E+16,30,0.05,0.877,1.93E-05,86.323,1.35E-05
0.72,1.00E+11,50,1.00E+16,30,1,1.283,1.69E-04,82.822,1.39E-04
0.72,1.00E+11,50,1.00E+16,40,0.05,0.247,1.96E-05,1281.028,8.68E-06
0.72,1.00E+11,50,1.00E+16,40,1,0.624,2.33E-04,919.623,1.24E-04
0.72,1.00E+11,50,1.00E+17,10,0.05,0.878,1.86E-05,86.143,1.31E-05
0.72,1.00E+11,50,1.00E+17,10,1,1.279,1.64E-04,82.904,1.35E-04
0.72,1.00E+11,50,1.00E+17,15,0.05,0.877,1.91E-05,86.012,1.34E-05
0.72,1.00E+11,50,1.00E+17,15,1,1.277,1.68E-04,82.855,1.37E-04
0.72,1.00E+11,50,1.00E+17,20,0.05,0.876,1.96E-05,85.93,1.38E-05
0.72,1.00E+11,50,1.00E+17,20,1,1.273,1.72E-04,82.84,1.40E-04
0.72,1.00E+11,50,1.00E+17,30,0.05,0.858,2.12E-05,85.231,1.44E-05
0.72,1.00E+11,50,1.00E+17,30,1,1.25,1.84E-04,82.315,1.47E-04
0.72,1.00E+11,50,1.00E+18,10,0.05,0.876,1.97E-05,86.312,1.38E-05
0.72,1.00E+11,50,1.00E+18,10,1,1.272,1.72E-04,82.819,1.40E-04
0.72,1.00E+11,50,1.00E+18,15,0.05,0.872,2.04E-05,85.751,1.44E-05
0.72,1.00E+11,50,1.00E+18,15,1,1.261,1.77E-04,82.739,1.43E-04
0.72,1.00E+11,50,1.00E+18,20,0.05,0.87,2.11E-05,85.736,1.48E-05
0.72,1.00E+11,50,1.00E+18,20,1,1.251,1.82E-04,82.739,1.46E-04
0.72,1.00E+11,50,1.00E+18,30,0.05,0.729,2.21E-05,81.985,1.29E-05
0.72,1.00E+11,50,1.00E+18,30,1,1.143,2.06E-04,80.368,1.52E-04
0.72,1.00E+11,70,1.00E+14,10,0.05,1.246,5.10E-06,87.378,4.07E-06
0.72,1.00E+11,70,1.00E+14,10,1,1.378,3.58E-05,87.217,3.19E-05
0.72,1.00E+11,70,1.00E+14,15,0.05,0.958,8.04E-06,86.245,5.72E-06
0.72,1.00E+11,70,1.00E+14,15,1,1.154,5.80E-05,84.752,4.37E-05
0.72,1.00E+11,70,1.00E+14,20,0.05,0.895,9.78E-06,86.673,7.11E-06
0.72,1.00E+11,70,1.00E+14,20,1,1.152,8.41E-05,84.509,6.47E-05
0.72,1.00E+11,70,1.00E+14,30,0.05,0.868,1.21E-05,86.366,9.17E-06
0.72,1.00E+11,70,1.00E+14,30,1,1.177,1.15E-04,84.163,8.91E-05
0.72,1.00E+11,70,1.00E+14,40,0.05,0.861,1.36E-05,85.933,1.09E-05
0.72,1.00E+11,70,1.00E+14,40,1,1.241,1.42E-04,83.059,1.14E-04
0.72,1.00E+11,70,1.00E+15,10,0.05,0.882,1.19E-05,86.475,8.29E-06
0.72,1.00E+11,70,1.00E+15,10,1,1.161,1.00E-04,84.247,7.67E-05
0.72,1.00E+11,70,1.00E+15,15,0.05,0.873,1.33E-05,86.36,9.36E-06
0.72,1.00E+11,70,1.00E+15,15,1,1.18,1.17E-04,84.043,9.01E-05
0.72,1.00E+11,70,1.00E+15,20,0.05,0.873,1.39E-05,86.344,9.75E-06
0.72,1.00E+11,70,1.00E+15,20,1,1.187,1.22E-04,83.946,9.45E-05
0.72,1.00E+11,70,1.00E+15,30,0.05,0.88,1.69E-05,86.135,1.24E-05
0.72,1.00E+11,70,1.00E+15,30,1,1.279,1.56E-04,83.053,1.28E-04
0.72,1.00E+11,70,1.00E+15,40,0.05,0.795,1.80E-05,83.484,1.14E-05
0.72,1.00E+11,70,1.00E+15,40,1,1.234,1.73E-04,80.894,1.36E-04
0.72,1.00E+11,70,1.00E+16,10,0.05,0.877,1.50E-05,86.348,1.06E-05
0.72,1.00E+11,70,1.00E+16,10,1,1.197,1.29E-04,83.74,1.01E-04
0.72,1.00E+11,70,1.00E+16,15,0.05,0.877,1.64E-05,86.284,1.17E-05
0.72,1.00E+11,70,1.00E+16,15,1,1.252,1.47E-04,83.257,1.18E-04
0.72,1.00E+11,70,1.00E+16,20,0.05,0.878,1.72E-05,86.076,1.23E-05
0.72,1.00E+11,70,1.00E+16,20,1,1.275,1.55E-04,83.077,1.27E-04
0.72,1.00E+11,70,1.00E+16,30,0.05,0.877,1.93E-05,86.32,1.35E-05
0.72,1.00E+11,70,1.00E+16,30,1,1.283,1.69E-04,82.821,1.39E-04
0.72,1.00E+11,70,1.00E+16,40,0.05,0.246,1.96E-05,1281.141,8.68E-06
0.72,1.00E+11,70,1.00E+16,40,1,0.624,2.33E-04,919.679,1.24E-04
0.72,1.00E+11,70,1.00E+17,10,0.05,0.878,1.86E-05,86.139,1.31E-05
0.72,1.00E+11,70,1.00E+17,10,1,1.279,1.64E-04,82.903,1.35E-04
0.72,1.00E+11,70,1.00E+17,15,0.05,0.877,1.91E-05,86.013,1.34E-05
0.72,1.00E+11,70,1.00E+17,15,1,1.277,1.68E-04,82.854,1.37E-04
0.72,1.00E+11,70,1.00E+17,20,0.05,0.876,1.96E-05,85.928,1.38E-05
0.72,1.00E+11,70,1.00E+17,20,1,1.273,1.72E-04,82.838,1.40E-04
0.72,1.00E+11,70,1.00E+17,30,0.05,0.858,2.12E-05,85.23,1.44E-05
0.72,1.00E+11,70,1.00E+17,30,1,1.25,1.84E-04,82.314,1.47E-04
0.72,1.00E+11,70,1.00E+18,10,0.05,0.876,1.97E-05,86.313,1.38E-05
0.72,1.00E+11,70,1.00E+18,10,1,1.272,1.72E-04,82.818,1.40E-04
0.72,1.00E+11,70,1.00E+18,15,0.05,0.872,2.04E-05,85.75,1.44E-05
0.72,1.00E+11,70,1.00E+18,15,1,1.261,1.77E-04,82.738,1.43E-04
0.72,1.00E+11,70,1.00E+18,20,0.05,0.87,2.11E-05,85.735,1.48E-05
0.72,1.00E+11,70,1.00E+18,20,1,1.251,1.82E-04,82.738,1.46E-04
0.72,1.00E+11,70,1.00E+18,30,0.05,0.729,2.21E-05,81.985,1.29E-05
0.72,1.00E+11,70,1.00E+18,30,1,1.143,2.06E-04,80.368,1.52E-04
0.72,1.00E+12,10,1.00E+14,10,0.05,0.85,9.69E-06,86.646,8.65E-06
0.72,1.00E+12,10,1.00E+14,10,1,1.115,9.05E-05,84.646,7.22E-05
0.72,1.00E+12,10,1.00E+14,15,0.05,0.856,1.07E-05,86.523,9.30E-06
0.72,1.00E+12,10,1.00E+14,15,1,1.151,1.05E-04,84.285,8.28E-05
0.72,1.00E+12,10,1.00E+14,20,0.05,0.86,1.15E-05,86.632,9.84E-06
0.72,1.00E+12,10,1.00E+14,20,1,1.186,1.18E-04,83.939,9.32E-05
0.72,1.00E+12,10,1.00E+14,30,0.05,0.868,1.30E-05,86.283,1.07E-05
0.72,1.00E+12,10,1.00E+14,30,1,1.227,1.34E-04,83.512,1.07E-04
0.72,1.00E+12,10,1.00E+14,40,0.05,0.862,1.40E-05,85.941,1.12E-05
0.72,1.00E+12,10,1.00E+14,40,1,1.249,1.46E-04,83.051,1.17E-04
0.72,1.00E+12,10,1.00E+15,10,0.05,0.869,1.36E-05,86.361,1.07E-05
0.72,1.00E+12,10,1.00E+15,10,1,1.214,1.31E-04,83.605,1.04E-04
0.72,1.00E+12,10,1.00E+15,15,0.05,0.874,1.46E-05,86.242,1.12E-05
0.72,1.00E+12,10,1.00E+15,15,1,1.235,1.39E-04,83.422,1.11E-04
0.72,1.00E+12,10,1.00E+15,20,0.05,0.875,1.50E-05,86.252,1.14E-05
0.72,1.00E+12,10,1.00E+15,20,1,1.242,1.42E-04,83.373,1.14E-04
0.72,1.00E+12,10,1.00E+15,30,0.05,0.878,1.71E-05,86.156,1.25E-05
0.72,1.00E+12,10,1.00E+15,30,1,1.284,1.58E-04,83.044,1.30E-04
0.72,1.00E+12,10,1.00E+15,40,0.05,0.796,1.81E-05,83.494,1.14E-05
0.72,1.00E+12,10,1.00E+15,40,1,1.235,1.73E-04,80.902,1.37E-04
0.72,1.00E+12,10,1.00E+16,10,0.05,0.878,1.59E-05,84.024,1.18E-05
0.72,1.00E+12,10,1.00E+16,10,1,1.256,1.46E-04,83.266,1.19E-04
0.72,1.00E+12,10,1.00E+16,15,0.05,0.877,1.68E-05,86.257,1.21E-05
0.72,1.00E+12,10,1.00E+16,15,1,1.28,1.54E-04,83.091,1.26E-04
0.72,1.00E+12,10,1.00E+16,20,0.05,0.878,1.74E-05,86.076,1.26E-05
0.72,1.00E+12,10,1.00E+16,20,1,1.285,1.59E-04,83.033,1.31E-04
0.72,1.00E+12,10,1.00E+16,30,0.05,0.877,1.93E-05,86.338,1.36E-05
0.72,1.00E+12,10,1.00E+16,30,1,1.283,1.70E-04,82.827,1.39E-04
0.72,1.00E+12,10,1.00E+16,40,0.05,0.247,1.96E-05,1281.137,8.68E-06
0.72,1.00E+12,10,1.00E+16,40,1,0.624,2.33E-04,919.671,1.24E-04
0.72,1.00E+12,10,1.00E+17,10,0.05,0.878,1.86E-05,86.184,1.32E-05
0.72,1.00E+12,10,1.00E+17,10,1,1.284,1.65E-04,82.9,1.36E-04
0.72,1.00E+12,10,1.00E+17,15,0.05,0.877,1.91E-05,85.986,1.35E-05
0.72,1.00E+12,10,1.00E+17,15,1,1.279,1.69E-04,82.858,1.38E-04
0.72,1.00E+12,10,1.00E+17,20,0.05,0.876,1.96E-05,85.94,1.38E-05
0.72,1.00E+12,10,1.00E+17,20,1,1.274,1.72E-04,82.876,1.40E-04
0.72,1.00E+12,10,1.00E+17,30,0.05,0.858,2.12E-05,85.232,1.44E-05
0.72,1.00E+12,10,1.00E+17,30,1,1.25,1.84E-04,82.315,1.47E-04
0.72,1.00E+12,10,1.00E+18,10,0.05,0.876,1.97E-05,86.316,1.38E-05
0.72,1.00E+12,10,1.00E+18,10,1,1.273,1.72E-04,82.821,1.40E-04
0.72,1.00E+12,10,1.00E+18,15,0.05,0.872,2.04E-05,85.755,1.44E-05
0.72,1.00E+12,10,1.00E+18,15,1,1.262,1.77E-04,82.74,1.43E-04
0.72,1.00E+12,10,1.00E+18,20,0.05,0.87,2.11E-05,85.738,1.48E-05
0.72,1.00E+12,10,1.00E+18,20,1,1.252,1.82E-04,82.739,1.46E-04
0.72,1.00E+12,10,1.00E+18,30,0.05,0.729,2.21E-05,81.985,1.29E-05
0.72,1.00E+12,10,1.00E+18,30,1,1.143,2.06E-04,80.368,1.52E-04
0.72,1.00E+12,20,1.00E+14,10,0.05,0.847,9.71E-06,86.639,8.47E-06
0.72,1.00E+12,20,1.00E+14,10,1,1.091,8.51E-05,84.832,6.71E-05
0.72,1.00E+12,20,1.00E+14,15,0.05,0.853,1.07E-05,86.481,9.19E-06
0.72,1.00E+12,20,1.00E+14,15,1,1.13,1.01E-04,84.488,7.88E-05
0.72,1.00E+12,20,1.00E+14,20,0.05,0.859,1.16E-05,86.545,9.80E-06
0.72,1.00E+12,20,1.00E+14,20,1,1.173,1.16E-04,84.03,9.11E-05
0.72,1.00E+12,20,1.00E+14,30,0.05,0.867,1.31E-05,86.238,1.07E-05
0.72,1.00E+12,20,1.00E+14,30,1,1.217,1.33E-04,83.525,1.06E-04
0.72,1.00E+12,20,1.00E+14,40,0.05,0.861,1.40E-05,85.919,1.13E-05
0.72,1.00E+12,20,1.00E+14,40,1,1.247,1.46E-04,83.024,1.17E-04
0.72,1.00E+12,20,1.00E+15,10,0.05,0.868,1.38E-05,86.304,1.07E-05
0.72,1.00E+12,20,1.00E+15,10,1,1.201,1.29E-04,83.669,1.02E-04
0.72,1.00E+12,20,1.00E+15,15,0.05,0.873,1.48E-05,86.178,1.13E-05
0.72,1.00E+12,20,1.00E+15,15,1,1.224,1.38E-04,83.46,1.10E-04
0.72,1.00E+12,20,1.00E+15,20,0.05,0.874,1.52E-05,86.195,1.14E-05
0.72,1.00E+12,20,1.00E+15,20,1,1.231,1.41E-04,83.385,1.12E-04
0.72,1.00E+12,20,1.00E+15,30,0.05,0.878,1.72E-05,86.12,1.25E-05
0.72,1.00E+12,20,1.00E+15,30,1,1.282,1.59E-04,83.036,1.30E-04
0.72,1.00E+12,20,1.00E+15,40,0.05,0.795,1.81E-05,83.491,1.14E-05
0.72,1.00E+12,20,1.00E+15,40,1,1.234,1.73E-04,81.016,1.37E-04
0.72,1.00E+12,20,1.00E+16,10,0.05,0.877,1.61E-05,86.222,1.18E-05
0.72,1.00E+12,20,1.00E+16,10,1,1.245,1.46E-04,83.28,1.17E-04
0.72,1.00E+12,20,1.00E+16,15,0.05,0.878,1.69E-05,86.194,1.23E-05
0.72,1.00E+12,20,1.00E+16,15,1,1.273,1.54E-04,83.086,1.26E-04
0.72,1.00E+12,20,1.00E+16,20,0.05,0.877,1.75E-05,86.064,1.26E-05
0.72,1.00E+12,20,1.00E+16,20,1,1.281,1.59E-04,83.028,1.30E-04
0.72,1.00E+12,20,1.00E+16,30,0.05,0.877,1.93E-05,86.339,1.36E-05
0.72,1.00E+12,20,1.00E+16,30,1,1.283,1.70E-04,82.827,1.39E-04
0.72,1.00E+12,20,1.00E+16,40,0.05,0.247,1.96E-05,1281.251,8.68E-06
0.72,1.00E+12,20,1.00E+16,40,1,0.624,2.33E-04,919.761,1.24E-04
0.72,1.00E+12,20,1.00E+17,10,0.05,0.878,1.87E-05,86.735,1.32E-05
0.72,1.00E+12,20,1.00E+17,10,1,1.282,1.65E-04,82.897,1.36E-04
0.72,1.00E+12,20,1.00E+17,15,0.05,0.877,1.91E-05,85.975,1.35E-05
0.72,1.00E+12,20,1.00E+17,15,1,1.278,1.69E-04,82.857,1.38E-04
0.72,1.00E+12,20,1.00E+17,20,0.05,0.876,1.96E-05,85.935,1.38E-05
0.72,1.00E+12,20,1.00E+17,20,1,1.274,1.72E-04,82.842,1.40E-04
0.72,1.00E+12,20,1.00E+17,30,0.05,0.858,2.12E-05,85.232,1.44E-05
0.72,1.00E+12,20,1.00E+17,30,1,1.25,1.84E-04,82.315,1.47E-04
0.72,1.00E+12,20,1.00E+18,10,0.05,0.876,1.97E-05,86.321,1.38E-05
0.72,1.00E+12,20,1.00E+18,10,1,1.273,1.72E-04,82.82,1.40E-04
0.72,1.00E+12,20,1.00E+18,15,0.05,0.872,2.04E-05,85.753,1.44E-05
0.72,1.00E+12,20,1.00E+18,15,1,1.262,1.77E-04,82.74,1.43E-04
0.72,1.00E+12,20,1.00E+18,20,0.05,0.87,2.11E-05,85.738,1.48E-05
0.72,1.00E+12,20,1.00E+18,20,1,1.252,1.82E-04,82.739,1.46E-04
0.72,1.00E+12,20,1.00E+18,30,0.05,0.729,2.21E-05,81.985,1.29E-05
0.72,1.00E+12,20,1.00E+18,30,1,1.143,2.06E-04,80.368,1.52E-04
0.72,1.00E+12,30,1.00E+14,10,0.05,0.852,9.37E-06,86.539,8.32E-06
0.72,1.00E+12,30,1.00E+14,10,1,1.066,7.76E-05,85.077,5.94E-05
0.72,1.00E+12,30,1.00E+14,15,0.05,0.851,1.05E-05,86.533,8.82E-06
0.72,1.00E+12,30,1.00E+14,15,1,1.109,9.42E-05,84.707,7.28E-05
0.72,1.00E+12,30,1.00E+14,20,0.05,0.857,1.14E-05,86.539,9.55E-06
0.72,1.00E+12,30,1.00E+14,20,1,1.159,1.12E-04,84.164,8.73E-05
0.72,1.00E+12,30,1.00E+14,30,0.05,0.865,1.31E-05,86.226,1.06E-05
0.72,1.00E+12,30,1.00E+14,30,1,1.207,1.31E-04,83.649,1.04E-04
0.72,1.00E+12,30,1.00E+14,40,0.05,0.86,1.40E-05,85.917,1.12E-05
0.72,1.00E+12,30,1.00E+14,40,1,1.244,1.46E-04,83.009,1.17E-04
0.72,1.00E+12,30,1.00E+15,10,0.05,0.866,1.36E-05,86.315,1.05E-05
0.72,1.00E+12,30,1.00E+15,10,1,1.188,1.26E-04,83.768,9.83E-05
0.72,1.00E+12,30,1.00E+15,15,0.05,0.872,1.47E-05,86.158,1.11E-05
0.72,1.00E+12,30,1.00E+15,15,1,1.212,1.35E-04,83.552,1.07E-04
0.72,1.00E+12,30,1.00E+15,20,0.05,0.873,1.51E-05,86.167,1.13E-05
0.72,1.00E+12,30,1.00E+15,20,1,1.22,1.39E-04,83.469,1.10E-04
0.72,1.00E+12,30,1.00E+15,30,0.05,0.877,1.72E-05,86.025,1.25E-05
0.72,1.00E+12,30,1.00E+15,30,1,1.279,1.58E-04,83.033,1.30E-04
0.72,1.00E+12,30,1.00E+15,40,0.05,0.795,1.81E-05,83.486,1.14E-05
0.72,1.00E+12,30,1.00E+15,40,1,1.234,1.73E-04,80.894,1.37E-04
0.72,1.00E+12,30,1.00E+16,10,0.05,0.876,1.60E-05,86.207,1.17E-05
0.72,1.00E+12,30,1.00E+16,10,1,1.234,1.44E-04,83.32,1.15E-04
0.72,1.00E+12,30,1.00E+16,15,0.05,0.877,1.68E-05,86.197,1.22E-05
0.72,1.00E+12,30,1.00E+16,15,1,1.268,1.53E-04,83.1,1.24E-04
0.72,1.00E+12,30,1.00E+16,20,0.05,0.877,1.75E-05,86.038,1.26E-05
0.72,1.00E+12,30,1.00E+16,20,1,1.278,1.58E-04,83.03,1.30E-04
0.72,1.00E+12,30,1.00E+16,30,0.05,0.877,1.93E-05,86.337,1.36E-05
0.72,1.00E+12,30,1.00E+16,30,1,1.282,1.70E-04,82.825,1.39E-04
0.72,1.00E+12,30,1.00E+16,40,0.05,0.247,1.96E-05,1281.412,8.68E-06
0.72,1.00E+12,30,1.00E+16,40,1,0.624,2.33E-04,919.854,1.24E-04
0.72,1.00E+12,30,1.00E+17,10,0.05,0.877,1.87E-05,86.385,1.32E-05
0.72,1.00E+12,30,1.00E+17,10,1,1.28,1.65E-04,82.896,1.36E-04
0.72,1.00E+12,30,1.00E+17,15,0.05,0.877,1.91E-05,86.291,1.35E-05
0.72,1.00E+12,30,1.00E+17,15,1,1.277,1.69E-04,82.856,1.38E-04
0.72,1.00E+12,30,1.00E+17,20,0.05,0.876,1.97E-05,85.933,1.38E-05
0.72,1.00E+12,30,1.00E+17,20,1,1.273,1.72E-04,82.629,1.40E-04
0.72,1.00E+12,30,1.00E+17,30,0.05,0.858,2.12E-05,85.233,1.44E-05
0.72,1.00E+12,30,1.00E+17,30,1,1.25,1.84E-04,82.315,1.47E-04
0.72,1.00E+12,30,1.00E+18,10,0.05,0.876,1.97E-05,86.317,1.39E-05
0.72,1.00E+12,30,1.00E+18,10,1,1.272,1.72E-04,82.82,1.40E-04
0.72,1.00E+12,30,1.00E+18,15,0.05,0.872,2.04E-05,85.752,1.44E-05
0.72,1.00E+12,30,1.00E+18,15,1,1.261,1.77E-04,82.741,1.43E-04
0.72,1.00E+12,30,1.00E+18,20,0.05,0.87,2.11E-05,85.738,1.48E-05
0.72,1.00E+12,30,1.00E+18,20,1,1.252,1.82E-04,82.739,1.46E-04
0.72,1.00E+12,30,1.00E+18,30,0.05,0.729,2.21E-05,81.985,1.29E-05
0.72,1.00E+12,30,1.00E+18,30,1,1.143,2.06E-04,80.368,1.52E-04
0.72,1.00E+12,50,1.00E+14,10,0.05,0.838,8.63E-06,86.707,6.56E-06
0.72,1.00E+12,50,1.00E+14,10,1,1.056,6.60E-05,85.212,4.79E-05
0.72,1.00E+12,50,1.00E+14,15,0.05,0.847,9.94E-06,86.708,7.96E-06
0.72,1.00E+12,50,1.00E+14,15,1,1.081,8.36E-05,85.051,6.23E-05
0.72,1.00E+12,50,1.00E+14,20,0.05,0.854,1.10E-05,86.659,8.97E-06
0.72,1.00E+12,50,1.00E+14,20,1,1.14,1.04E-04,84.333,8.07E-05
0.72,1.00E+12,50,1.00E+14,30,0.05,0.864,1.29E-05,86.232,1.03E-05
0.72,1.00E+12,50,1.00E+14,30,1,1.192,1.27E-04,83.621,9.94E-05
0.72,1.00E+12,50,1.00E+14,40,0.05,0.859,1.39E-05,85.929,1.12E-05
0.72,1.00E+12,50,1.00E+14,40,1,1.24,1.45E-04,82.991,1.16E-04
0.72,1.00E+12,50,1.00E+15,10,0.05,0.864,1.32E-05,86.397,9.96E-06
0.72,1.00E+12,50,1.00E+15,10,1,1.169,1.19E-04,83.946,9.20E-05
0.72,1.00E+12,50,1.00E+15,15,0.05,0.87,1.44E-05,86.182,1.08E-05
0.72,1.00E+12,50,1.00E+15,15,1,1.195,1.31E-04,83.701,1.02E-04
0.72,1.00E+12,50,1.00E+15,20,0.05,0.871,1.49E-05,86.148,1.10E-05
0.72,1.00E+12,50,1.00E+15,20,1,1.203,1.34E-04,83.62,1.05E-04
0.72,1.00E+12,50,1.00E+15,30,0.05,0.877,1.71E-05,86.097,1.25E-05
0.72,1.00E+12,50,1.00E+15,30,1,1.277,1.58E-04,83.028,1.29E-04
0.72,1.00E+12,50,1.00E+15,40,0.05,0.794,1.81E-05,83.478,1.14E-05
0.72,1.00E+12,50,1.00E+15,40,1,1.233,1.73E-04,80.884,1.37E-04
0.72,1.00E+12,50,1.00E+16,10,0.05,0.875,1.58E-05,86.238,1.15E-05
0.72,1.00E+12,50,1.00E+16,10,1,1.217,1.40E-04,83.428,1.10E-04
0.72,1.00E+12,50,1.00E+16,15,0.05,0.878,1.68E-05,86.258,1.22E-05
0.72,1.00E+12,50,1.00E+16,15,1,1.259,1.52E-04,83.13,1.22E-04
0.72,1.00E+12,50,1.00E+16,20,0.05,0.876,1.74E-05,86.027,1.25E-05
0.72,1.00E+12,50,1.00E+16,20,1,1.274,1.58E-04,83.035,1.29E-04
0.72,1.00E+12,50,1.00E+16,30,0.05,0.876,1.93E-05,86.33,1.36E-05
0.72,1.00E+12,50,1.00E+16,30,1,1.281,1.70E-04,82.821,1.39E-04
0.72,1.00E+12,50,1.00E+16,40,0.05,0.246,1.96E-05,1281.829,8.68E-06
0.72,1.00E+12,50,1.00E+16,40,1,0.623,2.33E-04,920.05,1.24E-04
0.72,1.00E+12,50,1.00E+17,10,0.05,0.877,1.87E-05,86.174,1.32E-05
0.72,1.00E+12,50,1.00E+17,10,1,1.278,1.65E-04,82.894,1.35E-04
0.72,1.00E+12,50,1.00E+17,15,0.05,0.876,1.91E-05,86.29,1.35E-05
0.72,1.00E+12,50,1.00E+17,15,1,1.276,1.69E-04,82.854,1.38E-04
0.72,1.00E+12,50,1.00E+17,20,0.05,0.876,1.97E-05,85.925,1.38E-05
0.72,1.00E+12,50,1.00E+17,20,1,1.273,1.72E-04,82.839,1.40E-04
0.72,1.00E+12,50,1.00E+17,30,0.05,0.858,2.12E-05,85.231,1.44E-05
0.72,1.00E+12,50,1.00E+17,30,1,1.25,1.84E-04,82.314,1.47E-04
0.72,1.00E+12,50,1.00E+18,10,0.05,0.876,1.97E-05,86.321,1.39E-05
0.72,1.00E+12,50,1.00E+18,10,1,1.272,1.72E-04,82.818,1.40E-04
0.72,1.00E+12,50,1.00E+18,15,0.05,0.872,2.04E-05,85.754,1.44E-05
0.72,1.00E+12,50,1.00E+18,15,1,1.261,1.77E-04,82.741,1.43E-04
0.72,1.00E+12,50,1.00E+18,20,0.05,0.87,2.11E-05,85.738,1.48E-05
0.72,1.00E+12,50,1.00E+18,20,1,1.251,1.82E-04,82.739,1.46E-04
0.72,1.00E+12,50,1.00E+18,30,0.05,0.729,2.21E-05,81.985,1.29E-05
0.72,1.00E+12,50,1.00E+18,30,1,1.143,2.06E-04,80.368,1.52E-04
0.72,1.00E+12,70,1.00E+14,10,0.05,0.848,7.98E-06,86.551,5.49E-06
0.72,1.00E+12,70,1.00E+14,10,1,1.089,5.86E-05,84.901,4.27E-05
0.72,1.00E+12,70,1.00E+14,15,0.05,0.847,9.53E-06,86.74,7.23E-06
0.72,1.00E+12,70,1.00E+14,15,1,1.08,7.68E-05,85.081,5.63E-05
0.72,1.00E+12,70,1.00E+14,20,0.05,0.854,1.08E-05,86.712,8.46E-06
0.72,1.00E+12,70,1.00E+14,20,1,1.131,9.90E-05,84.437,7.60E-05
0.72,1.00E+12,70,1.00E+14,30,0.05,0.863,1.27E-05,86.218,1.01E-05
0.72,1.00E+12,70,1.00E+14,30,1,1.185,1.24E-04,83.876,9.68E-05
0.72,1.00E+12,70,1.00E+14,40,0.05,0.859,1.39E-05,85.919,1.11E-05
0.72,1.00E+12,70,1.00E+14,40,1,1.239,1.45E-04,82.979,1.16E-04
0.72,1.00E+12,70,1.00E+15,10,0.05,0.863,1.29E-05,86.425,9.51E-06
0.72,1.00E+12,70,1.00E+15,10,1,1.16,1.14E-04,84.04,8.75E-05
0.72,1.00E+12,70,1.00E+15,15,0.05,0.869,1.41E-05,86.223,1.05E-05
0.72,1.00E+12,70,1.00E+15,15,1,1.187,1.27E-04,83.762,9.88E-05
0.72,1.00E+12,70,1.00E+15,20,0.05,0.87,1.46E-05,86.136,1.07E-05
0.72,1.00E+12,70,1.00E+15,20,1,1.194,1.31E-04,83.707,1.02E-04
0.72,1.00E+12,70,1.00E+15,30,0.05,0.876,1.71E-05,86.114,1.24E-05
0.72,1.00E+12,70,1.00E+15,30,1,1.276,1.58E-04,83.014,1.29E-04
0.72,1.00E+12,70,1.00E+15,40,0.05,0.794,1.81E-05,83.466,1.14E-05
0.72,1.00E+12,70,1.00E+15,40,1,1.232,1.73E-04,80.873,1.37E-04
0.72,1.00E+12,70,1.00E+16,10,0.05,0.874,1.57E-05,86.242,1.13E-05
0.72,1.00E+12,70,1.00E+16,10,1,1.209,1.37E-04,83.478,1.08E-04
0.72,1.00E+12,70,1.00E+16,15,0.05,0.877,1.67E-05,86.309,1.21E-05
0.72,1.00E+12,70,1.00E+16,15,1,1.255,1.51E-04,83.14,1.21E-04
0.72,1.00E+12,70,1.00E+16,20,0.05,0.876,1.74E-05,86.019,1.25E-05
0.72,1.00E+12,70,1.00E+16,20,1,1.272,1.57E-04,83.029,1.28E-04
0.72,1.00E+12,70,1.00E+16,30,0.05,0.876,1.93E-05,86.301,1.36E-05
0.72,1.00E+12,70,1.00E+16,30,1,1.281,1.70E-04,82.813,1.39E-04
0.72,1.00E+12,70,1.00E+16,40,0.05,0.246,1.96E-05,1282.959,8.68E-06
0.72,1.00E+12,70,1.00E+16,40,1,0.623,2.33E-04,920.615,1.24E-04
0.72,1.00E+12,70,1.00E+17,10,0.05,0.877,1.87E-05,86.088,1.32E-05
0.72,1.00E+12,70,1.00E+17,10,1,1.277,1.65E-04,82.886,1.35E-04
0.72,1.00E+12,70,1.00E+17,15,0.05,0.876,1.91E-05,86.262,1.35E-05
0.72,1.00E+12,70,1.00E+17,15,1,1.275,1.69E-04,82.844,1.38E-04
0.72,1.00E+12,70,1.00E+17,20,0.05,0.876,1.97E-05,85.906,1.38E-05
0.72,1.00E+12,70,1.00E+17,20,1,1.273,1.72E-04,82.828,1.40E-04
0.72,1.00E+12,70,1.00E+17,30,0.05,0.859,2.11E-05,85.261,1.43E-05
0.72,1.00E+12,70,1.00E+17,30,1,1.252,1.83E-04,82.333,1.47E-04
0.72,1.00E+12,70,1.00E+18,10,0.05,0.875,1.97E-05,86.316,1.39E-05
0.72,1.00E+12,70,1.00E+18,10,1,1.272,1.72E-04,82.81,1.40E-04
0.72,1.00E+12,70,1.00E+18,15,0.05,0.874,2.04E-05,85.737,1.45E-05
0.72,1.00E+12,70,1.00E+18,15,1,1.261,1.77E-04,82.734,1.43E-04
0.72,1.00E+12,70,1.00E+18,20,0.05,0.87,2.11E-05,85.733,1.48E-05
0.72,1.00E+12,70,1.00E+18,20,1,1.251,1.82E-04,82.732,1.46E-04
0.72,1.00E+12,70,1.00E+18,30,0.05,0.729,2.21E-05,81.982,1.29E-05
0.72,1.00E+12,70,1.00E+18,30,1,1.143,2.06E-04,80.37,1.52E-04
0.72,1.00E+13,10,1.00E+14,10,0.05,0.87,1.39E-05,86.009,1.18E-05
0.72,1.00E+13,10,1.00E+14,10,1,1.254,1.46E-04,83.381,1.18E-04
0.72,1.00E+13,10,1.00E+14,15,0.05,0.871,1.42E-05,85.893,1.19E-05
0.72,1.00E+13,10,1.00E+14,15,1,1.257,1.48E-04,83.366,1.19E-04
0.72,1.00E+13,10,1.00E+14,20,0.05,0.872,1.44E-05,85.861,1.20E-05
0.72,1.00E+13,10,1.00E+14,20,1,1.259,1.49E-04,83.354,1.20E-04
0.72,1.00E+13,10,1.00E+14,30,0.05,0.874,1.49E-05,85.922,1.22E-05
0.72,1.00E+13,10,1.00E+14,30,1,1.264,1.52E-04,83.312,1.23E-04
0.72,1.00E+13,10,1.00E+14,40,0.05,0.866,1.54E-05,86.129,1.22E-05
0.72,1.00E+13,10,1.00E+14,40,1,1.261,1.55E-04,82.997,1.25E-04
0.72,1.00E+13,10,1.00E+15,10,0.05,0.88,1.66E-05,85.807,1.27E-05
0.72,1.00E+13,10,1.00E+15,10,1,1.284,1.57E-04,83.195,1.29E-04
0.72,1.00E+13,10,1.00E+15,15,0.05,0.881,1.69E-05,85.759,1.28E-05
0.72,1.00E+13,10,1.00E+15,15,1,1.287,1.58E-04,83.165,1.31E-04
0.72,1.00E+13,10,1.00E+15,20,0.05,0.881,1.71E-05,85.847,1.29E-05
0.72,1.00E+13,10,1.00E+15,20,1,1.288,1.59E-04,83.16,1.31E-04
0.72,1.00E+13,10,1.00E+15,30,0.05,0.88,1.80E-05,85.307,1.31E-05
0.72,1.00E+13,10,1.00E+15,30,1,1.29,1.64E-04,83.074,1.35E-04
0.72,1.00E+13,10,1.00E+15,40,0.05,0.799,1.85E-05,83.515,1.17E-05
0.72,1.00E+13,10,1.00E+15,40,1,1.238,1.75E-04,80.93,1.39E-04
0.72,1.00E+13,10,1.00E+16,10,0.05,0.882,1.77E-05,85.766,1.30E-05
0.72,1.00E+13,10,1.00E+16,10,1,1.296,1.61E-04,83.096,1.34E-04
0.72,1.00E+13,10,1.00E+16,15,0.05,0.88,1.81E-05,85.688,1.31E-05
0.72,1.00E+13,10,1.00E+16,15,1,1.297,1.63E-04,83.071,1.35E-04
0.72,1.00E+13,10,1.00E+16,20,0.05,0.88,1.85E-05,85.557,1.33E-05
0.72,1.00E+13,10,1.00E+16,20,1,1.295,1.65E-04,83.03,1.37E-04
0.72,1.00E+13,10,1.00E+16,30,0.05,0.878,1.96E-05,86.389,1.38E-05
0.72,1.00E+13,10,1.00E+16,30,1,1.285,1.71E-04,82.849,1.41E-04
0.72,1.00E+13,10,1.00E+16,40,0.05,0.248,1.96E-05,1282.409,8.69E-06
0.72,1.00E+13,10,1.00E+16,40,1,0.625,2.33E-04,920.345,1.24E-04
0.72,1.00E+13,10,1.00E+17,10,0.05,0.879,1.92E-05,86.262,1.36E-05
0.72,1.00E+13,10,1.00E+17,10,1,1.288,1.69E-04,82.941,1.39E-04
0.72,1.00E+13,10,1.00E+17,15,0.05,0.878,1.95E-05,86.037,1.38E-05
0.72,1.00E+13,10,1.00E+17,15,1,1.282,1.71E-04,82.882,1.40E-04
0.72,1.00E+13,10,1.00E+17,20,0.05,0.877,1.99E-05,85.97,1.40E-05
0.72,1.00E+13,10,1.00E+17,20,1,1.276,1.73E-04,82.859,1.42E-04
0.72,1.00E+13,10,1.00E+17,30,0.05,0.858,2.13E-05,85.236,1.44E-05
0.72,1.00E+13,10,1.00E+17,30,1,1.25,1.84E-04,82.315,1.48E-04
0.72,1.00E+13,10,1.00E+18,10,0.05,0.877,1.99E-05,86.349,1.40E-05
0.72,1.00E+13,10,1.00E+18,10,1,1.276,1.73E-04,82.834,1.42E-04
0.72,1.00E+13,10,1.00E+18,15,0.05,0.872,2.05E-05,85.778,1.45E-05
0.72,1.00E+13,10,1.00E+18,15,1,1.263,1.78E-04,82.747,1.44E-04
0.72,1.00E+13,10,1.00E+18,20,0.05,0.87,2.11E-05,85.743,1.48E-05
0.72,1.00E+13,10,1.00E+18,20,1,1.252,1.82E-04,82.741,1.46E-04
0.72,1.00E+13,10,1.00E+18,30,0.05,0.729,2.21E-05,81.986,1.29E-05
0.72,1.00E+13,10,1.00E+18,30,1,1.143,2.06E-04,80.368,1.52E-04
0.72,1.00E+13,20,1.00E+14,10,0.05,0.867,1.43E-05,86.443,1.21E-05
0.72,1.00E+13,20,1.00E+14,10,1,1.244,1.50E-04,83.297,1.20E-04
0.72,1.00E+13,20,1.00E+14,15,0.05,0.868,1.46E-05,86.299,1.22E-05
0.72,1.00E+13,20,1.00E+14,15,1,1.246,1.51E-04,83.28,1.21E-04
0.72,1.00E+13,20,1.00E+14,20,0.05,0.868,1.48E-05,86.217,1.23E-05
0.72,1.00E+13,20,1.00E+14,20,1,1.249,1.52E-04,83.265,1.22E-04
0.72,1.00E+13,20,1.00E+14,30,0.05,0.87,1.52E-05,86.63,1.24E-05
0.72,1.00E+13,20,1.00E+14,30,1,1.254,1.55E-04,83.232,1.24E-04
0.72,1.00E+13,20,1.00E+14,40,0.05,0.863,1.56E-05,86.17,1.23E-05
0.72,1.00E+13,20,1.00E+14,40,1,1.252,1.57E-04,82.929,1.26E-04
0.72,1.00E+13,20,1.00E+15,10,0.05,0.876,1.70E-05,86.171,1.30E-05
0.72,1.00E+13,20,1.00E+15,10,1,1.273,1.60E-04,83.127,1.31E-04
0.72,1.00E+13,20,1.00E+15,15,0.05,0.877,1.73E-05,86.267,1.31E-05
0.72,1.00E+13,20,1.00E+15,15,1,1.276,1.61E-04,83.097,1.32E-04
0.72,1.00E+13,20,1.00E+15,20,0.05,0.878,1.74E-05,86.42,1.32E-05
0.72,1.00E+13,20,1.00E+15,20,1,1.277,1.62E-04,83.094,1.33E-04
0.72,1.00E+13,20,1.00E+15,30,0.05,0.877,1.82E-05,86.117,1.33E-05
0.72,1.00E+13,20,1.00E+15,30,1,1.282,1.65E-04,83.059,1.36E-04
0.72,1.00E+13,20,1.00E+15,40,0.05,0.796,1.86E-05,83.521,1.17E-05
0.72,1.00E+13,20,1.00E+15,40,1,1.234,1.76E-04,80.925,1.39E-04
0.72,1.00E+13,20,1.00E+16,10,0.05,0.876,1.81E-05,86.19,1.32E-05
0.72,1.00E+13,20,1.00E+16,10,1,1.284,1.64E-04,83.04,1.35E-04
0.72,1.00E+13,20,1.00E+16,15,0.05,0.877,1.84E-05,86.131,1.33E-05
0.72,1.00E+13,20,1.00E+16,15,1,1.285,1.65E-04,83.022,1.36E-04
0.72,1.00E+13,20,1.00E+16,20,0.05,0.877,1.86E-05,86.143,1.34E-05
0.72,1.00E+13,20,1.00E+16,20,1,1.285,1.66E-04,83.001,1.37E-04
0.72,1.00E+13,20,1.00E+16,30,0.05,0.877,1.96E-05,86.315,1.38E-05
0.72,1.00E+13,20,1.00E+16,30,1,1.282,1.72E-04,82.86,1.41E-04
0.72,1.00E+13,20,1.00E+16,40,0.05,0.247,1.96E-05,1283.601,8.69E-06
0.72,1.00E+13,20,1.00E+16,40,1,0.624,2.33E-04,921.274,1.24E-04
0.72,1.00E+13,20,1.00E+17,10,0.05,0.878,1.93E-05,86.241,1.37E-05
0.72,1.00E+13,20,1.00E+17,10,1,1.283,1.70E-04,82.927,1.39E-04
0.72,1.00E+13,20,1.00E+17,15,0.05,0.877,1.95E-05,86.03,1.38E-05
0.72,1.00E+13,20,1.00E+17,15,1,1.279,1.71E-04,82.895,1.40E-04
0.72,1.00E+13,20,1.00E+17,20,0.05,0.877,1.99E-05,85.972,1.40E-05
0.72,1.00E+13,20,1.00E+17,20,1,1.275,1.74E-04,82.868,1.42E-04
0.72,1.00E+13,20,1.00E+17,30,0.05,0.858,2.13E-05,85.241,1.45E-05
0.72,1.00E+13,20,1.00E+17,30,1,1.25,1.84E-04,82.317,1.48E-04
0.72,1.00E+13,20,1.00E+18,10,0.05,0.876,2.00E-05,86.346,1.41E-05
0.72,1.00E+13,20,1.00E+18,10,1,1.275,1.74E-04,82.841,1.42E-04
0.72,1.00E+13,20,1.00E+18,15,0.05,0.872,2.06E-05,85.793,1.45E-05
0.72,1.00E+13,20,1.00E+18,15,1,1.263,1.78E-04,82.755,1.44E-04
0.72,1.00E+13,20,1.00E+18,20,0.05,0.87,2.11E-05,85.747,1.49E-05
0.72,1.00E+13,20,1.00E+18,20,1,1.252,1.82E-04,82.743,1.46E-04
0.72,1.00E+13,20,1.00E+18,30,0.05,0.729,2.21E-05,81.987,1.29E-05
0.72,1.00E+13,20,1.00E+18,30,1,1.143,2.06E-04,80.368,1.52E-04
0.72,1.00E+13,30,1.00E+14,10,0.05,0.864,1.43E-05,86.255,1.21E-05
0.72,1.00E+13,30,1.00E+14,10,1,1.236,1.51E-04,83.257,1.20E-04
0.72,1.00E+13,30,1.00E+14,15,0.05,0.865,1.46E-05,86.421,1.22E-05
0.72,1.00E+13,30,1.00E+14,15,1,1.239,1.52E-04,83.244,1.21E-04
0.72,1.00E+13,30,1.00E+14,20,0.05,0.866,1.48E-05,86.176,1.23E-05
0.72,1.00E+13,30,1.00E+14,20,1,1.242,1.53E-04,83.225,1.22E-04
0.72,1.00E+13,30,1.00E+14,30,0.05,0.868,1.53E-05,86.505,1.25E-05
0.72,1.00E+13,30,1.00E+14,30,1,1.247,1.55E-04,83.191,1.24E-04
0.72,1.00E+13,30,1.00E+14,40,0.05,0.861,1.56E-05,86.065,1.24E-05
0.72,1.00E+13,30,1.00E+14,40,1,1.246,1.58E-04,82.898,1.26E-04
0.72,1.00E+13,30,1.00E+15,10,0.05,0.874,1.70E-05,86.193,1.31E-05
0.72,1.00E+13,30,1.00E+15,10,1,1.265,1.61E-04,83.097,1.31E-04
0.72,1.00E+13,30,1.00E+15,15,0.05,0.875,1.73E-05,86.177,1.32E-05
0.72,1.00E+13,30,1.00E+15,15,1,1.269,1.62E-04,83.066,1.32E-04
0.72,1.00E+13,30,1.00E+15,20,0.05,0.875,1.75E-05,86.361,1.32E-05
0.72,1.00E+13,30,1.00E+15,20,1,1.27,1.63E-04,83.064,1.33E-04
0.72,1.00E+13,30,1.00E+15,30,0.05,0.879,1.82E-05,86.074,1.35E-05
0.72,1.00E+13,30,1.00E+15,30,1,1.276,1.66E-04,83.033,1.36E-04
0.72,1.00E+13,30,1.00E+15,40,0.05,0.794,1.86E-05,83.518,1.17E-05
0.72,1.00E+13,30,1.00E+15,40,1,1.23,1.76E-04,80.911,1.39E-04
0.72,1.00E+13,30,1.00E+16,10,0.05,0.877,1.81E-05,86.175,1.34E-05
0.72,1.00E+13,30,1.00E+16,10,1,1.276,1.65E-04,83.01,1.35E-04
0.72,1.00E+13,30,1.00E+16,15,0.05,0.878,1.84E-05,86.078,1.35E-05
0.72,1.00E+13,30,1.00E+16,15,1,1.278,1.66E-04,82.997,1.36E-04
0.72,1.00E+13,30,1.00E+16,20,0.05,0.875,1.86E-05,86.111,1.35E-05
0.72,1.00E+13,30,1.00E+16,20,1,1.279,1.67E-04,82.979,1.37E-04
0.72,1.00E+13,30,1.00E+16,30,0.05,0.876,1.96E-05,86.227,1.38E-05
0.72,1.00E+13,30,1.00E+16,30,1,1.28,1.72E-04,82.856,1.41E-04
0.72,1.00E+13,30,1.00E+16,40,0.05,0.246,1.96E-05,1285.032,8.69E-06
0.72,1.00E+13,30,1.00E+16,40,1,0.623,2.33E-04,922.178,1.24E-04
0.72,1.00E+13,30,1.00E+17,10,0.05,0.876,1.93E-05,86.2,1.38E-05
0.72,1.00E+13,30,1.00E+17,10,1,1.279,1.70E-04,82.919,1.39E-04
0.72,1.00E+13,30,1.00E+17,15,0.05,0.876,1.96E-05,86.008,1.39E-05
0.72,1.00E+13,30,1.00E+17,15,1,1.277,1.72E-04,82.892,1.40E-04
0.72,1.00E+13,30,1.00E+17,20,0.05,0.876,1.99E-05,85.958,1.41E-05
0.72,1.00E+13,30,1.00E+17,20,1,1.274,1.74E-04,82.868,1.42E-04
0.72,1.00E+13,30,1.00E+17,30,0.05,0.858,2.13E-05,85.244,1.45E-05
0.72,1.00E+13,30,1.00E+17,30,1,1.25,1.85E-04,82.319,1.48E-04
0.72,1.00E+13,30,1.00E+18,10,0.05,0.876,2.00E-05,86.336,1.41E-05
0.72,1.00E+13,30,1.00E+18,10,1,1.273,1.74E-04,82.841,1.42E-04
0.72,1.00E+13,30,1.00E+18,15,0.05,0.872,2.06E-05,85.797,1.45E-05
0.72,1.00E+13,30,1.00E+18,15,1,1.262,1.78E-04,82.76,1.44E-04
0.72,1.00E+13,30,1.00E+18,20,0.05,0.87,2.11E-05,85.747,1.49E-05
0.72,1.00E+13,30,1.00E+18,20,1,1.252,1.82E-04,82.744,1.46E-04
0.72,1.00E+13,30,1.00E+18,30,0.05,0.729,2.21E-05,81.987,1.29E-05
0.72,1.00E+13,30,1.00E+18,30,1,1.143,2.06E-04,80.368,1.52E-04
0.72,1.00E+13,50,1.00E+14,10,0.05,0.861,1.43E-05,86.352,1.22E-05
0.72,1.00E+13,50,1.00E+14,10,1,1.224,1.52E-04,83.252,1.20E-04
0.72,1.00E+13,50,1.00E+14,15,0.05,0.861,1.46E-05,86.163,1.23E-05
0.72,1.00E+13,50,1.00E+14,15,1,1.227,1.53E-04,83.225,1.21E-04
0.72,1.00E+13,50,1.00E+14,20,0.05,0.863,1.48E-05,86.342,1.24E-05
0.72,1.00E+13,50,1.00E+14,20,1,1.23,1.54E-04,83.197,1.22E-04
0.72,1.00E+13,50,1.00E+14,30,0.05,0.864,1.53E-05,86.373,1.26E-05
0.72,1.00E+13,50,1.00E+14,30,1,1.236,1.56E-04,83.14,1.24E-04
0.72,1.00E+13,50,1.00E+14,40,0.05,0.857,1.56E-05,85.772,1.24E-05
0.72,1.00E+13,50,1.00E+14,40,1,1.236,1.59E-04,82.861,1.26E-04
0.72,1.00E+13,50,1.00E+15,10,0.05,0.87,1.70E-05,86.071,1.31E-05
0.72,1.00E+13,50,1.00E+15,10,1,1.251,1.62E-04,83.066,1.30E-04
0.72,1.00E+13,50,1.00E+15,15,0.05,0.871,1.73E-05,86.199,1.32E-05
0.72,1.00E+13,50,1.00E+15,15,1,1.256,1.63E-04,83.048,1.31E-04
0.72,1.00E+13,50,1.00E+15,20,0.05,0.871,1.75E-05,86.129,1.33E-05
0.72,1.00E+13,50,1.00E+15,20,1,1.257,1.64E-04,83.021,1.32E-04
0.72,1.00E+13,50,1.00E+15,30,0.05,0.875,1.82E-05,86.012,1.36E-05
0.72,1.00E+13,50,1.00E+15,30,1,1.265,1.67E-04,82.99,1.35E-04
0.72,1.00E+13,50,1.00E+15,40,0.05,0.79,1.86E-05,83.5,1.17E-05
0.72,1.00E+13,50,1.00E+15,40,1,1.223,1.77E-04,80.897,1.39E-04
0.72,1.00E+13,50,1.00E+16,10,0.05,0.873,1.81E-05,86.019,1.35E-05
0.72,1.00E+13,50,1.00E+16,10,1,1.263,1.66E-04,82.988,1.34E-04
0.72,1.00E+13,50,1.00E+16,15,0.05,0.874,1.84E-05,86.244,1.36E-05
0.72,1.00E+13,50,1.00E+16,15,1,1.266,1.67E-04,82.959,1.35E-04
0.72,1.00E+13,50,1.00E+16,20,0.05,0.875,1.86E-05,85.936,1.37E-05
0.72,1.00E+13,50,1.00E+16,20,1,1.268,1.68E-04,82.948,1.36E-04
0.72,1.00E+13,50,1.00E+16,30,0.05,0.874,1.97E-05,86.173,1.39E-05
0.72,1.00E+13,50,1.00E+16,30,1,1.274,1.73E-04,82.833,1.41E-04
0.72,1.00E+13,50,1.00E+16,40,0.05,0.242,1.96E-05,1288.79,8.69E-06
0.72,1.00E+13,50,1.00E+16,40,1,0.619,2.34E-04,924.186,1.24E-04
0.72,1.00E+13,50,1.00E+17,10,0.05,0.874,1.94E-05,86.014,1.38E-05
0.72,1.00E+13,50,1.00E+17,10,1,1.271,1.71E-04,82.906,1.39E-04
0.72,1.00E+13,50,1.00E+17,15,0.05,0.874,1.96E-05,86.046,1.39E-05
0.72,1.00E+13,50,1.00E+17,15,1,1.271,1.72E-04,82.87,1.40E-04
0.72,1.00E+13,50,1.00E+17,20,0.05,0.875,2.00E-05,85.895,1.41E-05
0.72,1.00E+13,50,1.00E+17,20,1,1.269,1.75E-04,82.851,1.42E-04
0.72,1.00E+13,50,1.00E+17,30,0.05,0.859,2.11E-05,85.28,1.44E-05
0.72,1.00E+13,50,1.00E+17,30,1,1.252,1.84E-04,82.347,1.47E-04
0.72,1.00E+13,50,1.00E+18,10,0.05,0.874,2.00E-05,86.296,1.41E-05
0.72,1.00E+13,50,1.00E+18,10,1,1.269,1.75E-04,82.832,1.42E-04
0.72,1.00E+13,50,1.00E+18,15,0.05,0.872,2.06E-05,85.817,1.46E-05
0.72,1.00E+13,50,1.00E+18,15,1,1.26,1.79E-04,82.768,1.44E-04
0.72,1.00E+13,50,1.00E+18,20,0.05,0.87,2.12E-05,85.753,1.49E-05
0.72,1.00E+13,50,1.00E+18,20,1,1.252,1.83E-04,82.747,1.46E-04
0.72,1.00E+13,50,1.00E+18,30,0.05,0.729,2.21E-05,81.988,1.29E-05
0.72,1.00E+13,50,1.00E+18,30,1,1.143,2.06E-04,80.368,1.52E-04
0.72,1.00E+13,70,1.00E+14,10,0.05,0.856,1.42E-05,86.175,1.20E-05
0.72,1.00E+13,70,1.00E+14,10,1,1.213,1.51E-04,83.22,1.18E-04
0.72,1.00E+13,70,1.00E+14,15,0.05,0.857,1.44E-05,86.241,1.21E-05
0.72,1.00E+13,70,1.00E+14,15,1,1.216,1.52E-04,83.185,1.19E-04
0.72,1.00E+13,70,1.00E+14,20,0.05,0.858,1.47E-05,86.002,1.22E-05
0.72,1.00E+13,70,1.00E+14,20,1,1.22,1.54E-04,83.122,1.21E-04
0.72,1.00E+13,70,1.00E+14,30,0.05,0.86,1.52E-05,86.242,1.24E-05
0.72,1.00E+13,70,1.00E+14,30,1,1.228,1.56E-04,83.049,1.24E-04
0.72,1.00E+13,70,1.00E+14,40,0.05,0.851,1.55E-05,85.686,1.23E-05
0.72,1.00E+13,70,1.00E+14,40,1,1.228,1.59E-04,82.76,1.26E-04
0.72,1.00E+13,70,1.00E+15,10,0.05,0.865,1.68E-05,86.171,1.29E-05
0.72,1.00E+13,70,1.00E+15,10,1,1.24,1.62E-04,82.978,1.29E-04
0.72,1.00E+13,70,1.00E+15,15,0.05,0.866,1.72E-05,85.974,1.31E-05
0.72,1.00E+13,70,1.00E+15,15,1,1.245,1.63E-04,82.937,1.30E-04
0.72,1.00E+13,70,1.00E+15,20,0.05,0.866,1.74E-05,85.864,1.31E-05
0.72,1.00E+13,70,1.00E+15,20,1,1.247,1.64E-04,82.926,1.31E-04
0.72,1.00E+13,70,1.00E+15,30,0.05,0.871,1.82E-05,85.814,1.35E-05
0.72,1.00E+13,70,1.00E+15,30,1,1.258,1.68E-04,82.884,1.35E-04
0.72,1.00E+13,70,1.00E+15,40,0.05,0.785,1.85E-05,83.401,1.17E-05
0.72,1.00E+13,70,1.00E+15,40,1,1.217,1.78E-04,80.833,1.39E-04
0.72,1.00E+13,70,1.00E+16,10,0.05,0.868,1.80E-05,86.106,1.33E-05
0.72,1.00E+13,70,1.00E+16,10,1,1.253,1.66E-04,82.89,1.33E-04
0.72,1.00E+13,70,1.00E+16,15,0.05,0.869,1.83E-05,85.831,1.34E-05
0.72,1.00E+13,70,1.00E+16,15,1,1.256,1.67E-04,82.861,1.35E-04
0.72,1.00E+13,70,1.00E+16,20,0.05,0.871,1.86E-05,85.998,1.36E-05
0.72,1.00E+13,70,1.00E+16,20,1,1.26,1.69E-04,82.85,1.36E-04
0.72,1.00E+13,70,1.00E+16,30,0.05,0.871,1.97E-05,86.168,1.39E-05
0.72,1.00E+13,70,1.00E+16,30,1,1.27,1.74E-04,82.734,1.41E-04
0.72,1.00E+13,70,1.00E+16,40,0.05,0.237,1.97E-05,1300.247,8.69E-06
0.72,1.00E+13,70,1.00E+16,40,1,0.614,2.34E-04,930.146,1.24E-04
0.72,1.00E+13,70,1.00E+17,10,0.05,0.87,1.94E-05,85.79,1.37E-05
0.72,1.00E+13,70,1.00E+17,10,1,1.265,1.72E-04,82.815,1.39E-04
0.72,1.00E+13,70,1.00E+17,15,0.05,0.871,1.96E-05,86.167,1.38E-05
0.72,1.00E+13,70,1.00E+17,15,1,1.267,1.73E-04,82.773,1.40E-04
0.72,1.00E+13,70,1.00E+17,20,0.05,0.872,2.00E-05,85.728,1.41E-05
0.72,1.00E+13,70,1.00E+17,20,1,1.267,1.75E-04,82.748,1.42E-04
0.72,1.00E+13,70,1.00E+17,30,0.05,0.857,2.12E-05,85.18,1.43E-05
0.72,1.00E+13,70,1.00E+17,30,1,1.252,1.84E-04,82.28,1.47E-04
0.72,1.00E+13,70,1.00E+18,10,0.05,0.872,2.01E-05,85.96,1.41E-05
0.72,1.00E+13,70,1.00E+18,10,1,1.266,1.75E-04,82.75,1.42E-04
0.72,1.00E+13,70,1.00E+18,15,0.05,0.87,2.07E-05,85.845,1.45E-05
0.72,1.00E+13,70,1.00E+18,15,1,1.258,1.80E-04,82.705,1.45E-04
0.72,1.00E+13,70,1.00E+18,20,0.05,0.869,2.12E-05,85.681,1.48E-05
0.72,1.00E+13,70,1.00E+18,20,1,1.252,1.83E-04,82.677,1.47E-04
0.72,1.00E+13,70,1.00E+18,30,0.05,0.727,2.21E-05,81.957,1.29E-05
0.72,1.00E+13,70,1.00E+18,30,1,1.141,2.06E-04,80.393,1.52E-04
0.72,1.00E+15,10,1.00E+14,10,0.05,0.883,1.94E-05,86.234,1.39E-05
0.72,1.00E+15,10,1.00E+14,10,1,1.299,1.68E-04,83.067,1.40E-04
0.72,1.00E+15,10,1.00E+14,15,0.05,0.883,1.94E-05,86.299,1.39E-05
0.72,1.00E+15,10,1.00E+14,15,1,1.299,1.68E-04,83.065,1.40E-04
0.72,1.00E+15,10,1.00E+14,20,0.05,0.884,1.95E-05,86.247,1.39E-05
0.72,1.00E+15,10,1.00E+14,20,1,1.299,1.69E-04,83.07,1.40E-04
0.72,1.00E+15,10,1.00E+14,30,0.05,0.884,1.96E-05,86.282,1.40E-05
0.72,1.00E+15,10,1.00E+14,30,1,1.299,1.69E-04,83.065,1.41E-04
0.72,1.00E+15,10,1.00E+14,40,0.05,0.878,1.96E-05,85.989,1.38E-05
0.72,1.00E+15,10,1.00E+14,40,1,1.297,1.70E-04,82.805,1.42E-04
0.72,1.00E+15,10,1.00E+15,10,0.05,0.885,2.00E-05,86.25,1.41E-05
0.72,1.00E+15,10,1.00E+15,10,1,1.303,1.70E-04,83.036,1.42E-04
0.72,1.00E+15,10,1.00E+15,15,0.05,0.885,2.00E-05,86.246,1.41E-05
0.72,1.00E+15,10,1.00E+15,15,1,1.303,1.70E-04,83.034,1.42E-04
0.72,1.00E+15,10,1.00E+15,20,0.05,0.885,2.00E-05,86.26,1.41E-05
0.72,1.00E+15,10,1.00E+15,20,1,1.303,1.70E-04,83.03,1.42E-04
0.72,1.00E+15,10,1.00E+15,30,0.05,0.886,2.01E-05,86.166,1.42E-05
0.72,1.00E+15,10,1.00E+15,30,1,1.301,1.71E-04,82.851,1.43E-04
0.72,1.00E+15,10,1.00E+15,40,0.05,0.816,1.97E-05,83.686,1.23E-05
0.72,1.00E+15,10,1.00E+15,40,1,1.26,1.79E-04,81.149,1.44E-04
0.72,1.00E+15,10,1.00E+16,10,0.05,0.886,2.03E-05,86.195,1.42E-05
0.72,1.00E+15,10,1.00E+16,10,1,1.305,1.71E-04,83.016,1.43E-04
0.72,1.00E+15,10,1.00E+16,15,0.05,0.886,2.03E-05,86.158,1.42E-05
0.72,1.00E+15,10,1.00E+16,15,1,1.304,1.71E-04,83.01,1.43E-04
0.72,1.00E+15,10,1.00E+16,20,0.05,0.885,2.04E-05,86.395,1.43E-05
0.72,1.00E+15,10,1.00E+16,20,1,1.302,1.72E-04,82.999,1.43E-04
0.72,1.00E+15,10,1.00E+16,30,0.05,0.883,2.07E-05,86.014,1.44E-05
0.72,1.00E+15,10,1.00E+16,30,1,1.293,1.75E-04,82.881,1.45E-04
0.72,1.00E+15,10,1.00E+16,40,0.05,0.28,1.99E-05,1327.246,8.95E-06
0.72,1.00E+15,10,1.00E+16,40,1,0.642,2.34E-04,937.026,1.26E-04
0.72,1.00E+15,10,1.00E+17,10,0.05,0.884,2.07E-05,86.12,1.44E-05
0.72,1.00E+15,10,1.00E+17,10,1,1.294,1.75E-04,82.937,1.45E-04
0.72,1.00E+15,10,1.00E+17,15,0.05,0.883,2.08E-05,86.224,1.45E-05
0.72,1.00E+15,10,1.00E+17,15,1,1.289,1.76E-04,82.892,1.45E-04
0.72,1.00E+15,10,1.00E+17,20,0.05,0.881,2.09E-05,86.008,1.46E-05
0.72,1.00E+15,10,1.00E+17,20,1,1.283,1.77E-04,82.753,1.46E-04
0.72,1.00E+15,10,1.00E+17,30,0.05,0.86,2.17E-05,85.234,1.47E-05
0.72,1.00E+15,10,1.00E+17,30,1,1.253,1.86E-04,82.303,1.49E-04
0.72,1.00E+15,10,1.00E+18,10,0.05,0.881,2.10E-05,86.37,1.46E-05
0.72,1.00E+15,10,1.00E+18,10,1,1.282,1.77E-04,82.847,1.46E-04
0.72,1.00E+15,10,1.00E+18,15,0.05,0.878,2.12E-05,85.869,1.48E-05
0.72,1.00E+15,10,1.00E+18,15,1,1.273,1.80E-04,82.779,1.47E-04
0.72,1.00E+15,10,1.00E+18,20,0.05,0.873,2.16E-05,85.753,1.51E-05
0.72,1.00E+15,10,1.00E+18,20,1,1.257,1.84E-04,82.736,1.48E-04
0.72,1.00E+15,10,1.00E+18,30,0.05,0.73,2.22E-05,81.995,1.29E-05
0.72,1.00E+15,10,1.00E+18,30,1,1.144,2.06E-04,80.373,1.52E-04
0.72,1.00E+15,20,1.00E+14,10,0.05,0.879,2.00E-05,86.469,1.43E-05
0.72,1.00E+15,20,1.00E+14,10,1,1.284,1.73E-04,83.031,1.42E-04
0.72,1.00E+15,20,1.00E+14,15,0.05,0.879,2.00E-05,86.488,1.43E-05
0.72,1.00E+15,20,1.00E+14,15,1,1.284,1.73E-04,83.031,1.42E-04
0.72,1.00E+15,20,1.00E+14,20,0.05,0.88,2.00E-05,86.437,1.43E-05
0.72,1.00E+15,20,1.00E+14,20,1,1.285,1.73E-04,83.02,1.42E-04
0.72,1.00E+15,20,1.00E+14,30,0.05,0.88,2.01E-05,86.494,1.43E-05
0.72,1.00E+15,20,1.00E+14,30,1,1.285,1.73E-04,83.022,1.42E-04
0.72,1.00E+15,20,1.00E+14,40,0.05,0.875,2.01E-05,85.948,1.40E-05
0.72,1.00E+15,20,1.00E+14,40,1,1.286,1.74E-04,82.766,1.44E-04
0.72,1.00E+15,20,1.00E+15,10,0.05,0.88,2.03E-05,86.401,1.44E-05
0.72,1.00E+15,20,1.00E+15,10,1,1.287,1.73E-04,83.003,1.43E-04
0.72,1.00E+15,20,1.00E+15,15,0.05,0.881,2.04E-05,86.407,1.44E-05
0.72,1.00E+15,20,1.00E+15,15,1,1.288,1.74E-04,83.004,1.44E-04
0.72,1.00E+15,20,1.00E+15,20,0.05,0.881,2.04E-05,86.411,1.44E-05
0.72,1.00E+15,20,1.00E+15,20,1,1.288,1.74E-04,82.997,1.43E-04
0.72,1.00E+15,20,1.00E+15,30,0.05,0.882,2.05E-05,86.404,1.45E-05
0.72,1.00E+15,20,1.00E+15,30,1,1.288,1.74E-04,82.99,1.44E-04
0.72,1.00E+15,20,1.00E+15,40,0.05,0.813,1.98E-05,83.695,1.23E-05
0.72,1.00E+15,20,1.00E+15,40,1,1.255,1.81E-04,81.174,1.45E-04
0.72,1.00E+15,20,1.00E+16,10,0.05,0.882,2.07E-05,86.337,1.45E-05
0.72,1.00E+15,20,1.00E+16,10,1,1.29,1.75E-04,82.978,1.44E-04
0.72,1.00E+15,20,1.00E+16,15,0.05,0.882,2.07E-05,86.464,1.45E-05
0.72,1.00E+15,20,1.00E+16,15,1,1.29,1.75E-04,82.978,1.45E-04
0.72,1.00E+15,20,1.00E+16,20,0.05,0.882,2.07E-05,86.322,1.45E-05
0.72,1.00E+15,20,1.00E+16,20,1,1.289,1.75E-04,82.982,1.45E-04
0.72,1.00E+15,20,1.00E+16,30,0.05,0.881,2.10E-05,86.984,1.46E-05
0.72,1.00E+15,20,1.00E+16,30,1,1.286,1.77E-04,82.89,1.46E-04
0.72,1.00E+15,20,1.00E+16,40,0.05,0.274,2.01E-05,1315.788,9.03E-06
0.72,1.00E+15,20,1.00E+16,40,1,0.637,2.37E-04,933.481,1.27E-04
0.72,1.00E+15,20,1.00E+17,10,0.05,0.882,2.10E-05,86.523,1.46E-05
0.72,1.00E+15,20,1.00E+17,10,1,1.287,1.77E-04,82.948,1.46E-04
0.72,1.00E+15,20,1.00E+17,15,0.05,0.882,2.10E-05,86.897,1.47E-05
0.72,1.00E+15,20,1.00E+17,15,1,1.284,1.77E-04,82.911,1.46E-04
0.72,1.00E+15,20,1.00E+17,20,0.05,0.881,2.11E-05,87.102,1.48E-05
0.72,1.00E+15,20,1.00E+17,20,1,1.28,1.78E-04,82.9,1.46E-04
0.72,1.00E+15,20,1.00E+17,30,0.05,0.86,2.18E-05,85.235,1.48E-05
0.72,1.00E+15,20,1.00E+17,30,1,1.253,1.87E-04,82.304,1.50E-04
0.72,1.00E+15,20,1.00E+18,10,0.05,0.88,2.12E-05,87.556,1.48E-05
0.72,1.00E+15,20,1.00E+18,10,1,1.28,1.79E-04,82.875,1.46E-04
0.72,1.00E+15,20,1.00E+18,15,0.05,0.877,2.14E-05,88.105,1.50E-05
0.72,1.00E+15,20,1.00E+18,15,1,1.271,1.81E-04,82.802,1.47E-04
0.72,1.00E+15,20,1.00E+18,20,0.05,0.873,2.17E-05,87.12,1.52E-05
0.72,1.00E+15,20,1.00E+18,20,1,1.257,1.85E-04,82.747,1.49E-04
0.72,1.00E+15,20,1.00E+18,30,0.05,0.731,2.23E-05,82.005,1.30E-05
0.72,1.00E+15,20,1.00E+18,30,1,1.145,2.07E-04,80.377,1.53E-04
0.72,1.00E+15,30,1.00E+14,10,0.05,0.877,2.02E-05,86.318,1.44E-05
0.72,1.00E+15,30,1.00E+14,10,1,1.277,1.75E-04,82.989,1.43E-04
0.72,1.00E+15,30,1.00E+14,15,0.05,0.877,2.02E-05,86.3,1.44E-05
0.72,1.00E+15,30,1.00E+14,15,1,1.277,1.75E-04,82.986,1.43E-04
0.72,1.00E+15,30,1.00E+14,20,0.05,0.877,2.02E-05,86.259,1.44E-05
0.72,1.00E+15,30,1.00E+14,20,1,1.277,1.75E-04,82.982,1.43E-04
0.72,1.00E+15,30,1.00E+14,30,0.05,0.878,2.03E-05,86.232,1.45E-05
0.72,1.00E+15,30,1.00E+14,30,1,1.277,1.75E-04,82.977,1.43E-04
0.72,1.00E+15,30,1.00E+14,40,0.05,0.872,2.03E-05,85.78,1.41E-05
0.72,1.00E+15,30,1.00E+14,40,1,1.278,1.76E-04,82.714,1.44E-04
0.72,1.00E+15,30,1.00E+15,10,0.05,0.878,2.05E-05,86.271,1.45E-05
0.72,1.00E+15,30,1.00E+15,10,1,1.279,1.75E-04,82.968,1.44E-04
0.72,1.00E+15,30,1.00E+15,15,0.05,0.878,2.05E-05,86.227,1.45E-05
0.72,1.00E+15,30,1.00E+15,15,1,1.28,1.76E-04,82.964,1.44E-04
0.72,1.00E+15,30,1.00E+15,20,0.05,0.879,2.06E-05,86.197,1.46E-05
0.72,1.00E+15,30,1.00E+15,20,1,1.281,1.76E-04,82.955,1.44E-04
0.72,1.00E+15,30,1.00E+15,30,0.05,0.879,2.07E-05,86.355,1.46E-05
0.72,1.00E+15,30,1.00E+15,30,1,1.281,1.76E-04,82.943,1.45E-04
0.72,1.00E+15,30,1.00E+15,40,0.05,0.81,2.00E-05,83.643,1.24E-05
0.72,1.00E+15,30,1.00E+15,40,1,1.248,1.82E-04,81.099,1.45E-04
0.72,1.00E+15,30,1.00E+16,10,0.05,0.879,2.07E-05,86.301,1.46E-05
0.72,1.00E+15,30,1.00E+16,10,1,1.282,1.76E-04,82.954,1.44E-04
0.72,1.00E+15,30,1.00E+16,15,0.05,0.88,2.09E-05,86.235,1.46E-05
0.72,1.00E+15,30,1.00E+16,15,1,1.283,1.77E-04,82.938,1.45E-04
0.72,1.00E+15,30,1.00E+16,20,0.05,0.88,2.09E-05,86.144,1.47E-05
0.72,1.00E+15,30,1.00E+16,20,1,1.282,1.77E-04,82.937,1.45E-04
0.72,1.00E+15,30,1.00E+16,30,0.05,0.879,2.11E-05,86.501,1.47E-05
0.72,1.00E+15,30,1.00E+16,30,1,1.281,1.78E-04,82.868,1.46E-04
0.72,1.00E+15,30,1.00E+16,40,0.05,0.266,2.03E-05,1304.619,9.08E-06
0.72,1.00E+15,30,1.00E+16,40,1,0.63,2.38E-04,929.656,1.28E-04
0.72,1.00E+15,30,1.00E+17,10,0.05,0.88,2.10E-05,86.363,1.47E-05
0.72,1.00E+15,30,1.00E+17,10,1,1.283,1.77E-04,82.93,1.45E-04
0.72,1.00E+15,30,1.00E+17,15,0.05,0.88,2.11E-05,86.199,1.48E-05
0.72,1.00E+15,30,1.00E+17,15,1,1.281,1.78E-04,82.897,1.46E-04
0.72,1.00E+15,30,1.00E+17,20,0.05,0.879,2.12E-05,86.167,1.48E-05
0.72,1.00E+15,30,1.00E+17,20,1,1.277,1.79E-04,82.884,1.47E-04
0.72,1.00E+15,30,1.00E+17,30,0.05,0.861,2.17E-05,85.274,1.47E-05
0.72,1.00E+15,30,1.00E+17,30,1,1.256,1.86E-04,82.34,1.50E-04
0.72,1.00E+15,30,1.00E+18,10,0.05,0.88,2.12E-05,86.557,1.48E-05
0.72,1.00E+15,30,1.00E+18,10,1,1.279,1.79E-04,82.88,1.46E-04
0.72,1.00E+15,30,1.00E+18,15,0.05,0.876,2.16E-05,86.255,1.51E-05
0.72,1.00E+15,30,1.00E+18,15,1,1.266,1.82E-04,82.802,1.48E-04
0.72,1.00E+15,30,1.00E+18,20,0.05,0.873,2.17E-05,86.204,1.52E-05
0.72,1.00E+15,30,1.00E+18,20,1,1.258,1.84E-04,82.755,1.48E-04
0.72,1.00E+15,30,1.00E+18,30,0.05,0.731,2.23E-05,82.011,1.30E-05
0.72,1.00E+15,30,1.00E+18,30,1,1.144,2.07E-04,80.379,1.53E-04
0.72,1.00E+15,50,1.00E+14,10,0.05,0.873,2.08E-05,85.928,1.47E-05
0.72,1.00E+15,50,1.00E+14,10,1,1.265,1.80E-04,82.85,1.46E-04
0.72,1.00E+15,50,1.00E+14,15,0.05,0.873,2.08E-05,85.926,1.47E-05
0.72,1.00E+15,50,1.00E+14,15,1,1.265,1.80E-04,82.851,1.46E-04
0.72,1.00E+15,50,1.00E+14,20,0.05,0.874,2.08E-05,85.922,1.47E-05
0.72,1.00E+15,50,1.00E+14,20,1,1.265,1.80E-04,82.851,1.46E-04
0.72,1.00E+15,50,1.00E+14,30,0.05,0.873,2.08E-05,85.913,1.47E-05
0.72,1.00E+15,50,1.00E+14,30,1,1.265,1.80E-04,82.852,1.46E-04
0.72,1.00E+15,50,1.00E+14,40,0.05,0.867,2.08E-05,85.618,1.44E-05
0.72,1.00E+15,50,1.00E+14,40,1,1.264,1.81E-04,82.6,1.47E-04
0.72,1.00E+15,50,1.00E+15,10,0.05,0.874,2.10E-05,85.915,1.48E-05
0.72,1.00E+15,50,1.00E+15,10,1,1.267,1.81E-04,82.838,1.47E-04
0.72,1.00E+15,50,1.00E+15,15,0.05,0.874,2.11E-05,85.904,1.48E-05
0.72,1.00E+15,50,1.00E+15,15,1,1.267,1.81E-04,82.838,1.47E-04
0.72,1.00E+15,50,1.00E+15,20,0.05,0.874,2.11E-05,85.9,1.48E-05
0.72,1.00E+15,50,1.00E+15,20,1,1.267,1.81E-04,82.839,1.47E-04
0.72,1.00E+15,50,1.00E+15,30,0.05,0.874,2.11E-05,86.096,1.48E-05
0.72,1.00E+15,50,1.00E+15,30,1,1.267,1.81E-04,82.832,1.47E-04
0.72,1.00E+15,50,1.00E+15,40,0.05,0.801,2.05E-05,83.496,1.26E-05
0.72,1.00E+15,50,1.00E+15,40,1,1.23,1.87E-04,80.956,1.47E-04
0.72,1.00E+15,50,1.00E+16,10,0.05,0.875,2.12E-05,85.892,1.49E-05
0.72,1.00E+15,50,1.00E+16,10,1,1.268,1.81E-04,82.833,1.47E-04
0.72,1.00E+15,50,1.00E+16,15,0.05,0.875,2.13E-05,85.932,1.49E-05
0.72,1.00E+15,50,1.00E+16,15,1,1.268,1.81E-04,82.831,1.47E-04
0.72,1.00E+15,50,1.00E+16,20,0.05,0.875,2.14E-05,85.94,1.49E-05
0.72,1.00E+15,50,1.00E+16,20,1,1.269,1.82E-04,82.832,1.48E-04
0.72,1.00E+15,50,1.00E+16,30,0.05,0.875,2.15E-05,85.95,1.49E-05
0.72,1.00E+15,50,1.00E+16,30,1,1.269,1.82E-04,82.783,1.48E-04
0.72,1.00E+15,50,1.00E+16,40,0.05,0.25,2.05E-05,1298.034,9.12E-06
0.72,1.00E+15,50,1.00E+16,40,1,0.615,2.41E-04,929.823,1.28E-04
0.72,1.00E+15,50,1.00E+17,10,0.05,0.875,2.14E-05,86.115,1.49E-05
0.72,1.00E+15,50,1.00E+17,10,1,1.269,1.82E-04,82.822,1.48E-04
0.72,1.00E+15,50,1.00E+17,15,0.05,0.876,2.15E-05,86.116,1.49E-05
0.72,1.00E+15,50,1.00E+17,15,1,1.27,1.82E-04,82.808,1.48E-04
0.72,1.00E+15,50,1.00E+17,20,0.05,0.876,2.16E-05,85.843,1.50E-05
0.72,1.00E+15,50,1.00E+17,20,1,1.268,1.83E-04,82.808,1.48E-04
0.72,1.00E+15,50,1.00E+17,30,0.05,0.862,2.17E-05,85.255,1.46E-05
0.72,1.00E+15,50,1.00E+17,30,1,1.259,1.86E-04,82.326,1.50E-04
0.72,1.00E+15,50,1.00E+18,10,0.05,0.876,2.15E-05,86.149,1.50E-05
0.72,1.00E+15,50,1.00E+18,10,1,1.269,1.82E-04,82.811,1.48E-04
0.72,1.00E+15,50,1.00E+18,15,0.05,0.875,2.17E-05,85.912,1.51E-05
0.72,1.00E+15,50,1.00E+18,15,1,1.265,1.84E-04,82.767,1.49E-04
0.72,1.00E+15,50,1.00E+18,20,0.05,0.873,2.18E-05,85.747,1.52E-05
0.72,1.00E+15,50,1.00E+18,20,1,1.259,1.85E-04,82.705,1.50E-04
0.72,1.00E+15,50,1.00E+18,30,0.05,0.733,2.19E-05,81.845,1.27E-05
0.72,1.00E+15,50,1.00E+18,30,1,1.152,2.04E-04,80.357,1.51E-04
0.72,1.00E+15,70,1.00E+14,10,0.05,0.722,1.86E-05,81.676,1.05E-05
0.72,1.00E+15,70,1.00E+14,10,1,1.166,1.86E-04,86.446,1.40E-04
0.72,1.00E+15,70,1.00E+14,15,0.05,0.722,1.86E-05,81.676,1.05E-05
0.72,1.00E+15,70,1.00E+14,15,1,1.166,1.86E-04,86.445,1.40E-04
0.72,1.00E+15,70,1.00E+14,20,0.05,0.722,1.86E-05,81.676,1.05E-05
0.72,1.00E+15,70,1.00E+14,20,1,1.166,1.86E-04,86.445,1.40E-04
0.72,1.00E+15,70,1.00E+14,30,0.05,0.722,1.86E-05,81.676,1.05E-05
0.72,1.00E+15,70,1.00E+14,30,1,1.166,1.86E-04,86.444,1.40E-04
0.72,1.00E+15,70,1.00E+14,40,0.05,0.712,1.85E-05,81.706,1.04E-05
0.72,1.00E+15,70,1.00E+14,40,1,1.157,1.87E-04,87.817,1.39E-04
0.72,1.00E+15,70,1.00E+15,10,0.05,0.729,1.87E-05,81.664,1.07E-05
0.72,1.00E+15,70,1.00E+15,10,1,1.169,1.87E-04,86.534,1.40E-04
0.72,1.00E+15,70,1.00E+15,15,0.05,0.729,1.87E-05,81.663,1.07E-05
0.72,1.00E+15,70,1.00E+15,15,1,1.169,1.87E-04,86.538,1.40E-04
0.72,1.00E+15,70,1.00E+15,20,0.05,0.729,1.88E-05,81.662,1.07E-05
0.72,1.00E+15,70,1.00E+15,20,1,1.169,1.87E-04,86.541,1.41E-04
0.72,1.00E+15,70,1.00E+15,30,0.05,0.729,1.88E-05,81.665,1.07E-05
0.72,1.00E+15,70,1.00E+15,30,1,1.169,1.87E-04,86.631,1.41E-04
0.72,1.00E+15,70,1.00E+15,40,0.05,0.662,1.87E-05,84.601,1.02E-05
0.72,1.00E+15,70,1.00E+15,40,1,1.096,1.93E-04,107.581,1.38E-04
0.72,1.00E+15,70,1.00E+16,10,0.05,0.734,1.89E-05,81.656,1.08E-05
0.72,1.00E+15,70,1.00E+16,10,1,1.171,1.87E-04,86.622,1.41E-04
0.72,1.00E+15,70,1.00E+16,15,0.05,0.735,1.89E-05,81.653,1.08E-05
0.72,1.00E+15,70,1.00E+16,15,1,1.172,1.88E-04,86.632,1.41E-04
0.72,1.00E+15,70,1.00E+16,20,0.05,0.736,1.89E-05,81.65,1.08E-05
0.72,1.00E+15,70,1.00E+16,20,1,1.172,1.88E-04,86.642,1.41E-04
0.72,1.00E+15,70,1.00E+16,30,0.05,0.736,1.90E-05,81.651,1.08E-05
0.72,1.00E+15,70,1.00E+16,30,1,1.171,1.88E-04,86.89,1.41E-04
0.72,1.00E+15,70,1.00E+16,40,0.05,0.107,2.04E-05,2105.103,8.53E-06
0.72,1.00E+15,70,1.00E+16,40,1,0.426,2.52E-04,1389.362,1.21E-04
0.72,1.00E+15,70,1.00E+17,10,0.05,0.737,1.89E-05,81.65,1.08E-05
0.72,1.00E+15,70,1.00E+17,10,1,1.173,1.88E-04,86.663,1.41E-04
0.72,1.00E+15,70,1.00E+17,15,0.05,0.739,1.90E-05,81.644,1.08E-05
0.72,1.00E+15,70,1.00E+17,15,1,1.174,1.88E-04,86.647,1.42E-04
0.72,1.00E+15,70,1.00E+17,20,0.05,0.741,1.90E-05,81.63,1.09E-05
0.72,1.00E+15,70,1.00E+17,20,1,1.174,1.88E-04,86.614,1.42E-04
0.72,1.00E+15,70,1.00E+17,30,0.05,0.73,1.92E-05,81.672,1.09E-05
0.72,1.00E+15,70,1.00E+17,30,1,1.159,1.90E-04,88.865,1.42E-04
0.72,1.00E+15,70,1.00E+18,10,0.05,0.741,1.90E-05,81.638,1.09E-05
0.72,1.00E+15,70,1.00E+18,10,1,1.174,1.88E-04,86.638,1.42E-04
0.72,1.00E+15,70,1.00E+18,15,0.05,0.741,1.91E-05,81.608,1.09E-05
0.72,1.00E+15,70,1.00E+18,15,1,1.173,1.89E-04,86.578,1.42E-04
0.72,1.00E+15,70,1.00E+18,20,0.05,0.741,1.92E-05,81.558,1.10E-05
0.72,1.00E+15,70,1.00E+18,20,1,1.169,1.90E-04,86.518,1.43E-04
0.72,1.00E+15,70,1.00E+18,30,0.05,0.611,1.98E-05,91.597,1.05E-05
0.72,1.00E+15,70,1.00E+18,30,1,1.022,2.07E-04,133.41,1.40E-04
