recipe_id,selection_group,dataset_role,Lg,LDD_Dose,LDD_Energy,SD_Dose,SD_Energy,anneal,halo_dose,halo_energy
S65-0001,invalid_boundary,train,0.065,10000000000,5,200000000000000,15,0.5,1000000000000,3
S65-0002,invalid_boundary,train,0.065,100000000000,15,200000000000000,15,0.5,1000000000000,3
S65-0003,invalid_boundary,train,0.065,10000000000,15,200000000000000,15,0.3,3000000000000,3
S65-0004,invalid_boundary,train,0.065,100000000000,5,200000000000000,15,0.3,3000000000000,3
S65-0005,invalid_boundary,train,0.065,30000000000,12.5,50000000000000,15,0.5,10000000000000,3
S65-0006,invalid_boundary,train,0.065,10000000000,5,50000000000000,12.5,0.3,10000000000000,3
S65-0007,invalid_boundary,train,0.065,100000000000,7,50000000000000,12.5,0.5,10000000000000,4
S65-0008,invalid_boundary,train,0.065,100000000000,12.5,200000000000000,12.5,0.3,10000000000000,4
S65-0009,invalid_boundary,train,0.065,10000000000,15,50000000000000,12.5,0.5,1000000000000,4
S65-0010,invalid_boundary,train,0.065,10000000000,10,200000000000000,12.5,0.5,10000000000000,4
S65-0011,invalid_boundary,train,0.065,30000000000,10,100000000000000,15,0.3,1000000000000,4
S65-0012,invalid_boundary,train,0.065,30000000000,5,50000000000000,12.5,0.5,1000000000000,4
S65-0013,invalid_boundary,train,0.065,100000000000,15,50000000000000,12.5,0.3,1000000000000,3
S65-0014,invalid_boundary,train,0.065,30000000000,5,200000000000000,15,0.5,10000000000000,4
S65-0015,invalid_boundary,train,0.065,100000000000,7,200000000000000,12.5,0.5,1000000000000,4
S65-0016,invalid_boundary,train,0.065,30000000000,12.5,200000000000000,12.5,0.5,1000000000000,4
S65-0017,invalid_boundary,train,0.065,100000000000,15,50000000000000,12.5,0.5,10000000000000,4
S65-0018,invalid_boundary,train,0.065,10000000000,12.5,50000000000000,12.5,0.3,10000000000000,4
S65-0019,invalid_boundary,train,0.065,100000000000,7,50000000000000,12.5,0.3,1000000000000,4
S65-0020,invalid_boundary,train,0.065,100000000000,10,50000000000000,15,0.5,1000000000000,3
S65-0021,invalid_boundary,train,0.065,100000000000,10,200000000000000,15,0.5,10000000000000,3
S65-0022,invalid_boundary,train,0.065,30000000000,5,200000000000000,12.5,0.3,1000000000000,3
S65-0023,invalid_boundary,train,0.065,10000000000,10,200000000000000,12.5,0.3,1000000000000,3
S65-0024,invalid_boundary,train,0.065,30000000000,15,100000000000000,12.5,0.3,3000000000000,4
S65-0025,invalid_boundary,train,0.065,100000000000,10,50000000000000,15,0.3,10000000000000,3
S65-0026,invalid_boundary,train,0.065,10000000000,7,50000000000000,15,0.5,10000000000000,4
S65-0027,invalid_boundary,train,0.065,30000000000,7,50000000000000,15,0.3,10000000000000,4
S65-0028,invalid_boundary,train,0.065,10000000000,7,50000000000000,15,0.3,1000000000000,3
S65-0029,invalid_boundary,train,0.065,10000000000,7,200000000000000,15,0.3,10000000000000,4
S65-0030,invalid_boundary,train,0.065,10000000000,15,100000000000000,15,0.5,10000000000000,4
S65-0031,invalid_boundary,train,0.065,30000000000,10,200000000000000,12.5,0.3,10000000000000,3
S65-0032,invalid_boundary,train,0.065,10000000000,12.5,200000000000000,15,0.5,1000000000000,3
S65-0033,invalid_boundary,train,0.065,30000000000,15,200000000000000,12.5,0.5,10000000000000,3
S65-0034,invalid_boundary,train,0.065,100000000000,12.5,200000000000000,15,0.3,1000000000000,4
S65-0035,invalid_boundary,train,0.065,10000000000,12.5,50000000000000,15,0.3,1000000000000,4
S65-0036,invalid_boundary,train,0.065,30000000000,15,50000000000000,15,0.5,1000000000000,4
S65-0037,invalid_boundary,train,0.065,100000000000,5,50000000000000,12.5,0.3,10000000000000,3
S65-0038,invalid_boundary,train,0.065,10000000000,10,50000000000000,15,0.5,1000000000000,4
S65-0039,invalid_boundary,train,0.065,30000000000,7,50000000000000,12.5,0.5,10000000000000,3
S65-0040,invalid_boundary,train,0.065,30000000000,5,50000000000000,15,0.3,1000000000000,4
S65-0041,invalid_boundary,train,0.065,30000000000,7,200000000000000,15,0.5,1000000000000,4
S65-0042,invalid_boundary,train,0.065,100000000000,5,50000000000000,12.5,0.5,1000000000000,3
S65-0043,invalid_boundary,train,0.065,100000000000,5,200000000000000,12.5,0.5,10000000000000,3
S65-0044,invalid_boundary,train,0.065,10000000000,5,200000000000000,12.5,0.5,10000000000000,3
S65-0045,invalid_boundary,train,0.065,10000000000,5,200000000000000,15,0.3,1000000000000,4
S65-0046,invalid_boundary,train,0.065,30000000000,5,200000000000000,12.5,0.3,10000000000000,4
S65-0047,invalid_boundary,train,0.065,30000000000,10,50000000000000,12.5,0.5,1000000000000,3
S65-0048,invalid_boundary,train,0.065,30000000000,12.5,50000000000000,15,0.3,10000000000000,4
S65-0049,invalid_boundary,train,0.065,100000000000,15,50000000000000,15,0.3,10000000000000,4
S65-0050,invalid_boundary,train,0.065,100000000000,15,200000000000000,15,0.5,10000000000000,4
S65-0051,invalid_boundary,train,0.065,30000000000,10,200000000000000,15,0.5,10000000000000,3
S65-0052,invalid_boundary,train,0.065,10000000000,5,50000000000000,12.5,0.5,1000000000000,3
S65-0053,invalid_boundary,train,0.065,100000000000,15,50000000000000,12.5,0.5,1000000000000,3
S65-0054,invalid_boundary,train,0.065,30000000000,15,200000000000000,15,0.3,10000000000000,3
S65-0055,invalid_boundary,train,0.065,10000000000,12.5,50000000000000,12.5,0.5,10000000000000,3
S65-0056,invalid_boundary,train,0.065,30000000000,15,200000000000000,15,0.3,1000000000000,3
S65-0057,invalid_boundary,train,0.065,30000000000,10,50000000000000,12.5,0.3,3000000000000,3
S65-0058,invalid_boundary,train,0.065,100000000000,5,100000000000000,15,0.5,3000000000000,4
S65-0059,invalid_boundary,train,0.065,100000000000,7,200000000000000,12.5,0.3,10000000000000,4
S65-0060,invalid_boundary,train,0.065,10000000000,12.5,200000000000000,12.5,0.3,10000000000000,3
S65-0061,invalid_boundary,train,0.065,100000000000,12.5,200000000000000,12.5,0.5,3000000000000,4
S65-0062,invalid_boundary,train,0.065,10000000000,15,200000000000000,12.5,0.5,3000000000000,4
S65-0063,invalid_boundary,train,0.065,100000000000,10,50000000000000,15,0.3,1000000000000,3
S65-0064,invalid_boundary,train,0.065,30000000000,15,50000000000000,15,0.3,1000000000000,3
S65-0065,invalid_boundary,train,0.065,100000000000,7,200000000000000,12.5,0.3,1000000000000,4
S65-0066,invalid_boundary,train,0.065,100000000000,10,50000000000000,15,0.5,10000000000000,3
S65-0067,invalid_boundary,train,0.065,100000000000,10,200000000000000,15,0.5,1000000000000,3
S65-0068,invalid_boundary,train,0.065,10000000000,15,100000000000000,12.5,0.3,1000000000000,4
S65-0069,invalid_boundary,train,0.065,100000000000,10,100000000000000,12.5,0.3,3000000000000,3
S65-0070,invalid_boundary,train,0.065,30000000000,7,200000000000000,15,0.3,3000000000000,4
S65-0071,invalid_boundary,train,0.065,10000000000,10,100000000000000,15,0.3,3000000000000,3
S65-0072,invalid_boundary,train,0.065,30000000000,5,200000000000000,12.5,0.5,3000000000000,3
S65-0073,invalid_boundary,train,0.065,30000000000,7,50000000000000,15,0.5,3000000000000,4
S65-0074,invalid_boundary,train,0.065,30000000000,15,200000000000000,15,0.5,3000000000000,4
S65-0075,invalid_boundary,train,0.065,100000000000,5,50000000000000,15,0.3,3000000000000,4
S65-0076,invalid_boundary,train,0.065,10000000000,7,100000000000000,12.5,0.3,3000000000000,4
S65-0077,invalid_boundary,train,0.065,10000000000,10,200000000000000,12.5,0.5,1000000000000,4
S65-0078,invalid_boundary,train,0.065,10000000000,15,50000000000000,15,0.3,10000000000000,3
S65-0079,invalid_boundary,train,0.065,30000000000,15,50000000000000,12.5,0.5,10000000000000,4
S65-0080,invalid_boundary,train,0.065,100000000000,10,200000000000000,15,0.3,10000000000000,3
S65-0081,invalid_boundary,train,0.065,100000000000,15,200000000000000,12.5,0.3,1000000000000,3
S65-0082,invalid_boundary,train,0.065,100000000000,15,200000000000000,15,0.3,10000000000000,3
S65-0083,invalid_boundary,train,0.065,10000000000,10,50000000000000,12.5,0.3,1000000000000,3
S65-0084,invalid_boundary,train,0.065,30000000000,5,50000000000000,12.5,0.3,3000000000000,3
S65-0085,invalid_boundary,train,0.065,30000000000,10,200000000000000,12.5,0.3,1000000000000,3
S65-0086,invalid_boundary,train,0.065,10000000000,7,100000000000000,12.5,0.5,3000000000000,4
S65-0087,invalid_boundary,train,0.065,100000000000,12.5,100000000000000,15,0.5,3000000000000,3
S65-0088,invalid_boundary,train,0.065,30000000000,10,100000000000000,12.5,0.5,10000000000000,4
S65-0089,invalid_boundary,train,0.065,10000000000,5,50000000000000,12.5,0.5,10000000000000,3
S65-0090,invalid_boundary,train,0.065,10000000000,5,200000000000000,12.5,0.3,10000000000000,3
S65-0091,invalid_boundary,train,0.065,10000000000,7,50000000000000,15,0.3,10000000000000,4
S65-0092,invalid_boundary,train,0.065,10000000000,7,200000000000000,15,0.5,10000000000000,4
S65-0093,invalid_boundary,train,0.065,100000000000,12.5,50000000000000,12.5,0.3,10000000000000,3
S65-0094,invalid_boundary,train,0.065,100000000000,10,50000000000000,12.5,0.5,3000000000000,4
S65-0095,invalid_boundary,train,0.065,100000000000,7,100000000000000,15,0.3,10000000000000,4
S65-0096,invalid_boundary,train,0.065,30000000000,10,100000000000000,15,0.5,1000000000000,3
S65-0097,invalid_boundary,train,0.065,10000000000,5,50000000000000,12.5,0.3,1000000000000,4
S65-0098,invalid_boundary,train,0.065,100000000000,7,100000000000000,15,0.3,1000000000000,4
S65-0099,invalid_boundary,train,0.065,10000000000,15,50000000000000,15,0.5,3000000000000,3
S65-0100,invalid_boundary,train,0.065,30000000000,15,50000000000000,12.5,0.3,10000000000000,3
S65-0101,invalid_boundary,train,0.065,100000000000,5,50000000000000,15,0.5,10000000000000,3
S65-0102,invalid_boundary,train,0.065,100000000000,5,100000000000000,12.5,0.3,3000000000000,4
S65-0103,invalid_boundary,train,0.065,100000000000,10,100000000000000,12.5,0.5,10000000000000,3
S65-0104,invalid_boundary,train,0.065,10000000000,10,200000000000000,15,0.5,3000000000000,4
S65-0105,invalid_boundary,train,0.065,10000000000,12.5,200000000000000,15,0.3,1000000000000,4
S65-0106,invalid_boundary,train,0.065,30000000000,10,200000000000000,12.5,0.5,3000000000000,3
S65-0107,invalid_boundary,train,0.065,30000000000,12.5,50000000000000,12.5,0.3,1000000000000,4
S65-0108,invalid_boundary,train,0.065,30000000000,12.5,100000000000000,15,0.3,3000000000000,3
S65-0109,invalid_boundary,train,0.065,10000000000,12.5,200000000000000,15,0.5,10000000000000,3
S65-0110,invalid_boundary,train,0.065,30000000000,15,100000000000000,12.5,0.5,1000000000000,3
S65-0111,invalid_boundary,train,0.065,100000000000,15,100000000000000,15,0.3,1000000000000,3
S65-0112,invalid_boundary,train,0.065,10000000000,12.5,100000000000000,12.5,0.5,1000000000000,3
S65-0113,invalid_boundary,train,0.065,10000000000,12.5,100000000000000,15,0.3,10000000000000,4
S65-0114,invalid_boundary,train,0.065,100000000000,12.5,100000000000000,12.5,0.3,1000000000000,4
S65-0115,invalid_boundary,train,0.065,100000000000,15,50000000000000,15,0.5,3000000000000,4
S65-0116,invalid_boundary,train,0.065,10000000000,10,50000000000000,12.5,0.5,3000000000000,4
S65-0117,invalid_boundary,train,0.065,10000000000,5,100000000000000,15,0.3,3000000000000,3
S65-0118,invalid_boundary,train,0.065,100000000000,5,200000000000000,15,0.5,1000000000000,3
S65-0119,invalid_boundary,train,0.065,100000000000,7,100000000000000,12.5,0.5,3000000000000,3
S65-0120,invalid_boundary,train,0.065,10000000000,15,50000000000000,12.5,0.3,3000000000000,3
S65-0121,invalid_boundary,train,0.065,10000000000,15,100000000000000,15,0.5,1000000000000,4
S65-0122,invalid_boundary,train,0.065,100000000000,10,100000000000000,12.5,0.5,1000000000000,3
S65-0123,invalid_boundary,train,0.065,10000000000,5,100000000000000,15,0.5,3000000000000,4
S65-0124,invalid_boundary,train,0.065,30000000000,5,50000000000000,15,0.5,10000000000000,3
S65-0125,invalid_boundary,train,0.065,30000000000,7,200000000000000,12.5,0.5,10000000000000,4
S65-0126,invalid_boundary,train,0.065,30000000000,10,100000000000000,15,0.3,10000000000000,3
S65-0127,invalid_boundary,train,0.065,30000000000,12.5,50000000000000,12.5,0.5,3000000000000,4
S65-0128,invalid_boundary,train,0.065,30000000000,12.5,100000000000000,12.5,0.3,10000000000000,4
S65-0129,invalid_boundary,train,0.065,100000000000,12.5,50000000000000,15,0.3,3000000000000,4
S65-0130,invalid_boundary,train,0.065,10000000000,5,200000000000000,12.5,0.3,1000000000000,3
S65-0131,invalid_boundary,train,0.065,10000000000,5,200000000000000,12.5,0.5,1000000000000,4
S65-0132,invalid_boundary,train,0.065,30000000000,5,200000000000000,15,0.3,10000000000000,3
S65-0133,invalid_boundary,train,0.065,100000000000,15,200000000000000,12.5,0.5,10000000000000,3
S65-0134,invalid_boundary,train,0.065,30000000000,5,50000000000000,15,0.5,1000000000000,3
S65-0135,invalid_boundary,train,0.065,30000000000,7,50000000000000,12.5,0.3,1000000000000,4
S65-0136,invalid_boundary,train,0.065,10000000000,10,100000000000000,15,0.5,10000000000000,4
S65-0137,invalid_boundary,train,0.065,30000000000,15,100000000000000,15,0.5,10000000000000,4
S65-0138,invalid_boundary,train,0.065,100000000000,5,200000000000000,15,0.5,10000000000000,4
S65-0139,invalid_boundary,train,0.065,30000000000,5,100000000000000,15,0.3,3000000000000,3
S65-0140,invalid_boundary,train,0.065,30000000000,7,100000000000000,12.5,0.3,10000000000000,3
S65-0141,invalid_boundary,train,0.065,30000000000,7,100000000000000,12.5,0.5,3000000000000,4
S65-0142,invalid_boundary,train,0.065,10000000000,12.5,100000000000000,12.5,0.3,3000000000000,4
S65-0143,invalid_boundary,train,0.065,10000000000,15,200000000000000,15,0.5,3000000000000,3
S65-0144,invalid_boundary,train,0.065,30000000000,12.5,100000000000000,15,0.5,3000000000000,3
S65-0145,invalid_boundary,train,0.065,30000000000,12.5,200000000000000,12.5,0.3,3000000000000,3
S65-0146,invalid_boundary,train,0.065,100000000000,15,100000000000000,12.5,0.3,3000000000000,4
S65-0147,invalid_boundary,train,0.065,100000000000,15,200000000000000,12.5,0.5,1000000000000,4
S65-0148,invalid_boundary,train,0.065,10000000000,7,50000000000000,15,0.5,1000000000000,3
S65-0149,invalid_boundary,train,0.065,10000000000,10,50000000000000,15,0.3,10000000000000,3
S65-0150,invalid_boundary,train,0.065,10000000000,10,200000000000000,15,0.3,10000000000000,3
S65-0151,invalid_boundary,train,0.065,100000000000,7,50000000000000,15,0.5,1000000000000,4
S65-0152,invalid_boundary,train,0.065,10000000000,10,100000000000000,12.5,0.3,10000000000000,3
S65-0153,invalid_boundary,train,0.065,10000000000,12.5,100000000000000,15,0.5,3000000000000,4
S65-0154,invalid_boundary,train,0.065,10000000000,15,100000000000000,12.5,0.3,10000000000000,3
S65-0155,invalid_boundary,train,0.065,30000000000,10,200000000000000,15,0.3,3000000000000,3
S65-0156,invalid_boundary,train,0.065,30000000000,15,200000000000000,12.5,0.3,10000000000000,4
S65-0157,invalid_boundary,train,0.065,10000000000,12.5,50000000000000,15,0.5,10000000000000,4
S65-0158,invalid_boundary,train,0.065,10000000000,15,100000000000000,12.5,0.5,10000000000000,3
S65-0159,invalid_boundary,train,0.065,100000000000,10,100000000000000,15,0.3,3000000000000,4
S65-0160,invalid_boundary,train,0.065,100000000000,12.5,100000000000000,15,0.3,10000000000000,3
S65-0161,invalid_boundary,train,0.065,10000000000,15,100000000000000,15,0.3,1000000000000,3
S65-0162,invalid_boundary,train,0.065,10000000000,15,200000000000000,12.5,0.3,3000000000000,4
S65-0163,invalid_boundary,train,0.065,30000000000,12.5,200000000000000,15,0.5,1000000000000,3
S65-0164,invalid_boundary,train,0.065,30000000000,15,200000000000000,12.5,0.3,1000000000000,4
S65-0165,invalid_boundary,train,0.065,100000000000,10,200000000000000,12.5,0.3,1000000000000,3
S65-0166,invalid_boundary,train,0.065,100000000000,15,100000000000000,12.5,0.5,3000000000000,4
S65-0167,invalid_boundary,train,0.065,30000000000,5,100000000000000,15,0.5,3000000000000,3
S65-0168,invalid_boundary,train,0.065,30000000000,10,50000000000000,15,0.3,3000000000000,4
S65-0169,invalid_boundary,train,0.065,30000000000,10,50000000000000,15,0.5,3000000000000,3
S65-0170,invalid_boundary,train,0.065,30000000000,5,200000000000000,15,0.3,1000000000000,3
S65-0171,invalid_boundary,train,0.065,30000000000,7,200000000000000,12.5,0.3,3000000000000,4
S65-0172,invalid_boundary,train,0.065,30000000000,7,200000000000000,12.5,0.5,1000000000000,4
S65-0173,invalid_boundary,train,0.065,100000000000,10,50000000000000,12.5,0.3,1000000000000,3
S65-0174,invalid_boundary,train,0.065,100000000000,7,200000000000000,15,0.5,3000000000000,3
S65-0175,invalid_boundary,train,0.065,10000000000,7,200000000000000,15,0.5,3000000000000,3
S65-0176,invalid_boundary,train,0.065,10000000000,15,50000000000000,15,0.3,3000000000000,4
S65-0177,invalid_boundary,train,0.065,10000000000,15,200000000000000,15,0.3,10000000000000,4
S65-0178,invalid_boundary,train,0.065,30000000000,5,50000000000000,12.5,0.3,10000000000000,4
S65-0179,invalid_boundary,train,0.065,30000000000,10,50000000000000,12.5,0.3,10000000000000,4
S65-0180,invalid_boundary,train,0.065,30000000000,10,200000000000000,15,0.5,3000000000000,4
S65-0181,invalid_boundary,train,0.065,30000000000,15,200000000000000,12.5,0.5,3000000000000,4
S65-0182,invalid_boundary,train,0.065,100000000000,5,50000000000000,15,0.3,10000000000000,3
S65-0183,invalid_boundary,train,0.065,100000000000,5,200000000000000,12.5,0.5,3000000000000,4
S65-0184,invalid_boundary,train,0.065,100000000000,10,100000000000000,12.5,0.3,10000000000000,4
S65-0185,invalid_boundary,train,0.065,100000000000,12.5,50000000000000,12.5,0.3,3000000000000,4
S65-0186,invalid_boundary,train,0.065,100000000000,12.5,100000000000000,15,0.5,10000000000000,4
S65-0187,invalid_boundary,train,0.065,100000000000,12.5,200000000000000,12.5,0.3,3000000000000,3
S65-0188,invalid_boundary,train,0.065,100000000000,15,50000000000000,15,0.5,10000000000000,3
S65-0189,invalid_boundary,train,0.065,100000000000,15,100000000000000,12.5,0.3,10000000000000,3
S65-0190,invalid_boundary,train,0.065,100000000000,15,200000000000000,15,0.3,3000000000000,4
S65-0191,invalid_boundary,train,0.065,10000000000,7,200000000000000,15,0.3,3000000000000,3
S65-0192,invalid_boundary,train,0.065,30000000000,5,100000000000000,12.5,0.5,10000000000000,4
S65-0193,invalid_boundary,train,0.065,30000000000,7,100000000000000,15,0.3,1000000000000,3
S65-0194,invalid_boundary,train,0.065,30000000000,7,100000000000000,15,0.5,10000000000000,4
S65-0195,invalid_boundary,train,0.065,100000000000,5,200000000000000,15,0.3,10000000000000,4
S65-0196,invalid_boundary,train,0.065,100000000000,7,100000000000000,15,0.5,10000000000000,4
S65-0197,invalid_boundary,train,0.065,10000000000,5,100000000000000,15,0.3,10000000000000,4
S65-0198,invalid_boundary,train,0.065,10000000000,7,100000000000000,12.5,0.5,10000000000000,3
S65-0199,invalid_boundary,train,0.065,30000000000,7,50000000000000,15,0.3,3000000000000,3
S65-0200,invalid_boundary,train,0.065,10000000000,10,200000000000000,15,0.3,1000000000000,3
S65-0201,invalid_boundary,train,0.065,10000000000,12.5,50000000000000,12.5,0.3,1000000000000,4
S65-0202,invalid_boundary,train,0.065,10000000000,12.5,50000000000000,15,0.5,1000000000000,3
S65-0203,invalid_boundary,train,0.065,10000000000,12.5,200000000000000,12.5,0.3,1000000000000,4
S65-0204,invalid_boundary,train,0.065,10000000000,12.5,200000000000000,12.5,0.5,3000000000000,3
S65-0205,invalid_boundary,train,0.065,30000000000,10,50000000000000,15,0.5,10000000000000,4
S65-0206,invalid_boundary,train,0.065,30000000000,12.5,50000000000000,12.5,0.5,10000000000000,3
S65-0207,invalid_boundary,train,0.065,30000000000,12.5,50000000000000,15,0.3,1000000000000,4
S65-0208,invalid_boundary,train,0.065,30000000000,12.5,50000000000000,15,0.5,1000000000000,3
S65-0209,invalid_boundary,train,0.065,30000000000,12.5,200000000000000,12.5,0.5,10000000000000,4
S65-0210,invalid_boundary,train,0.065,30000000000,12.5,200000000000000,15,0.3,1000000000000,4
S65-0211,invalid_boundary,train,0.065,30000000000,12.5,200000000000000,15,0.3,10000000000000,4
S65-0212,invalid_boundary,train,0.065,30000000000,12.5,200000000000000,15,0.5,10000000000000,4
S65-0213,invalid_boundary,train,0.065,30000000000,15,50000000000000,12.5,0.3,1000000000000,3
S65-0214,invalid_boundary,train,0.065,30000000000,15,50000000000000,12.5,0.5,3000000000000,3
S65-0215,invalid_boundary,train,0.065,30000000000,15,50000000000000,15,0.3,10000000000000,3
S65-0216,invalid_boundary,train,0.065,30000000000,15,100000000000000,15,0.3,3000000000000,4
S65-0217,invalid_boundary,train,0.065,100000000000,10,100000000000000,15,0.5,3000000000000,4
S65-0218,invalid_boundary,train,0.065,100000000000,10,200000000000000,12.5,0.5,3000000000000,3
S65-0219,invalid_boundary,train,0.065,100000000000,10,200000000000000,15,0.3,1000000000000,3
S65-0220,invalid_boundary,train,0.065,100000000000,12.5,50000000000000,12.5,0.5,1000000000000,4
S65-0221,invalid_boundary,train,0.065,100000000000,12.5,50000000000000,12.5,0.5,10000000000000,3
S65-0222,invalid_boundary,train,0.065,100000000000,12.5,50000000000000,15,0.5,1000000000000,4
S65-0223,invalid_boundary,train,0.065,100000000000,12.5,200000000000000,15,0.5,1000000000000,4
S65-0224,invalid_boundary,train,0.065,100000000000,15,50000000000000,15,0.3,3000000000000,3
S65-0225,invalid_boundary,train,0.065,10000000000,7,100000000000000,12.5,0.3,10000000000000,3
S65-0226,invalid_boundary,train,0.065,10000000000,10,50000000000000,15,0.3,1000000000000,3
S65-0227,invalid_boundary,train,0.065,10000000000,5,50000000000000,12.5,0.5,3000000000000,4
S65-0228,invalid_boundary,train,0.065,10000000000,5,200000000000000,12.5,0.3,3000000000000,4
S65-0229,invalid_boundary,train,0.065,10000000000,7,100000000000000,12.5,0.3,1000000000000,3
S65-0230,invalid_boundary,train,0.065,10000000000,7,100000000000000,12.5,0.5,1000000000000,3
S65-0231,invalid_boundary,train,0.065,10000000000,10,50000000000000,12.5,0.3,3000000000000,4
S65-0232,invalid_boundary,train,0.065,10000000000,10,50000000000000,12.5,0.5,1000000000000,3
S65-0233,invalid_boundary,train,0.065,10000000000,10,50000000000000,15,0.5,3000000000000,3
S65-0234,invalid_boundary,train,0.065,10000000000,10,200000000000000,12.5,0.3,3000000000000,4
S65-0235,invalid_boundary,train,0.065,10000000000,12.5,50000000000000,15,0.3,3000000000000,3
S65-0236,invalid_boundary,train,0.065,10000000000,15,50000000000000,12.5,0.5,3000000000000,3
S65-0237,invalid_boundary,train,0.065,10000000000,15,200000000000000,12.5,0.5,1000000000000,3
S65-0238,invalid_boundary,train,0.065,30000000000,5,50000000000000,12.5,0.5,3000000000000,3
S65-0239,invalid_boundary,train,0.065,30000000000,7,200000000000000,15,0.5,3000000000000,3
S65-0240,invalid_boundary,train,0.065,30000000000,10,200000000000000,12.5,0.3,3000000000000,4
S65-0241,invalid_boundary,train,0.065,30000000000,15,50000000000000,15,0.5,3000000000000,3
S65-0242,invalid_boundary,train,0.065,100000000000,5,50000000000000,12.5,0.5,3000000000000,4
S65-0243,invalid_boundary,train,0.065,100000000000,5,50000000000000,15,0.3,1000000000000,3
S65-0244,invalid_boundary,train,0.065,100000000000,5,100000000000000,12.5,0.3,1000000000000,3
S65-0245,invalid_boundary,train,0.065,100000000000,5,200000000000000,15,0.3,1000000000000,4
S65-0246,invalid_boundary,train,0.065,100000000000,7,50000000000000,12.5,0.3,3000000000000,3
S65-0247,invalid_boundary,train,0.065,100000000000,7,50000000000000,15,0.5,3000000000000,3
S65-0248,invalid_boundary,train,0.065,100000000000,7,100000000000000,15,0.3,3000000000000,3
S65-0249,invalid_boundary,train,0.065,100000000000,7,200000000000000,12.5,0.3,3000000000000,3
S65-0250,invalid_boundary,train,0.065,100000000000,12.5,200000000000000,12.5,0.5,1000000000000,3
S65-0251,invalid_boundary,train,0.065,100000000000,12.5,200000000000000,15,0.3,3000000000000,3
S65-0252,invalid_boundary,train,0.065,100000000000,15,50000000000000,15,0.5,1000000000000,3
S65-0253,invalid_boundary,train,0.065,10000000000,7,200000000000000,12.5,0.5,3000000000000,3
S65-0254,invalid_boundary,train,0.065,10000000000,10,100000000000000,12.5,0.5,10000000000000,3
S65-0255,invalid_boundary,train,0.065,10000000000,10,200000000000000,15,0.3,3000000000000,4
S65-0256,invalid_boundary,train,0.065,10000000000,12.5,100000000000000,12.5,0.5,3000000000000,4
S65-0257,invalid_boundary,train,0.065,10000000000,15,200000000000000,12.5,0.3,1000000000000,3
S65-0258,invalid_boundary,train,0.065,30000000000,5,100000000000000,12.5,0.3,1000000000000,4
S65-0259,invalid_boundary,train,0.065,30000000000,5,100000000000000,15,0.3,10000000000000,4
S65-0260,invalid_boundary,train,0.065,30000000000,7,100000000000000,12.5,0.5,1000000000000,3
S65-0261,invalid_boundary,train,0.065,30000000000,7,100000000000000,15,0.5,1000000000000,3
S65-0262,invalid_boundary,train,0.065,30000000000,10,100000000000000,12.5,0.3,1000000000000,4
S65-0263,invalid_boundary,train,0.065,30000000000,15,200000000000000,15,0.5,10000000000000,3
S65-0264,invalid_boundary,train,0.065,100000000000,5,100000000000000,12.5,0.5,10000000000000,4
S65-0265,invalid_boundary,train,0.065,100000000000,7,100000000000000,12.5,0.3,10000000000000,3
S65-0266,invalid_boundary,train,0.065,100000000000,10,200000000000000,12.5,0.3,3000000000000,4
S65-0267,invalid_boundary,train,0.065,100000000000,10,200000000000000,12.5,0.3,10000000000000,3
S65-0268,invalid_boundary,train,0.065,100000000000,10,200000000000000,12.5,0.5,1000000000000,4
S65-0269,invalid_boundary,train,0.065,100000000000,10,200000000000000,12.5,0.5,10000000000000,4
S65-0270,invalid_boundary,train,0.065,100000000000,12.5,100000000000000,12.5,0.5,3000000000000,3
S65-0271,invalid_boundary,train,0.065,100000000000,12.5,200000000000000,15,0.3,10000000000000,4
S65-0272,invalid_boundary,train,0.065,10000000000,5,50000000000000,15,0.3,3000000000000,4
S65-0273,invalid_boundary,train,0.065,10000000000,5,50000000000000,15,0.5,3000000000000,3
S65-0274,invalid_boundary,train,0.065,10000000000,7,50000000000000,12.5,0.3,3000000000000,3
S65-0275,invalid_boundary,train,0.065,10000000000,7,100000000000000,15,0.3,1000000000000,4
S65-0276,invalid_boundary,train,0.065,10000000000,7,100000000000000,15,0.5,1000000000000,4
S65-0277,invalid_boundary,train,0.065,10000000000,10,50000000000000,15,0.3,3000000000000,4
S65-0278,invalid_boundary,train,0.065,10000000000,10,100000000000000,12.5,0.3,1000000000000,4
S65-0279,invalid_boundary,train,0.065,10000000000,10,100000000000000,15,0.3,1000000000000,4
S65-0280,invalid_boundary,train,0.065,10000000000,12.5,100000000000000,12.5,0.3,1000000000000,3
S65-0281,invalid_boundary,train,0.065,10000000000,15,50000000000000,12.5,0.5,10000000000000,4
S65-0282,invalid_boundary,train,0.065,30000000000,10,50000000000000,15,0.3,1000000000000,3
S65-0283,invalid_boundary,train,0.065,30000000000,10,50000000000000,15,0.5,1000000000000,4
S65-0284,invalid_boundary,train,0.065,30000000000,10,100000000000000,12.5,0.5,1000000000000,4
S65-0285,invalid_boundary,train,0.065,30000000000,12.5,50000000000000,15,0.5,3000000000000,4
S65-0286,invalid_boundary,train,0.065,30000000000,12.5,100000000000000,12.5,0.3,1000000000000,3
S65-0287,invalid_boundary,train,0.065,30000000000,12.5,100000000000000,12.5,0.5,3000000000000,3
S65-0288,invalid_boundary,train,0.065,30000000000,12.5,100000000000000,15,0.5,1000000000000,4
S65-0289,invalid_boundary,train,0.065,30000000000,15,50000000000000,12.5,0.5,1000000000000,4
S65-0290,invalid_boundary,train,0.065,30000000000,15,100000000000000,15,0.5,1000000000000,3
S65-0291,invalid_boundary,train,0.065,100000000000,5,100000000000000,12.5,0.5,1000000000000,4
S65-0292,invalid_boundary,train,0.065,100000000000,12.5,100000000000000,12.5,0.5,10000000000000,4
S65-0293,invalid_boundary,train,0.065,100000000000,15,50000000000000,12.5,0.3,10000000000000,4
S65-0294,invalid_boundary,train,0.065,100000000000,15,50000000000000,15,0.3,1000000000000,4
S65-0295,invalid_boundary,train,0.065,100000000000,15,100000000000000,15,0.5,1000000000000,4
S65-0296,invalid_boundary,train,0.065,10000000000,5,100000000000000,15,0.5,10000000000000,4
S65-0297,invalid_boundary,train,0.065,10000000000,10,50000000000000,12.5,0.5,10000000000000,4
S65-0298,invalid_boundary,train,0.065,10000000000,10,50000000000000,15,0.5,10000000000000,3
S65-0299,invalid_boundary,train,0.065,10000000000,10,100000000000000,12.5,0.3,3000000000000,3
S65-0300,invalid_boundary,train,0.065,10000000000,10,100000000000000,12.5,0.5,3000000000000,3
S65-0301,invalid_boundary,train,0.065,10000000000,10,200000000000000,12.5,0.3,10000000000000,4
S65-0302,invalid_boundary,train,0.065,10000000000,12.5,100000000000000,12.5,0.5,10000000000000,4
S65-0303,invalid_boundary,train,0.065,10000000000,12.5,100000000000000,15,0.3,3000000000000,4
S65-0304,invalid_boundary,train,0.065,10000000000,12.5,200000000000000,12.5,0.3,3000000000000,3
S65-0305,invalid_boundary,train,0.065,10000000000,12.5,200000000000000,12.5,0.5,10000000000000,3
S65-0306,invalid_boundary,train,0.065,10000000000,15,50000000000000,15,0.5,10000000000000,3
S65-0307,invalid_boundary,train,0.065,10000000000,15,200000000000000,12.5,0.3,10000000000000,4
S65-0308,invalid_boundary,train,0.065,10000000000,15,200000000000000,12.5,0.5,10000000000000,4
S65-0309,invalid_boundary,train,0.065,30000000000,7,100000000000000,12.5,0.3,3000000000000,3
S65-0310,invalid_boundary,train,0.065,30000000000,10,200000000000000,12.5,0.5,10000000000000,3
S65-0311,invalid_boundary,train,0.065,30000000000,15,100000000000000,15,0.3,10000000000000,4
S65-0312,invalid_boundary,train,0.065,100000000000,10,50000000000000,12.5,0.5,10000000000000,4
S65-0313,invalid_boundary,train,0.065,100000000000,10,100000000000000,15,0.3,10000000000000,4
S65-0314,invalid_boundary,train,0.065,100000000000,15,200000000000000,12.5,0.5,3000000000000,3
S65-0315,invalid_boundary,train,0.065,100000000000,15,200000000000000,15,0.5,3000000000000,4
S65-0316,invalid_boundary,train,0.065,10000000000,5,50000000000000,15,0.3,10000000000000,3
S65-0317,invalid_boundary,train,0.065,10000000000,5,50000000000000,15,0.5,1000000000000,4
S65-0318,invalid_boundary,train,0.065,10000000000,5,50000000000000,15,0.5,10000000000000,3
S65-0319,invalid_boundary,train,0.065,10000000000,5,100000000000000,12.5,0.3,3000000000000,3
S65-0320,invalid_boundary,train,0.065,10000000000,5,100000000000000,12.5,0.3,10000000000000,4
S65-0321,invalid_boundary,train,0.065,10000000000,5,100000000000000,12.5,0.5,3000000000000,3
S65-0322,invalid_boundary,train,0.065,10000000000,5,100000000000000,12.5,0.5,10000000000000,4
S65-0323,invalid_boundary,train,0.065,10000000000,5,200000000000000,15,0.3,10000000000000,3
S65-0324,invalid_boundary,train,0.065,10000000000,5,200000000000000,15,0.5,10000000000000,3
S65-0325,invalid_boundary,train,0.065,10000000000,7,50000000000000,12.5,0.3,10000000000000,4
S65-0326,invalid_boundary,train,0.065,10000000000,7,50000000000000,12.5,0.5,1000000000000,4
S65-0327,invalid_boundary,train,0.065,10000000000,7,50000000000000,12.5,0.5,3000000000000,3
S65-0328,invalid_boundary,train,0.065,10000000000,7,50000000000000,12.5,0.5,10000000000000,4
S65-0329,invalid_boundary,train,0.065,10000000000,7,50000000000000,15,0.5,3000000000000,4
S65-0330,invalid_boundary,train,0.065,10000000000,7,100000000000000,15,0.3,10000000000000,3
S65-0331,invalid_boundary,train,0.065,10000000000,7,200000000000000,12.5,0.3,1000000000000,4
S65-0332,invalid_boundary,train,0.065,10000000000,7,200000000000000,12.5,0.3,3000000000000,3
S65-0333,invalid_boundary,train,0.065,10000000000,7,200000000000000,12.5,0.3,10000000000000,4
S65-0334,invalid_boundary,train,0.065,10000000000,7,200000000000000,12.5,0.5,10000000000000,4
S65-0335,invalid_boundary,train,0.065,30000000000,5,50000000000000,15,0.3,10000000000000,3
S65-0336,invalid_boundary,train,0.065,30000000000,5,100000000000000,15,0.5,1000000000000,4
S65-0337,invalid_boundary,train,0.065,30000000000,5,200000000000000,12.5,0.5,10000000000000,3
S65-0338,invalid_boundary,train,0.065,30000000000,5,200000000000000,15,0.5,1000000000000,3
S65-0339,invalid_boundary,train,0.065,30000000000,5,200000000000000,15,0.5,3000000000000,4
S65-0340,invalid_boundary,train,0.065,30000000000,7,100000000000000,15,0.3,10000000000000,3
S65-0341,invalid_boundary,train,0.065,30000000000,7,200000000000000,15,0.3,10000000000000,4
S65-0342,invalid_boundary,train,0.065,30000000000,7,200000000000000,15,0.5,10000000000000,3
S65-0343,invalid_boundary,train,0.065,100000000000,5,50000000000000,12.5,0.5,10000000000000,3
S65-0344,invalid_boundary,train,0.065,100000000000,5,50000000000000,15,0.5,1000000000000,3
S65-0345,invalid_boundary,train,0.065,100000000000,5,100000000000000,12.5,0.3,10000000000000,4
S65-0346,invalid_boundary,train,0.065,100000000000,5,200000000000000,12.5,0.3,10000000000000,3
S65-0347,invalid_boundary,train,0.065,100000000000,5,200000000000000,12.5,0.5,1000000000000,3
S65-0348,invalid_boundary,train,0.065,100000000000,7,50000000000000,12.5,0.3,10000000000000,4
S65-0349,invalid_boundary,train,0.065,100000000000,7,50000000000000,12.5,0.5,1000000000000,4
S65-0350,invalid_boundary,train,0.065,100000000000,7,100000000000000,12.5,0.5,10000000000000,3
S65-0351,vth_ss_cliff,train,0.065,30000000000,5,10000000000000,10,0.2,70000000000000,6
S65-0352,vth_ss_cliff,train,0.065,100000000000,5,10000000000000,15,0.5,70000000000000,6
S65-0353,vth_ss_cliff,train,0.065,30000000000,15,10000000000000,10,0.2,70000000000000,6
S65-0354,vth_ss_cliff,train,0.065,100000000000,15,10000000000000,10,0.5,70000000000000,6
S65-0355,vth_ss_cliff,train,0.065,10000000000,10,10000000000000,15,0.2,70000000000000,6
S65-0356,vth_ss_cliff,train,0.065,100000000000,10,10000000000000,15,0.2,70000000000000,6
S65-0357,vth_ss_cliff,train,0.065,10000000000,10,10000000000000,10,0.5,70000000000000,6
S65-0358,vth_ss_cliff,train,0.065,100000000000,7,10000000000000,10,0.5,70000000000000,3
S65-0359,vth_ss_cliff,train,0.065,30000000000,15,10000000000000,15,0.5,70000000000000,6
S65-0360,vth_ss_cliff,train,0.065,10000000000,5,10000000000000,15,0.5,50000000000000,6
S65-0361,vth_ss_cliff,train,0.065,10000000000,10,10000000000000,10,0.2,50000000000000,3
S65-0362,vth_ss_cliff,train,0.065,100000000000,10,10000000000000,10,0.2,70000000000000,3
S65-0363,vth_ss_cliff,train,0.065,30000000000,15,10000000000000,15,0.2,70000000000000,3
S65-0364,vth_ss_cliff,train,0.065,30000000000,5,30000000000000,10,0.5,70000000000000,6
S65-0365,vth_ss_cliff,train,0.065,10000000000,7,50000000000000,10,0.2,50000000000000,6
S65-0366,vth_ss_cliff,train,0.065,30000000000,7,10000000000000,15,0.2,70000000000000,3
S65-0367,vth_ss_cliff,train,0.065,30000000000,12.5,10000000000000,10,0.5,50000000000000,3
S65-0368,vth_ss_cliff,train,0.065,100000000000,7,50000000000000,10,0.2,70000000000000,6
S65-0369,vth_ss_cliff,train,0.065,10000000000,12.5,10000000000000,15,0.5,70000000000000,3
S65-0370,vth_ss_cliff,train,0.065,100000000000,12.5,10000000000000,15,0.5,70000000000000,3
S65-0371,vth_ss_cliff,train,0.065,30000000000,5,50000000000000,10,0.2,70000000000000,3
S65-0372,vth_ss_cliff,train,0.065,30000000000,7,10000000000000,15,0.5,70000000000000,3
S65-0373,vth_ss_cliff,train,0.065,10000000000,15,50000000000000,10,0.2,70000000000000,6
S65-0374,vth_ss_cliff,train,0.065,10000000000,5,10000000000000,10,0.5,30000000000000,3
S65-0375,vth_ss_cliff,train,0.065,100000000000,5,50000000000000,15,0.5,70000000000000,3
S65-0376,vth_ss_cliff,train,0.065,30000000000,12.5,50000000000000,10,0.5,70000000000000,6
S65-0377,vth_ss_cliff,train,0.065,100000000000,15,50000000000000,10,0.2,70000000000000,6
S65-0378,vth_ss_cliff,train,0.065,10000000000,15,30000000000000,15,0.3,70000000000000,6
S65-0379,vth_ss_cliff,train,0.065,100000000000,15,10000000000000,12.5,0.3,70000000000000,4
S65-0380,vth_ss_cliff,train,0.065,100000000000,5,50000000000000,15,0.2,70000000000000,6
S65-0381,vth_ss_cliff,train,0.065,30000000000,12.5,30000000000000,10,0.2,70000000000000,3
S65-0382,vth_ss_cliff,train,0.065,10000000000,10,50000000000000,15,0.5,70000000000000,6
S65-0383,vth_ss_cliff,train,0.065,30000000000,5,50000000000000,15,0.5,50000000000000,6
S65-0384,vth_ss_cliff,train,0.065,10000000000,15,10000000000000,12.5,0.3,30000000000000,3
S65-0385,vth_ss_cliff,train,0.065,30000000000,10,10000000000000,12.5,0.3,30000000000000,6
S65-0386,vth_ss_cliff,train,0.065,100000000000,5,10000000000000,12.5,0.3,50000000000000,4
S65-0387,vth_ss_cliff,train,0.065,30000000000,10,50000000000000,15,0.2,70000000000000,6
S65-0388,vth_ss_cliff,train,0.065,10000000000,5,10000000000000,12.5,0.3,70000000000000,4
S65-0389,vth_ss_cliff,train,0.065,100000000000,15,30000000000000,15,0.5,70000000000000,6
S65-0390,vth_ss_cliff,train,0.065,10000000000,5,50000000000000,15,0.2,70000000000000,6
S65-0391,vth_ss_cliff,train,0.065,100000000000,15,50000000000000,15,0.2,50000000000000,6
S65-0392,vth_ss_cliff,train,0.065,30000000000,7,10000000000000,10,0.3,30000000000000,3
S65-0393,vth_ss_cliff,train,0.065,100000000000,10,10000000000000,12.5,0.5,30000000000000,6
S65-0394,vth_ss_cliff,train,0.065,100000000000,7,50000000000000,12.5,0.5,70000000000000,6
S65-0395,vth_ss_cliff,train,0.065,10000000000,5,30000000000000,15,0.5,70000000000000,3
S65-0396,vth_ss_cliff,train,0.065,10000000000,10,30000000000000,10,0.5,70000000000000,3
S65-0397,vth_ss_cliff,train,0.065,100000000000,15,30000000000000,10,0.5,70000000000000,3
S65-0398,vth_ss_cliff,train,0.065,100000000000,5,50000000000000,10,0.5,30000000000000,3
S65-0399,vth_ss_cliff,train,0.065,10000000000,15,10000000000000,12.5,0.5,30000000000000,6
S65-0400,vth_ss_cliff,train,0.065,30000000000,5,50000000000000,12.5,0.2,30000000000000,6
S65-0401,vth_ss_cliff,train,0.065,30000000000,5,10000000000000,15,0.3,50000000000000,6
S65-0402,vth_ss_cliff,train,0.065,30000000000,15,50000000000000,12.5,0.3,70000000000000,6
S65-0403,vth_ss_cliff,train,0.065,10000000000,12.5,10000000000000,10,0.3,30000000000000,6
S65-0404,vth_ss_cliff,train,0.065,100000000000,12.5,10000000000000,10,0.2,30000000000000,6
S65-0405,vth_ss_cliff,train,0.065,10000000000,10,10000000000000,15,0.3,30000000000000,3
S65-0406,vth_ss_cliff,train,0.065,100000000000,10,10000000000000,15,0.3,30000000000000,3
S65-0407,vth_ss_cliff,train,0.065,100000000000,10,50000000000000,10,0.3,70000000000000,3
S65-0408,vth_ss_cliff,train,0.065,30000000000,15,30000000000000,15,0.5,70000000000000,3
S65-0409,vth_ss_cliff,train,0.065,10000000000,10,50000000000000,12.5,0.2,70000000000000,3
S65-0410,vth_ss_cliff,train,0.065,10000000000,5,50000000000000,12.5,0.5,70000000000000,6
S65-0411,vth_ss_cliff,train,0.065,30000000000,10,50000000000000,10,0.2,30000000000000,6
S65-0412,vth_ss_cliff,train,0.065,100000000000,5,10000000000000,10,0.5,30000000000000,6
S65-0413,vth_ss_cliff,train,0.065,100000000000,7,30000000000000,15,0.2,70000000000000,3
S65-0414,vth_ss_cliff,train,0.065,100000000000,10,30000000000000,12.5,0.3,30000000000000,6
S65-0415,vth_ss_cliff,train,0.065,10000000000,10,50000000000000,10,0.5,30000000000000,6
S65-0416,vth_ss_cliff,train,0.065,100000000000,15,50000000000000,10,0.5,30000000000000,6
S65-0417,vth_ss_cliff,train,0.065,10000000000,15,50000000000000,10,0.3,70000000000000,3
S65-0418,vth_ss_cliff,train,0.065,100000000000,5,30000000000000,10,0.2,50000000000000,3
S65-0419,vth_ss_cliff,train,0.065,30000000000,15,10000000000000,10,0.5,30000000000000,6
S65-0420,vth_ss_cliff,train,0.065,100000000000,7,10000000000000,15,0.5,30000000000000,3
S65-0421,vth_ss_cliff,train,0.065,30000000000,7,10000000000000,12.5,0.5,30000000000000,6
S65-0422,vth_ss_cliff,train,0.065,10000000000,15,50000000000000,10,0.5,70000000000000,5
S65-0423,vth_ss_cliff,train,0.065,100000000000,7,10000000000000,10,0.2,30000000000000,6
S65-0424,vth_ss_cliff,train,0.065,30000000000,15,50000000000000,10,0.5,70000000000000,3
S65-0425,vth_ss_cliff,train,0.065,10000000000,15,10000000000000,10,0.5,30000000000000,3
S65-0426,vth_ss_cliff,train,0.065,10000000000,7,10000000000000,10,0.2,30000000000000,6
S65-0427,vth_ss_cliff,train,0.065,30000000000,10,30000000000000,12.5,0.5,70000000000000,4
S65-0428,vth_ss_cliff,train,0.065,30000000000,12.5,50000000000000,15,0.5,50000000000000,6
S65-0429,vth_ss_cliff,train,0.065,100000000000,15,50000000000000,15,0.3,70000000000000,3
S65-0430,vth_ss_cliff,train,0.065,30000000000,15,10000000000000,10,0.3,30000000000000,3
S65-0431,vth_ss_cliff,train,0.065,30000000000,15,50000000000000,15,0.2,70000000000000,3
S65-0432,vth_ss_cliff,train,0.065,30000000000,10,30000000000000,15,0.3,70000000000000,3
S65-0433,vth_ss_cliff,train,0.065,10000000000,7,30000000000000,10,0.3,50000000000000,3
S65-0434,vth_ss_cliff,train,0.065,10000000000,10,30000000000000,12.5,0.3,70000000000000,6
S65-0435,vth_ss_cliff,train,0.065,10000000000,5,50000000000000,10,0.5,50000000000000,3
S65-0436,vth_ss_cliff,train,0.065,100000000000,15,30000000000000,10,0.2,50000000000000,3
S65-0437,vth_ss_cliff,train,0.065,10000000000,5,10000000000000,15,0.2,30000000000000,6
S65-0438,vth_ss_cliff,train,0.065,30000000000,15,10000000000000,15,0.2,30000000000000,6
S65-0439,vth_ss_cliff,train,0.065,100000000000,5,10000000000000,15,0.2,30000000000000,6
S65-0440,vth_ss_cliff,train,0.065,10000000000,15,30000000000000,15,0.5,70000000000000,5
S65-0441,vth_ss_cliff,train,0.065,100000000000,10,50000000000000,10,0.5,70000000000000,4
S65-0442,vth_ss_cliff,train,0.065,100000000000,10,50000000000000,15,0.5,70000000000000,4
S65-0443,vth_ss_cliff,train,0.065,30000000000,7,10000000000000,10,0.5,70000000000000,3
S65-0444,vth_ss_cliff,train,0.065,100000000000,15,10000000000000,15,0.2,30000000000000,6
S65-0445,vth_ss_cliff,train,0.065,10000000000,5,30000000000000,15,0.2,70000000000000,3
S65-0446,vth_ss_cliff,train,0.065,10000000000,10,10000000000000,15,0.5,30000000000000,6
S65-0447,vth_ss_cliff,train,0.065,10000000000,15,30000000000000,15,0.2,70000000000000,3
S65-0448,vth_ss_cliff,train,0.065,10000000000,15,10000000000000,12.5,0.2,70000000000000,6
S65-0449,vth_ss_cliff,train,0.065,10000000000,5,10000000000000,10,0.5,50000000000000,6
S65-0450,vth_ss_cliff,train,0.065,30000000000,5,50000000000000,15,0.5,70000000000000,3
S65-0451,vth_ss_cliff,train,0.065,30000000000,7,50000000000000,10,0.5,70000000000000,3
S65-0452,vth_ss_cliff,train,0.065,30000000000,7,30000000000000,10,0.3,70000000000000,5
S65-0453,vth_ss_cliff,train,0.065,30000000000,5,50000000000000,15,0.2,70000000000000,4
S65-0454,vth_ss_cliff,train,0.065,30000000000,12.5,10000000000000,15,0.5,30000000000000,3
S65-0455,vth_ss_cliff,train,0.065,100000000000,12.5,10000000000000,10,0.5,30000000000000,3
S65-0456,vth_ss_cliff,train,0.065,10000000000,10,50000000000000,15,0.2,30000000000000,5
S65-0457,vth_ss_cliff,train,0.065,100000000000,10,50000000000000,15,0.2,70000000000000,5
S65-0458,vth_ss_cliff,train,0.065,10000000000,5,30000000000000,12.5,0.3,30000000000000,6
S65-0459,vth_ss_cliff,train,0.065,100000000000,5,30000000000000,12.5,0.3,30000000000000,6
S65-0460,vth_ss_cliff,train,0.065,30000000000,12.5,10000000000000,12.5,0.2,30000000000000,4
S65-0461,vth_ss_cliff,train,0.065,30000000000,10,10000000000000,10,0.2,70000000000000,5
S65-0462,vth_ss_cliff,train,0.065,30000000000,15,50000000000000,10,0.2,30000000000000,5
S65-0463,vth_ss_cliff,train,0.065,10000000000,5,10000000000000,10,0.2,30000000000000,3
S65-0464,vth_ss_cliff,train,0.065,100000000000,15,10000000000000,15,0.2,30000000000000,3
S65-0465,vth_ss_cliff,train,0.065,30000000000,10,10000000000000,10,0.5,70000000000000,6
S65-0466,vth_ss_cliff,train,0.065,30000000000,10,10000000000000,15,0.5,70000000000000,6
S65-0467,vth_ss_cliff,train,0.065,10000000000,12.5,30000000000000,10,0.2,30000000000000,4
S65-0468,vth_ss_cliff,train,0.065,100000000000,7,50000000000000,12.5,0.3,70000000000000,4
S65-0469,vth_ss_cliff,train,0.065,100000000000,10,30000000000000,12.5,0.2,30000000000000,3
S65-0470,vth_ss_cliff,train,0.065,10000000000,10,10000000000000,12.5,0.5,30000000000000,4
S65-0471,vth_ss_cliff,train,0.065,10000000000,15,10000000000000,10,0.2,70000000000000,4
S65-0472,vth_ss_cliff,train,0.065,30000000000,10,50000000000000,12.5,0.2,70000000000000,4
S65-0473,vth_ss_cliff,train,0.065,10000000000,15,30000000000000,12.5,0.5,70000000000000,3
S65-0474,vth_ss_cliff,train,0.065,30000000000,15,30000000000000,12.5,0.5,70000000000000,5
S65-0475,vth_ss_cliff,train,0.065,10000000000,7,10000000000000,15,0.5,30000000000000,3
S65-0476,vth_ss_cliff,train,0.065,30000000000,7,30000000000000,12.5,0.3,30000000000000,3
S65-0477,vth_ss_cliff,train,0.065,30000000000,10,10000000000000,15,0.2,70000000000000,5
S65-0478,vth_ss_cliff,train,0.065,100000000000,5,10000000000000,15,0.2,30000000000000,3
S65-0479,vth_ss_cliff,train,0.065,30000000000,5,10000000000000,12.5,0.2,30000000000000,4
S65-0480,vth_ss_cliff,train,0.065,100000000000,15,30000000000000,12.5,0.3,30000000000000,6
S65-0481,vth_ss_cliff,train,0.065,10000000000,10,30000000000000,15,0.5,70000000000000,3
S65-0482,vth_ss_cliff,train,0.065,100000000000,15,30000000000000,15,0.5,70000000000000,3
S65-0483,vth_ss_cliff,train,0.065,10000000000,15,10000000000000,15,0.3,30000000000000,5
S65-0484,vth_ss_cliff,train,0.065,100000000000,15,10000000000000,15,0.5,30000000000000,5
S65-0485,vth_ss_cliff,train,0.065,30000000000,15,50000000000000,15,0.2,30000000000000,6
S65-0486,vth_ss_cliff,train,0.065,10000000000,12.5,30000000000000,12.5,0.5,50000000000000,6
S65-0487,vth_ss_cliff,train,0.065,30000000000,12.5,10000000000000,12.5,0.5,50000000000000,5
S65-0488,vth_ss_cliff,train,0.065,100000000000,12.5,30000000000000,12.5,0.5,50000000000000,5
S65-0489,vth_ss_cliff,train,0.065,30000000000,15,30000000000000,12.5,0.3,70000000000000,3
S65-0490,vth_ss_cliff,train,0.065,10000000000,10,10000000000000,12.5,0.3,30000000000000,5
S65-0491,vth_ss_cliff,train,0.065,10000000000,15,30000000000000,12.5,0.2,30000000000000,5
S65-0492,vth_ss_cliff,train,0.065,100000000000,12.5,30000000000000,10,0.3,30000000000000,5
S65-0493,vth_ss_cliff,train,0.065,100000000000,12.5,50000000000000,12.5,0.3,70000000000000,4
S65-0494,vth_ss_cliff,train,0.065,100000000000,10,10000000000000,12.5,0.3,70000000000000,5
S65-0495,vth_ss_cliff,train,0.065,30000000000,12.5,30000000000000,10,0.3,70000000000000,6
S65-0496,vth_ss_cliff,train,0.065,30000000000,12.5,30000000000000,12.5,0.2,30000000000000,6
S65-0497,vth_ss_cliff,train,0.065,100000000000,12.5,30000000000000,15,0.3,30000000000000,5
S65-0498,vth_ss_cliff,train,0.065,30000000000,7,30000000000000,15,0.3,30000000000000,6
S65-0499,vth_ss_cliff,train,0.065,30000000000,10,10000000000000,12.5,0.3,70000000000000,3
S65-0500,vth_ss_cliff,train,0.065,30000000000,15,10000000000000,12.5,0.3,70000000000000,5
S65-0501,vth_ss_cliff,train,0.065,10000000000,7,10000000000000,15,0.2,70000000000000,4
S65-0502,vth_ss_cliff,train,0.065,30000000000,10,50000000000000,10,0.3,30000000000000,3
S65-0503,vth_ss_cliff,train,0.065,10000000000,10,50000000000000,10,0.3,30000000000000,5
S65-0504,vth_ss_cliff,train,0.065,10000000000,12.5,50000000000000,15,0.3,70000000000000,4
S65-0505,vth_ss_cliff,train,0.065,10000000000,7,30000000000000,10,0.5,70000000000000,5
S65-0506,vth_ss_cliff,train,0.065,10000000000,7,30000000000000,15,0.5,30000000000000,5
S65-0507,vth_ss_cliff,train,0.065,10000000000,7,30000000000000,12.5,0.2,30000000000000,4
S65-0508,vth_ss_cliff,train,0.065,100000000000,7,30000000000000,15,0.5,30000000000000,5
S65-0509,vth_ss_cliff,train,0.065,100000000000,7,30000000000000,10,0.5,30000000000000,5
S65-0510,vth_ss_cliff,train,0.065,30000000000,12.5,30000000000000,15,0.3,50000000000000,5
S65-0511,vth_ss_cliff,train,0.065,100000000000,7,10000000000000,10,0.3,30000000000000,3
S65-0512,vth_ss_cliff,train,0.065,10000000000,12.5,10000000000000,15,0.2,70000000000000,4
S65-0513,vth_ss_cliff,train,0.065,100000000000,15,10000000000000,10,0.2,30000000000000,4
S65-0514,vth_ss_cliff,train,0.065,100000000000,10,50000000000000,15,0.3,70000000000000,3
S65-0515,vth_ss_cliff,train,0.065,30000000000,10,50000000000000,12.5,0.5,30000000000000,6
S65-0516,vth_ss_cliff,train,0.065,10000000000,5,50000000000000,12.5,0.3,70000000000000,3
S65-0517,vth_ss_cliff,train,0.065,100000000000,7,30000000000000,12.5,0.5,50000000000000,3
S65-0518,vth_ss_cliff,train,0.065,30000000000,5,10000000000000,12.5,0.5,30000000000000,3
S65-0519,vth_ss_cliff,train,0.065,30000000000,5,10000000000000,15,0.5,70000000000000,6
S65-0520,vth_ss_cliff,train,0.065,100000000000,5,10000000000000,12.5,0.5,50000000000000,4
S65-0521,vth_ss_cliff,train,0.065,30000000000,15,10000000000000,12.5,0.5,70000000000000,3
S65-0522,vth_ss_cliff,train,0.065,100000000000,10,10000000000000,12.5,0.5,50000000000000,3
S65-0523,vth_ss_cliff,train,0.065,100000000000,15,10000000000000,12.5,0.5,50000000000000,3
S65-0524,vth_ss_cliff,train,0.065,30000000000,10,50000000000000,12.5,0.3,50000000000000,6
S65-0525,vth_ss_cliff,train,0.065,10000000000,7,30000000000000,15,0.3,30000000000000,5
S65-0526,vth_ss_cliff,train,0.065,30000000000,5,10000000000000,10,0.5,30000000000000,5
S65-0527,vth_ss_cliff,train,0.065,100000000000,7,30000000000000,15,0.3,30000000000000,5
S65-0528,vth_ss_cliff,train,0.065,100000000000,5,10000000000000,10,0.2,70000000000000,4
S65-0529,vth_ss_cliff,train,0.065,100000000000,7,10000000000000,15,0.3,70000000000000,5
S65-0530,vth_ss_cliff,train,0.065,10000000000,5,50000000000000,10,0.2,30000000000000,4
S65-0531,vth_ss_cliff,train,0.065,30000000000,10,10000000000000,12.5,0.5,70000000000000,3
S65-0532,vth_ss_cliff,train,0.065,100000000000,12.5,10000000000000,12.5,0.2,30000000000000,3
S65-0533,vth_ss_cliff,train,0.065,100000000000,12.5,30000000000000,15,0.2,30000000000000,3
S65-0534,vth_ss_cliff,train,0.065,100000000000,12.5,50000000000000,12.5,0.2,50000000000000,6
S65-0535,vth_ss_cliff,train,0.065,30000000000,12.5,10000000000000,15,0.3,30000000000000,4
S65-0536,vth_ss_cliff,train,0.065,10000000000,10,50000000000000,12.5,0.5,50000000000000,4
S65-0537,vth_ss_cliff,train,0.065,30000000000,5,30000000000000,12.5,0.5,50000000000000,4
S65-0538,vth_ss_cliff,train,0.065,10000000000,12.5,30000000000000,12.5,0.3,50000000000000,3
S65-0539,vth_ss_cliff,train,0.065,10000000000,5,10000000000000,12.5,0.5,70000000000000,4
S65-0540,vth_ss_cliff,train,0.065,10000000000,5,10000000000000,15,0.3,30000000000000,3
S65-0541,vth_ss_cliff,train,0.065,100000000000,5,30000000000000,10,0.3,70000000000000,5
S65-0542,vth_ss_cliff,train,0.065,100000000000,10,10000000000000,10,0.5,70000000000000,5
S65-0543,vth_ss_cliff,train,0.065,100000000000,10,10000000000000,15,0.5,70000000000000,5
S65-0544,vth_ss_cliff,train,0.065,30000000000,12.5,10000000000000,10,0.3,30000000000000,5
S65-0545,vth_ss_cliff,train,0.065,100000000000,15,10000000000000,10,0.3,70000000000000,6
S65-0546,vth_ss_cliff,train,0.065,30000000000,15,50000000000000,10,0.3,30000000000000,3
S65-0547,vth_ss_cliff,train,0.065,100000000000,5,50000000000000,15,0.3,30000000000000,3
S65-0548,vth_ss_cliff,train,0.065,30000000000,10,50000000000000,15,0.5,70000000000000,3
S65-0549,vth_ss_cliff,train,0.065,10000000000,12.5,30000000000000,10,0.3,70000000000000,6
S65-0550,vth_ss_cliff,train,0.065,10000000000,12.5,50000000000000,12.5,0.2,70000000000000,6
S65-0551,vth_ss_cliff,train,0.065,30000000000,10,30000000000000,10,0.5,30000000000000,5
S65-0552,vth_ss_cliff,train,0.065,10000000000,5,30000000000000,10,0.3,70000000000000,5
S65-0553,vth_ss_cliff,train,0.065,100000000000,10,30000000000000,10,0.2,30000000000000,6
S65-0554,vth_ss_cliff,train,0.065,100000000000,12.5,10000000000000,15,0.3,70000000000000,5
S65-0555,vth_ss_cliff,train,0.065,100000000000,12.5,10000000000000,10,0.3,30000000000000,3
S65-0556,vth_ss_cliff,train,0.065,30000000000,7,10000000000000,12.5,0.3,70000000000000,5
S65-0557,vth_ss_cliff,train,0.065,100000000000,7,10000000000000,12.5,0.3,30000000000000,6
S65-0558,vth_ss_cliff,train,0.065,10000000000,7,10000000000000,12.5,0.3,70000000000000,6
S65-0559,vth_ss_cliff,train,0.065,10000000000,7,10000000000000,12.5,0.5,30000000000000,6
S65-0560,vth_ss_cliff,train,0.065,10000000000,12.5,50000000000000,15,0.5,30000000000000,4
S65-0561,vth_ss_cliff,train,0.065,30000000000,12.5,50000000000000,12.5,0.5,30000000000000,3
S65-0562,vth_ss_cliff,train,0.065,100000000000,12.5,50000000000000,12.5,0.5,70000000000000,3
S65-0563,vth_ss_cliff,train,0.065,10000000000,15,10000000000000,12.5,0.5,70000000000000,4
S65-0564,vth_ss_cliff,train,0.065,30000000000,12.5,10000000000000,12.5,0.2,70000000000000,6
S65-0565,vth_ss_cliff,train,0.065,30000000000,12.5,10000000000000,15,0.3,70000000000000,6
S65-0566,vth_ss_cliff,train,0.065,100000000000,10,50000000000000,10,0.5,30000000000000,6
S65-0567,vth_ss_cliff,train,0.065,100000000000,10,50000000000000,15,0.5,30000000000000,6
S65-0568,vth_ss_cliff,train,0.065,10000000000,15,50000000000000,10,0.5,30000000000000,3
S65-0569,vth_ss_cliff,train,0.065,30000000000,10,10000000000000,10,0.2,30000000000000,3
S65-0570,vth_ss_cliff,train,0.065,10000000000,7,30000000000000,12.5,0.5,50000000000000,3
S65-0571,vth_ss_cliff,train,0.065,10000000000,7,10000000000000,10,0.3,50000000000000,4
S65-0572,vth_ss_cliff,train,0.065,10000000000,10,30000000000000,15,0.2,30000000000000,3
S65-0573,vth_ss_cliff,train,0.065,10000000000,15,50000000000000,12.5,0.2,30000000000000,3
S65-0574,vth_ss_cliff,train,0.065,100000000000,15,50000000000000,12.5,0.2,30000000000000,3
S65-0575,vth_ss_cliff,train,0.065,100000000000,5,30000000000000,12.5,0.2,30000000000000,4
S65-0576,vth_ss_cliff,train,0.065,10000000000,7,10000000000000,12.5,0.2,30000000000000,3
S65-0577,vth_ss_cliff,train,0.065,30000000000,5,30000000000000,12.5,0.3,70000000000000,5
S65-0578,vth_ss_cliff,train,0.065,30000000000,7,30000000000000,12.5,0.5,70000000000000,6
S65-0579,vth_ss_cliff,train,0.065,100000000000,7,10000000000000,12.5,0.2,30000000000000,3
S65-0580,vth_ss_cliff,train,0.065,10000000000,12.5,10000000000000,10,0.3,30000000000000,3
S65-0581,vth_ss_cliff,train,0.065,10000000000,7,50000000000000,15,0.3,50000000000000,3
S65-0582,vth_ss_cliff,train,0.065,10000000000,5,10000000000000,10,0.3,70000000000000,6
S65-0583,vth_ss_cliff,train,0.065,30000000000,5,10000000000000,10,0.2,70000000000000,3
S65-0584,vth_ss_cliff,train,0.065,30000000000,5,10000000000000,15,0.3,30000000000000,3
S65-0585,vth_ss_cliff,train,0.065,30000000000,5,30000000000000,10,0.2,30000000000000,5
S65-0586,vth_ss_cliff,train,0.065,30000000000,5,30000000000000,15,0.2,70000000000000,6
S65-0587,vth_ss_cliff,train,0.065,30000000000,7,10000000000000,10,0.3,30000000000000,6
S65-0588,vth_ss_cliff,train,0.065,100000000000,5,10000000000000,10,0.3,70000000000000,6
S65-0589,vth_ss_cliff,train,0.065,10000000000,10,10000000000000,10,0.5,70000000000000,3
S65-0590,vth_ss_cliff,train,0.065,10000000000,7,30000000000000,12.5,0.2,70000000000000,6
S65-0591,vth_ss_cliff,train,0.065,10000000000,10,10000000000000,12.5,0.3,70000000000000,3
S65-0592,vth_ss_cliff,train,0.065,10000000000,12.5,10000000000000,12.5,0.2,30000000000000,4
S65-0593,vth_ss_cliff,train,0.065,10000000000,15,10000000000000,10,0.5,70000000000000,6
S65-0594,vth_ss_cliff,train,0.065,10000000000,15,10000000000000,15,0.3,70000000000000,3
S65-0595,vth_ss_cliff,train,0.065,10000000000,15,10000000000000,15,0.5,70000000000000,6
S65-0596,vth_ss_cliff,train,0.065,30000000000,5,50000000000000,12.5,0.2,30000000000000,3
S65-0597,vth_ss_cliff,train,0.065,30000000000,10,50000000000000,15,0.2,30000000000000,4
S65-0598,vth_ss_cliff,train,0.065,30000000000,12.5,30000000000000,12.5,0.2,30000000000000,3
S65-0599,vth_ss_cliff,train,0.065,30000000000,15,30000000000000,10,0.5,30000000000000,5
S65-0600,vth_ss_cliff,train,0.065,30000000000,15,30000000000000,15,0.5,30000000000000,5
S65-0601,vth_ss_cliff,train,0.065,100000000000,5,10000000000000,12.5,0.2,70000000000000,6
S65-0602,vth_ss_cliff,train,0.065,100000000000,7,50000000000000,12.5,0.2,30000000000000,6
S65-0603,vth_ss_cliff,train,0.065,100000000000,10,10000000000000,10,0.3,30000000000000,5
S65-0604,vth_ss_cliff,train,0.065,100000000000,12.5,10000000000000,12.5,0.2,70000000000000,6
S65-0605,vth_ss_cliff,train,0.065,100000000000,15,10000000000000,12.5,0.3,30000000000000,6
S65-0606,vth_ss_cliff,train,0.065,10000000000,5,50000000000000,10,0.5,30000000000000,6
S65-0607,vth_ss_cliff,train,0.065,100000000000,5,30000000000000,12.5,0.5,30000000000000,5
S65-0608,vth_ss_cliff,train,0.065,100000000000,5,50000000000000,10,0.5,70000000000000,6
S65-0609,vth_ss_cliff,train,0.065,100000000000,5,50000000000000,15,0.5,70000000000000,6
S65-0610,vth_ss_cliff,train,0.065,30000000000,7,30000000000000,15,0.2,30000000000000,3
S65-0611,vth_ss_cliff,train,0.065,30000000000,7,30000000000000,15,0.5,30000000000000,4
S65-0612,vth_ss_cliff,train,0.065,100000000000,7,50000000000000,10,0.3,30000000000000,4
S65-0613,vth_ss_cliff,train,0.065,10000000000,12.5,30000000000000,15,0.2,50000000000000,6
S65-0614,vth_ss_cliff,train,0.065,10000000000,15,50000000000000,12.5,0.3,50000000000000,6
S65-0615,vth_ss_cliff,train,0.065,10000000000,15,50000000000000,15,0.2,30000000000000,5
S65-0616,vth_ss_cliff,train,0.065,100000000000,15,10000000000000,12.5,0.5,30000000000000,6
S65-0617,vth_ss_cliff,train,0.065,30000000000,12.5,30000000000000,10,0.5,30000000000000,3
S65-0618,vth_ss_cliff,train,0.065,100000000000,12.5,30000000000000,10,0.5,70000000000000,6
S65-0619,vth_ss_cliff,train,0.065,100000000000,15,30000000000000,12.5,0.5,30000000000000,3
S65-0620,vth_ss_cliff,train,0.065,30000000000,5,30000000000000,10,0.3,30000000000000,3
S65-0621,vth_ss_cliff,train,0.065,30000000000,15,30000000000000,15,0.3,30000000000000,3
S65-0622,vth_ss_cliff,train,0.065,100000000000,10,50000000000000,10,0.3,70000000000000,6
S65-0623,vth_ss_cliff,train,0.065,10000000000,15,10000000000000,10,0.2,30000000000000,6
S65-0624,vth_ss_cliff,train,0.065,30000000000,10,30000000000000,15,0.5,70000000000000,5
S65-0625,vth_ss_cliff,train,0.065,100000000000,15,50000000000000,12.5,0.5,70000000000000,6
S65-0626,vth_ss_cliff,train,0.065,30000000000,12.5,50000000000000,12.5,0.3,50000000000000,4
S65-0627,vth_ss_cliff,train,0.065,100000000000,12.5,50000000000000,10,0.2,70000000000000,4
S65-0628,vth_ss_cliff,train,0.065,30000000000,15,50000000000000,12.5,0.2,50000000000000,4
S65-0629,vth_ss_cliff,train,0.065,100000000000,15,50000000000000,10,0.3,70000000000000,4
S65-0630,vth_ss_cliff,train,0.065,10000000000,10,30000000000000,10,0.2,70000000000000,6
S65-0631,vth_ss_cliff,train,0.065,10000000000,10,50000000000000,10,0.3,70000000000000,3
S65-0632,vth_ss_cliff,train,0.065,10000000000,12.5,10000000000000,10,0.5,30000000000000,5
S65-0633,vth_ss_cliff,train,0.065,10000000000,12.5,10000000000000,12.5,0.3,70000000000000,6
S65-0634,vth_ss_cliff,train,0.065,10000000000,15,30000000000000,10,0.3,30000000000000,5
S65-0635,vth_ss_cliff,train,0.065,100000000000,12.5,10000000000000,12.5,0.5,70000000000000,5
S65-0636,vth_ss_cliff,train,0.065,10000000000,15,10000000000000,15,0.5,30000000000000,4
S65-0637,vth_ss_cliff,train,0.065,10000000000,15,50000000000000,15,0.5,70000000000000,3
S65-0638,vth_ss_cliff,train,0.065,100000000000,12.5,30000000000000,10,0.5,30000000000000,4
S65-0639,vth_ss_cliff,train,0.065,100000000000,12.5,30000000000000,15,0.5,30000000000000,4
S65-0640,vth_ss_cliff,train,0.065,10000000000,5,10000000000000,15,0.3,70000000000000,5
S65-0641,vth_ss_cliff,train,0.065,10000000000,10,50000000000000,15,0.3,70000000000000,6
S65-0642,vth_ss_cliff,train,0.065,30000000000,7,10000000000000,12.5,0.2,30000000000000,6
S65-0643,vth_ss_cliff,train,0.065,100000000000,10,30000000000000,12.5,0.2,70000000000000,5
S65-0644,vth_ss_cliff,train,0.065,100000000000,15,30000000000000,12.5,0.2,70000000000000,5
S65-0645,vth_ss_cliff,train,0.065,10000000000,5,10000000000000,12.5,0.2,30000000000000,5
S65-0646,vth_ss_cliff,train,0.065,30000000000,5,10000000000000,12.5,0.3,70000000000000,3
S65-0647,vth_ss_cliff,train,0.065,10000000000,10,10000000000000,10,0.2,70000000000000,6
S65-0648,vth_ss_cliff,train,0.065,30000000000,7,10000000000000,15,0.2,30000000000000,5
S65-0649,vth_ss_cliff,train,0.065,30000000000,10,10000000000000,15,0.2,30000000000000,3
S65-0650,vth_ss_cliff,train,0.065,100000000000,7,10000000000000,12.5,0.5,70000000000000,6
S65-0651,vth_ss_cliff,train,0.065,10000000000,10,50000000000000,12.5,0.3,30000000000000,4
S65-0652,vth_ss_cliff,train,0.065,10000000000,12.5,30000000000000,10,0.5,30000000000000,5
S65-0653,vth_ss_cliff,train,0.065,100000000000,10,50000000000000,15,0.3,30000000000000,6
S65-0654,vth_ss_cliff,train,0.065,30000000000,12.5,30000000000000,10,0.3,30000000000000,4
S65-0655,vth_ss_cliff,train,0.065,30000000000,12.5,50000000000000,15,0.5,30000000000000,4
S65-0656,vth_ss_cliff,train,0.065,100000000000,15,30000000000000,12.5,0.3,70000000000000,3
S65-0657,vth_ss_cliff,train,0.065,100000000000,15,50000000000000,15,0.2,30000000000000,4
S65-0658,vth_ss_cliff,train,0.065,10000000000,7,50000000000000,12.5,0.3,70000000000000,5
S65-0659,vth_ss_cliff,train,0.065,30000000000,5,50000000000000,10,0.3,30000000000000,6
S65-0660,vth_ss_cliff,train,0.065,30000000000,7,50000000000000,10,0.2,70000000000000,6
S65-0661,vth_ss_cliff,train,0.065,30000000000,5,30000000000000,15,0.3,70000000000000,3
S65-0662,vth_ss_cliff,train,0.065,30000000000,10,30000000000000,10,0.2,30000000000000,4
S65-0663,vth_ss_cliff,train,0.065,30000000000,7,30000000000000,12.5,0.2,70000000000000,4
S65-0664,vth_ss_cliff,train,0.065,30000000000,7,50000000000000,10,0.5,30000000000000,5
S65-0665,vth_ss_cliff,train,0.065,30000000000,10,50000000000000,10,0.3,70000000000000,5
S65-0666,vth_ss_cliff,train,0.065,10000000000,10,30000000000000,12.5,0.2,30000000000000,5
S65-0667,vth_ss_cliff,train,0.065,10000000000,15,50000000000000,12.5,0.3,70000000000000,4
S65-0668,vth_ss_cliff,train,0.065,10000000000,12.5,30000000000000,12.5,0.3,30000000000000,5
S65-0669,vth_ss_cliff,train,0.065,10000000000,15,30000000000000,15,0.3,30000000000000,4
S65-0670,vth_ss_cliff,train,0.065,30000000000,10,10000000000000,15,0.5,70000000000000,4
S65-0671,vth_ss_cliff,train,0.065,30000000000,15,10000000000000,10,0.2,70000000000000,4
S65-0672,vth_ss_cliff,train,0.065,30000000000,15,10000000000000,15,0.5,70000000000000,4
S65-0673,vth_ss_cliff,train,0.065,100000000000,10,10000000000000,15,0.2,70000000000000,4
S65-0674,vth_ss_cliff,train,0.065,100000000000,10,30000000000000,10,0.2,30000000000000,4
S65-0675,vth_ss_cliff,train,0.065,100000000000,15,10000000000000,10,0.5,70000000000000,4
S65-0676,vth_ss_cliff,train,0.065,30000000000,15,10000000000000,12.5,0.3,70000000000000,3
S65-0677,vth_ss_cliff,train,0.065,100000000000,7,10000000000000,15,0.3,70000000000000,3
S65-0678,vth_ss_cliff,train,0.065,100000000000,10,10000000000000,12.5,0.3,70000000000000,3
S65-0679,vth_ss_cliff,train,0.065,100000000000,12.5,30000000000000,10,0.3,30000000000000,3
S65-0680,vth_ss_cliff,train,0.065,10000000000,12.5,30000000000000,15,0.5,30000000000000,6
S65-0681,vth_ss_cliff,train,0.065,30000000000,12.5,10000000000000,15,0.5,30000000000000,5
S65-0682,vth_ss_cliff,train,0.065,10000000000,12.5,30000000000000,12.5,0.5,30000000000000,4
S65-0683,vth_ss_cliff,train,0.065,10000000000,15,50000000000000,12.5,0.5,30000000000000,6
S65-0684,vth_ss_cliff,train,0.065,10000000000,5,50000000000000,15,0.5,50000000000000,6
S65-0685,vth_ss_cliff,train,0.065,30000000000,15,30000000000000,12.5,0.5,50000000000000,3
S65-0686,vth_ss_cliff,train,0.065,10000000000,7,30000000000000,12.5,0.5,30000000000000,6
S65-0687,vth_ss_cliff,train,0.065,10000000000,7,50000000000000,15,0.5,30000000000000,3
S65-0688,vth_ss_cliff,train,0.065,30000000000,5,30000000000000,10,0.5,30000000000000,3
S65-0689,vth_ss_cliff,train,0.065,30000000000,5,50000000000000,12.5,0.5,30000000000000,6
S65-0690,vth_ss_cliff,train,0.065,30000000000,7,30000000000000,12.5,0.2,70000000000000,6
S65-0691,vth_ss_cliff,train,0.065,30000000000,7,50000000000000,12.5,0.3,30000000000000,5
S65-0692,vth_ss_cliff,train,0.065,100000000000,5,30000000000000,10,0.2,30000000000000,6
S65-0693,vth_ss_cliff,train,0.065,100000000000,7,30000000000000,10,0.5,70000000000000,3
S65-0694,vth_ss_cliff,train,0.065,100000000000,7,30000000000000,15,0.5,30000000000000,3
S65-0695,vth_ss_cliff,train,0.065,10000000000,12.5,10000000000000,15,0.3,50000000000000,6
S65-0696,vth_ss_cliff,train,0.065,100000000000,10,30000000000000,12.5,0.5,30000000000000,6
S65-0697,vth_ss_cliff,train,0.065,30000000000,10,10000000000000,10,0.5,30000000000000,4
S65-0698,vth_ss_cliff,train,0.065,30000000000,15,10000000000000,10,0.5,30000000000000,4
S65-0699,vth_ss_cliff,train,0.065,10000000000,10,10000000000000,12.5,0.2,50000000000000,6
S65-0700,vth_ss_cliff,train,0.065,10000000000,15,10000000000000,15,0.2,50000000000000,6
S65-0701,global_space_fill,train,0.065,30000000000,12.5,200000000000000,7,0.1,1000000000000,9
S65-0702,global_space_fill,train,0.065,100000000000,15,50000000000000,7,0.5,1000000000000,9
S65-0703,global_space_fill,train,0.065,100000000000,5,10000000000000,7,0.2,1000000000000,9
S65-0704,global_space_fill,train,0.065,10000000000,10,200000000000000,7,0.5,1000000000000,9
S65-0705,global_space_fill,train,0.065,30000000000,15,200000000000000,7,0.3,100000000000000,9
S65-0706,global_space_fill,train,0.065,100000000000,10,200000000000000,15,0.1,1000000000000,9
S65-0707,global_space_fill,train,0.065,30000000000,15,10000000000000,7,0.1,1000000000000,6
S65-0708,global_space_fill,train,0.065,10000000000,5,30000000000000,15,0.1,1000000000000,9
S65-0709,global_space_fill,train,0.065,100000000000,5,200000000000000,7,0.5,1000000000000,9
S65-0710,global_space_fill,train,0.065,100000000000,12.5,10000000000000,15,0.2,1000000000000,9
S65-0711,global_space_fill,train,0.065,100000000000,15,10000000000000,7,0.1,70000000000000,9
S65-0712,global_space_fill,train,0.065,10000000000,7,10000000000000,7,0.1,3000000000000,9
S65-0713,global_space_fill,train,0.065,10000000000,15,200000000000000,15,0.1,1000000000000,9
S65-0714,global_space_fill,train,0.065,10000000000,15,10000000000000,12.5,0.5,1000000000000,9
S65-0715,global_space_fill,train,0.065,100000000000,15,200000000000000,15,0.1,100000000000000,9
S65-0716,global_space_fill,train,0.065,100000000000,5,200000000000000,10,0.5,100000000000000,9
S65-0717,global_space_fill,train,0.065,100000000000,5,10000000000000,12.5,0.5,1000000000000,9
S65-0718,global_space_fill,train,0.065,10000000000,5,10000000000000,12.5,0.5,1000000000000,9
S65-0719,global_space_fill,train,0.065,10000000000,10,200000000000000,7,0.1,1000000000000,4
S65-0720,global_space_fill,train,0.065,30000000000,5,10000000000000,7,0.1,1000000000000,3
S65-0721,global_space_fill,train,0.065,10000000000,10,200000000000000,15,0.5,1000000000000,9
S65-0722,global_space_fill,train,0.065,100000000000,5,200000000000000,15,0.1,100000000000000,9
S65-0723,global_space_fill,train,0.065,100000000000,5,200000000000000,7,0.1,3000000000000,7
S65-0724,global_space_fill,train,0.065,10000000000,15,10000000000000,12.5,0.1,1000000000000,9
S65-0725,global_space_fill,train,0.065,30000000000,10,10000000000000,7,0.5,1000000000000,7
S65-0726,global_space_fill,train,0.065,30000000000,5,200000000000000,7,0.1,100000000000000,9
S65-0727,global_space_fill,train,0.065,10000000000,5,200000000000000,15,0.1,100000000000000,9
S65-0728,global_space_fill,train,0.065,100000000000,15,10000000000000,12.5,0.1,1000000000000,3
S65-0729,global_space_fill,train,0.065,100000000000,5,10000000000000,7,0.5,70000000000000,9
S65-0730,global_space_fill,train,0.065,100000000000,10,200000000000000,15,0.5,1000000000000,9
S65-0731,global_space_fill,train,0.065,10000000000,15,30000000000000,7,0.1,100000000000000,9
S65-0732,global_space_fill,train,0.065,100000000000,5,10000000000000,15,0.1,1000000000000,6
S65-0733,global_space_fill,train,0.065,10000000000,5,200000000000000,7,0.2,3000000000000,9
S65-0734,global_space_fill,train,0.065,100000000000,12.5,100000000000000,7,0.1,1000000000000,4
S65-0735,global_space_fill,train,0.065,10000000000,15,30000000000000,7,0.3,1000000000000,9
S65-0736,global_space_fill,train,0.065,30000000000,5,200000000000000,12.5,0.3,1000000000000,9
S65-0737,global_space_fill,train,0.065,30000000000,15,200000000000000,7,0.1,30000000000000,3
S65-0738,global_space_fill,train,0.065,30000000000,15,200000000000000,7,0.5,1000000000000,5
S65-0739,global_space_fill,train,0.065,10000000000,12.5,10000000000000,7,0.3,1000000000000,3
S65-0740,global_space_fill,train,0.065,30000000000,15,50000000000000,12.5,0.3,3000000000000,9
S65-0741,global_space_fill,train,0.065,100000000000,12.5,10000000000000,7,0.3,1000000000000,3
S65-0742,global_space_fill,train,0.065,30000000000,5,200000000000000,7,0.1,100000000000000,3
S65-0743,global_space_fill,train,0.065,100000000000,15,200000000000000,12.5,0.5,30000000000000,9
S65-0744,global_space_fill,train,0.065,10000000000,10,200000000000000,10,0.5,100000000000000,9
S65-0745,global_space_fill,train,0.065,100000000000,5,10000000000000,7,0.5,1000000000000,4
S65-0746,global_space_fill,train,0.065,100000000000,15,200000000000000,7,0.5,100000000000000,6
S65-0747,global_space_fill,train,0.065,100000000000,5,200000000000000,7,0.5,100000000000000,4
S65-0748,global_space_fill,train,0.065,100000000000,15,10000000000000,12.5,0.5,3000000000000,9
S65-0749,global_space_fill,train,0.065,10000000000,15,10000000000000,7,0.5,70000000000000,9
S65-0750,global_space_fill,train,0.065,10000000000,5,10000000000000,15,0.1,1000000000000,4
S65-0751,global_space_fill,train,0.065,100000000000,10,100000000000000,7,0.3,10000000000000,9
S65-0752,global_space_fill,train,0.065,30000000000,5,200000000000000,15,0.5,30000000000000,9
S65-0753,global_space_fill,train,0.065,10000000000,5,30000000000000,7,0.3,1000000000000,6
S65-0754,global_space_fill,train,0.065,100000000000,5,10000000000000,7,0.1,70000000000000,3
S65-0755,global_space_fill,train,0.065,100000000000,5,10000000000000,7,0.1,70000000000000,9
S65-0756,global_space_fill,train,0.065,100000000000,10,10000000000000,15,0.1,70000000000000,9
S65-0757,global_space_fill,train,0.065,10000000000,15,200000000000000,15,0.3,30000000000000,9
S65-0758,global_space_fill,train,0.065,30000000000,7,50000000000000,10,0.1,1000000000000,7
S65-0759,global_space_fill,train,0.065,30000000000,10,10000000000000,7,0.3,100000000000000,9
S65-0760,global_space_fill,train,0.065,100000000000,15,200000000000000,7,0.1,30000000000000,7
S65-0761,global_space_fill,train,0.065,10000000000,5,10000000000000,7,0.5,3000000000000,3
S65-0762,global_space_fill,train,0.065,30000000000,10,10000000000000,15,0.5,1000000000000,7
S65-0763,global_space_fill,train,0.065,30000000000,15,10000000000000,7,0.1,100000000000000,3
S65-0764,global_space_fill,train,0.065,10000000000,5,200000000000000,7,0.5,1000000000000,5
S65-0765,global_space_fill,train,0.065,10000000000,7,10000000000000,15,0.1,70000000000000,9
S65-0766,global_space_fill,train,0.065,100000000000,15,50000000000000,10,0.1,1000000000000,9
S65-0767,global_space_fill,train,0.065,30000000000,5,50000000000000,7,0.5,10000000000000,9
S65-0768,global_space_fill,train,0.065,10000000000,12.5,200000000000000,7,0.3,10000000000000,6
S65-0769,global_space_fill,train,0.065,100000000000,10,200000000000000,15,0.1,100000000000000,5
S65-0770,global_space_fill,train,0.065,30000000000,10,50000000000000,15,0.1,10000000000000,9
S65-0771,global_space_fill,train,0.065,10000000000,12.5,200000000000000,10,0.1,30000000000000,9
S65-0772,global_space_fill,train,0.065,100000000000,12.5,10000000000000,7,0.3,3000000000000,9
S65-0773,global_space_fill,train,0.065,10000000000,10,10000000000000,15,0.3,3000000000000,9
S65-0774,global_space_fill,train,0.065,10000000000,15,50000000000000,10,0.1,1000000000000,6
S65-0775,global_space_fill,train,0.065,10000000000,12.5,10000000000000,12.5,0.1,1000000000000,3
S65-0776,global_space_fill,train,0.065,30000000000,15,50000000000000,7,0.3,3000000000000,3
S65-0777,global_space_fill,train,0.065,100000000000,15,50000000000000,15,0.1,1000000000000,6
S65-0778,global_space_fill,train,0.065,100000000000,5,100000000000000,7,0.2,10000000000000,3
S65-0779,global_space_fill,train,0.065,100000000000,5,50000000000000,15,0.3,3000000000000,9
S65-0780,global_space_fill,train,0.065,100000000000,10,100000000000000,7,0.5,3000000000000,5
S65-0781,global_space_fill,train,0.065,30000000000,5,10000000000000,12.5,0.3,1000000000000,6
S65-0782,global_space_fill,train,0.065,30000000000,10,200000000000000,10,0.1,100000000000000,6
S65-0783,global_space_fill,train,0.065,10000000000,15,10000000000000,12.5,0.1,50000000000000,9
S65-0784,global_space_fill,train,0.065,30000000000,10,200000000000000,7,0.5,30000000000000,3
S65-0785,global_space_fill,train,0.065,100000000000,10,10000000000000,10,0.1,1000000000000,6
S65-0786,global_space_fill,train,0.065,100000000000,12.5,200000000000000,10,0.3,1000000000000,7
S65-0787,global_space_fill,train,0.065,30000000000,12.5,50000000000000,7,0.5,30000000000000,9
S65-0788,global_space_fill,train,0.065,30000000000,5,200000000000000,15,0.1,1000000000000,6
S65-0789,global_space_fill,train,0.065,30000000000,15,200000000000000,12.5,0.1,3000000000000,6
S65-0790,global_space_fill,train,0.065,30000000000,10,200000000000000,12.5,0.3,50000000000000,9
S65-0791,global_space_fill,train,0.065,30000000000,15,200000000000000,10,0.5,1000000000000,9
S65-0792,global_space_fill,train,0.065,10000000000,10,10000000000000,12.5,0.5,100000000000000,9
S65-0793,global_space_fill,train,0.065,30000000000,7,200000000000000,7,0.3,3000000000000,6
S65-0794,global_space_fill,train,0.065,30000000000,10,30000000000000,7,0.5,1000000000000,3
S65-0795,global_space_fill,train,0.065,30000000000,12.5,10000000000000,15,0.1,1000000000000,6
S65-0796,global_space_fill,train,0.065,30000000000,15,50000000000000,7,0.2,10000000000000,7
S65-0797,global_space_fill,train,0.065,10000000000,7,50000000000000,7,0.1,10000000000000,3
S65-0798,global_space_fill,train,0.065,10000000000,7,200000000000000,12.5,0.1,3000000000000,9
S65-0799,global_space_fill,train,0.065,10000000000,5,50000000000000,12.5,0.3,10000000000000,9
S65-0800,global_space_fill,train,0.065,10000000000,5,200000000000000,7,0.3,30000000000000,4
S65-0801,global_space_fill,train,0.065,10000000000,5,200000000000000,12.5,0.1,100000000000000,3
S65-0802,global_space_fill,train,0.065,30000000000,7,200000000000000,7,0.5,100000000000000,7
S65-0803,global_space_fill,train,0.065,10000000000,15,200000000000000,7,0.5,100000000000000,6
S65-0804,global_space_fill,train,0.065,10000000000,15,200000000000000,12.5,0.1,100000000000000,3
S65-0805,global_space_fill,train,0.065,100000000000,15,10000000000000,7,0.5,3000000000000,6
S65-0806,global_space_fill,train,0.065,10000000000,15,10000000000000,7,0.5,3000000000000,6
S65-0807,global_space_fill,train,0.065,30000000000,5,50000000000000,15,0.5,1000000000000,9
S65-0808,global_space_fill,train,0.065,100000000000,10,50000000000000,15,0.5,30000000000000,9
S65-0809,global_space_fill,train,0.065,100000000000,10,10000000000000,15,0.3,1000000000000,4
S65-0810,global_space_fill,train,0.065,30000000000,5,100000000000000,7,0.1,1000000000000,3
S65-0811,global_space_fill,train,0.065,10000000000,15,30000000000000,7,0.1,10000000000000,3
S65-0812,global_space_fill,train,0.065,100000000000,12.5,50000000000000,10,0.2,100000000000000,9
S65-0813,global_space_fill,train,0.065,100000000000,15,200000000000000,15,0.3,3000000000000,9
S65-0814,global_space_fill,train,0.065,100000000000,15,200000000000000,7,0.3,10000000000000,3
S65-0815,global_space_fill,train,0.065,10000000000,10,10000000000000,10,0.3,1000000000000,7
S65-0816,global_space_fill,train,0.065,100000000000,15,10000000000000,7,0.1,10000000000000,4
S65-0817,global_space_fill,train,0.065,30000000000,12.5,30000000000000,15,0.3,100000000000000,9
S65-0818,global_space_fill,train,0.065,100000000000,5,50000000000000,7,0.3,1000000000000,6
S65-0819,global_space_fill,train,0.065,10000000000,5,30000000000000,7,0.1,100000000000000,9
S65-0820,global_space_fill,train,0.065,30000000000,7,10000000000000,12.5,0.1,3000000000000,9
S65-0821,global_space_fill,train,0.065,10000000000,10,50000000000000,7,0.3,30000000000000,9
S65-0822,global_space_fill,train,0.065,10000000000,10,30000000000000,10,0.5,3000000000000,9
S65-0823,global_space_fill,train,0.065,100000000000,5,10000000000000,15,0.5,30000000000000,9
S65-0824,global_space_fill,train,0.065,10000000000,10,100000000000000,10,0.3,1000000000000,7
S65-0825,global_space_fill,train,0.065,30000000000,15,200000000000000,10,0.3,70000000000000,5
S65-0826,global_space_fill,train,0.065,30000000000,5,30000000000000,7,0.2,10000000000000,9
S65-0827,global_space_fill,train,0.065,30000000000,15,200000000000000,15,0.1,70000000000000,6
S65-0828,global_space_fill,train,0.065,10000000000,5,10000000000000,7,0.5,3000000000000,9
S65-0829,global_space_fill,train,0.065,100000000000,10,30000000000000,7,0.1,10000000000000,7
S65-0830,global_space_fill,train,0.065,10000000000,15,200000000000000,7,0.1,100000000000000,6
S65-0831,global_space_fill,train,0.065,100000000000,5,200000000000000,10,0.2,30000000000000,9
S65-0832,global_space_fill,train,0.065,30000000000,15,10000000000000,12.5,0.5,30000000000000,9
S65-0833,global_space_fill,train,0.065,30000000000,12.5,10000000000000,10,0.2,10000000000000,9
S65-0834,global_space_fill,train,0.065,100000000000,10,200000000000000,7,0.1,100000000000000,3
S65-0835,global_space_fill,train,0.065,30000000000,5,30000000000000,10,0.5,1000000000000,7
S65-0836,global_space_fill,train,0.065,100000000000,15,30000000000000,15,0.1,10000000000000,9
S65-0837,global_space_fill,train,0.065,100000000000,7,10000000000000,7,0.5,3000000000000,9
S65-0838,global_space_fill,train,0.065,10000000000,15,50000000000000,7,0.5,1000000000000,3
S65-0839,global_space_fill,train,0.065,30000000000,10,50000000000000,7,0.3,1000000000000,9
S65-0840,global_space_fill,train,0.065,100000000000,15,10000000000000,7,0.3,100000000000000,3
S65-0841,global_space_fill,train,0.065,30000000000,5,50000000000000,7,0.5,10000000000000,4
S65-0842,global_space_fill,train,0.065,10000000000,10,10000000000000,7,0.1,70000000000000,7
S65-0843,global_space_fill,train,0.065,100000000000,10,30000000000000,7,0.5,100000000000000,7
S65-0844,global_space_fill,train,0.065,10000000000,5,200000000000000,10,0.3,100000000000000,9
S65-0845,global_space_fill,train,0.065,10000000000,5,200000000000000,10,0.5,10000000000000,9
S65-0846,global_space_fill,train,0.065,10000000000,15,200000000000000,7,0.5,10000000000000,9
S65-0847,global_space_fill,train,0.065,100000000000,5,30000000000000,12.5,0.1,30000000000000,9
S65-0848,global_space_fill,train,0.065,100000000000,5,100000000000000,12.5,0.1,3000000000000,7
S65-0849,global_space_fill,train,0.065,100000000000,10,200000000000000,7,0.3,100000000000000,6
S65-0850,global_space_fill,train,0.065,100000000000,15,200000000000000,15,0.3,100000000000000,6
S65-0851,global_space_fill,train,0.065,30000000000,15,10000000000000,7,0.3,100000000000000,6
S65-0852,global_space_fill,train,0.065,30000000000,7,200000000000000,15,0.5,100000000000000,5
S65-0853,global_space_fill,train,0.065,10000000000,5,10000000000000,15,0.5,3000000000000,5
S65-0854,global_space_fill,train,0.065,30000000000,15,30000000000000,10,0.5,1000000000000,7
S65-0855,global_space_fill,train,0.065,100000000000,5,30000000000000,10,0.1,1000000000000,4
S65-0856,global_space_fill,train,0.065,100000000000,10,50000000000000,15,0.1,1000000000000,3
S65-0857,global_space_fill,train,0.065,100000000000,15,10000000000000,15,0.3,50000000000000,9
S65-0858,global_space_fill,train,0.065,30000000000,5,10000000000000,15,0.3,100000000000000,9
S65-0859,global_space_fill,train,0.065,100000000000,5,200000000000000,12.5,0.1,30000000000000,3
S65-0860,global_space_fill,train,0.065,100000000000,15,30000000000000,10,0.3,1000000000000,6
S65-0861,global_space_fill,train,0.065,30000000000,12.5,200000000000000,15,0.5,10000000000000,9
S65-0862,global_space_fill,train,0.065,30000000000,15,10000000000000,10,0.2,3000000000000,3
S65-0863,global_space_fill,train,0.065,10000000000,5,30000000000000,7,0.5,100000000000000,9
S65-0864,global_space_fill,train,0.065,30000000000,10,10000000000000,7,0.3,10000000000000,6
S65-0865,global_space_fill,train,0.065,10000000000,5,10000000000000,10,0.1,1000000000000,6
S65-0866,global_space_fill,train,0.065,100000000000,5,50000000000000,7,0.3,100000000000000,9
S65-0867,global_space_fill,train,0.065,10000000000,10,200000000000000,7,0.1,70000000000000,3
S65-0868,global_space_fill,train,0.065,100000000000,5,10000000000000,7,0.3,100000000000000,6
S65-0869,global_space_fill,train,0.065,10000000000,10,200000000000000,15,0.1,1000000000000,6
S65-0870,global_space_fill,train,0.065,10000000000,15,50000000000000,15,0.5,1000000000000,7
S65-0871,global_space_fill,train,0.065,10000000000,10,10000000000000,7,0.1,3000000000000,5
S65-0872,global_space_fill,train,0.065,100000000000,10,200000000000000,10,0.1,10000000000000,6
S65-0873,global_space_fill,train,0.065,100000000000,5,200000000000000,7,0.5,1000000000000,3
S65-0874,global_space_fill,train,0.065,100000000000,15,50000000000000,7,0.5,1000000000000,3
S65-0875,global_space_fill,train,0.065,10000000000,15,10000000000000,12.5,0.5,1000000000000,4
S65-0876,global_space_fill,train,0.065,100000000000,10,10000000000000,10,0.5,3000000000000,3
S65-0877,global_space_fill,train,0.065,100000000000,10,30000000000000,10,0.5,1000000000000,7
S65-0878,global_space_fill,train,0.065,30000000000,10,50000000000000,7,0.1,70000000000000,9
S65-0879,global_space_fill,train,0.065,30000000000,12.5,50000000000000,10,0.1,1000000000000,3
S65-0880,global_space_fill,train,0.065,100000000000,7,100000000000000,10,0.3,1000000000000,9
S65-0881,global_space_fill,train,0.065,100000000000,15,200000000000000,12.5,0.1,70000000000000,3
S65-0882,global_space_fill,train,0.065,10000000000,10,50000000000000,7,0.5,1000000000000,6
S65-0883,global_space_fill,train,0.065,10000000000,15,50000000000000,15,0.1,10000000000000,9
S65-0884,global_space_fill,train,0.065,10000000000,15,200000000000000,7,0.3,1000000000000,3
S65-0885,global_space_fill,train,0.065,100000000000,15,200000000000000,7,0.5,10000000000000,9
S65-0886,global_space_fill,train,0.065,100000000000,5,200000000000000,7,0.1,100000000000000,6
S65-0887,global_space_fill,train,0.065,100000000000,12.5,200000000000000,10,0.5,70000000000000,3
S65-0888,global_space_fill,train,0.065,30000000000,5,200000000000000,10,0.1,10000000000000,7
S65-0889,global_space_fill,train,0.065,10000000000,15,200000000000000,10,0.3,3000000000000,9
S65-0890,global_space_fill,train,0.065,10000000000,5,100000000000000,15,0.3,1000000000000,7
S65-0891,global_space_fill,train,0.065,100000000000,10,100000000000000,12.5,0.2,10000000000000,9
S65-0892,global_space_fill,train,0.065,10000000000,15,10000000000000,15,0.3,1000000000000,6
S65-0893,global_space_fill,train,0.065,30000000000,15,50000000000000,10,0.1,100000000000000,6
S65-0894,global_space_fill,train,0.065,100000000000,5,200000000000000,15,0.3,100000000000000,6
S65-0895,global_space_fill,train,0.065,100000000000,7,50000000000000,10,0.5,10000000000000,9
S65-0896,global_space_fill,train,0.065,30000000000,10,200000000000000,10,0.5,10000000000000,9
S65-0897,global_space_fill,train,0.065,100000000000,12.5,30000000000000,15,0.5,1000000000000,7
S65-0898,global_space_fill,train,0.065,100000000000,7,200000000000000,15,0.5,10000000000000,7
S65-0899,global_space_fill,train,0.065,30000000000,7,10000000000000,12.5,0.1,3000000000000,3
S65-0900,global_space_fill,train,0.065,30000000000,10,100000000000000,7,0.1,10000000000000,5
S65-0901,blind_validation,holdout,0.065,100000000000,15,200000000000000,7,0.1,100000000000000,3
S65-0902,blind_validation,holdout,0.065,30000000000,5,10000000000000,7,0.5,100000000000000,9
S65-0903,blind_validation,holdout,0.065,10000000000,15,200000000000000,7,0.3,100000000000000,9
S65-0904,blind_validation,holdout,0.065,100000000000,15,200000000000000,15,0.1,70000000000000,9
S65-0905,blind_validation,holdout,0.065,100000000000,15,200000000000000,7,0.5,1000000000000,9
S65-0906,blind_validation,holdout,0.065,100000000000,5,200000000000000,10,0.1,1000000000000,9
S65-0907,blind_validation,holdout,0.065,30000000000,7,10000000000000,15,0.5,1000000000000,9
S65-0908,blind_validation,holdout,0.065,100000000000,5,200000000000000,7,0.1,100000000000000,3
S65-0909,blind_validation,holdout,0.065,100000000000,5,10000000000000,7,0.1,3000000000000,3
S65-0910,blind_validation,holdout,0.065,10000000000,5,50000000000000,7,0.5,3000000000000,9
S65-0911,blind_validation,holdout,0.065,100000000000,5,50000000000000,7,0.5,3000000000000,9
S65-0912,blind_validation,holdout,0.065,10000000000,5,200000000000000,15,0.1,70000000000000,9
S65-0913,blind_validation,holdout,0.065,100000000000,15,200000000000000,7,0.2,30000000000000,9
S65-0914,blind_validation,holdout,0.065,10000000000,15,200000000000000,7,0.1,3000000000000,9
S65-0915,blind_validation,holdout,0.065,10000000000,5,200000000000000,7,0.1,10000000000000,9
S65-0916,blind_validation,holdout,0.065,10000000000,15,200000000000000,7,0.5,1000000000000,9
S65-0917,blind_validation,holdout,0.065,100000000000,15,30000000000000,7,0.5,30000000000000,9
S65-0918,blind_validation,holdout,0.065,100000000000,12.5,10000000000000,15,0.1,1000000000000,7
S65-0919,blind_validation,holdout,0.065,30000000000,15,100000000000000,15,0.3,1000000000000,9
S65-0920,blind_validation,holdout,0.065,10000000000,5,50000000000000,15,0.3,3000000000000,9
S65-0921,blind_validation,holdout,0.065,10000000000,12.5,200000000000000,7,0.1,100000000000000,5
S65-0922,blind_validation,holdout,0.065,100000000000,5,30000000000000,7,0.5,1000000000000,4
S65-0923,blind_validation,holdout,0.065,10000000000,12.5,10000000000000,7,0.5,100000000000000,9
S65-0924,blind_validation,holdout,0.065,100000000000,5,200000000000000,7,0.2,30000000000000,9
S65-0925,blind_validation,holdout,0.065,100000000000,5,10000000000000,7,0.2,100000000000000,9
S65-0926,blind_validation,holdout,0.065,10000000000,15,30000000000000,12.5,0.5,1000000000000,9
S65-0927,blind_validation,holdout,0.065,10000000000,12.5,200000000000000,7,0.1,1000000000000,4
S65-0928,blind_validation,holdout,0.065,100000000000,5,200000000000000,15,0.1,100000000000000,6
S65-0929,blind_validation,holdout,0.065,100000000000,12.5,10000000000000,10,0.1,1000000000000,3
S65-0930,blind_validation,holdout,0.065,30000000000,15,200000000000000,10,0.1,10000000000000,6
S65-0931,blind_validation,holdout,0.065,30000000000,15,10000000000000,15,0.1,100000000000000,9
S65-0932,blind_validation,holdout,0.065,30000000000,10,200000000000000,15,0.1,100000000000000,3
S65-0933,blind_validation,holdout,0.065,30000000000,15,50000000000000,7,0.3,1000000000000,9
S65-0934,blind_validation,holdout,0.065,30000000000,5,10000000000000,15,0.1,1000000000000,4
S65-0935,blind_validation,holdout,0.065,100000000000,12.5,10000000000000,15,0.5,1000000000000,5
S65-0936,blind_validation,holdout,0.065,100000000000,5,10000000000000,12.5,0.5,1000000000000,6
S65-0937,blind_validation,holdout,0.065,30000000000,5,50000000000000,10,0.1,1000000000000,3
S65-0938,blind_validation,holdout,0.065,30000000000,5,50000000000000,10,0.3,10000000000000,9
S65-0939,blind_validation,holdout,0.065,100000000000,12.5,200000000000000,15,0.1,1000000000000,9
S65-0940,blind_validation,holdout,0.065,100000000000,10,10000000000000,7,0.1,100000000000000,4
S65-0941,blind_validation,holdout,0.065,100000000000,10,30000000000000,12.5,0.5,100000000000000,9
S65-0942,blind_validation,holdout,0.065,100000000000,10,200000000000000,7,0.5,3000000000000,5
S65-0943,blind_validation,holdout,0.065,30000000000,5,100000000000000,12.5,0.5,1000000000000,9
S65-0944,blind_validation,holdout,0.065,100000000000,5,200000000000000,7,0.1,1000000000000,3
S65-0945,blind_validation,holdout,0.065,30000000000,10,200000000000000,12.5,0.2,100000000000000,9
S65-0946,blind_validation,holdout,0.065,30000000000,15,100000000000000,7,0.3,3000000000000,4
S65-0947,blind_validation,holdout,0.065,100000000000,15,30000000000000,15,0.2,10000000000000,9
S65-0948,blind_validation,holdout,0.065,30000000000,5,50000000000000,7,0.1,1000000000000,9
S65-0949,blind_validation,holdout,0.065,30000000000,15,200000000000000,7,0.5,50000000000000,7
S65-0950,blind_validation,holdout,0.065,30000000000,5,10000000000000,7,0.3,1000000000000,5
S65-0951,blind_validation,holdout,0.065,100000000000,15,30000000000000,10,0.1,100000000000000,9
S65-0952,blind_validation,holdout,0.065,100000000000,10,100000000000000,10,0.3,3000000000000,9
S65-0953,blind_validation,holdout,0.065,10000000000,15,50000000000000,10,0.3,10000000000000,9
S65-0954,blind_validation,holdout,0.065,10000000000,5,200000000000000,7,0.3,100000000000000,3
S65-0955,blind_validation,holdout,0.065,30000000000,15,30000000000000,12.5,0.1,1000000000000,6
S65-0956,blind_validation,holdout,0.065,30000000000,5,10000000000000,10,0.1,50000000000000,7
S65-0957,blind_validation,holdout,0.065,10000000000,5,100000000000000,7,0.3,1000000000000,3
S65-0958,blind_validation,holdout,0.065,100000000000,5,200000000000000,7,0.5,100000000000000,3
S65-0959,blind_validation,holdout,0.065,10000000000,5,10000000000000,10,0.3,100000000000000,9
S65-0960,blind_validation,holdout,0.065,100000000000,12.5,10000000000000,7,0.3,1000000000000,9
S65-0961,blind_validation,holdout,0.065,10000000000,5,10000000000000,12.5,0.5,1000000000000,6
S65-0962,blind_validation,holdout,0.065,100000000000,12.5,30000000000000,7,0.3,10000000000000,3
S65-0963,blind_validation,holdout,0.065,10000000000,5,200000000000000,10,0.1,1000000000000,6
S65-0964,blind_validation,holdout,0.065,30000000000,7,200000000000000,7,0.2,100000000000000,6
S65-0965,blind_validation,holdout,0.065,10000000000,10,200000000000000,12.5,0.5,100000000000000,9
S65-0966,blind_validation,holdout,0.065,10000000000,15,10000000000000,12.5,0.3,100000000000000,9
S65-0967,blind_validation,holdout,0.065,10000000000,5,200000000000000,10,0.3,70000000000000,9
S65-0968,blind_validation,holdout,0.065,30000000000,10,200000000000000,10,0.1,3000000000000,9
S65-0969,blind_validation,holdout,0.065,30000000000,7,10000000000000,15,0.5,100000000000000,9
S65-0970,blind_validation,holdout,0.065,10000000000,12.5,10000000000000,15,0.1,1000000000000,9
S65-0971,blind_validation,holdout,0.065,30000000000,10,10000000000000,12.5,0.3,1000000000000,4
S65-0972,blind_validation,holdout,0.065,100000000000,5,10000000000000,12.5,0.2,3000000000000,6
S65-0973,blind_validation,holdout,0.065,10000000000,10,200000000000000,7,0.5,3000000000000,5
S65-0974,blind_validation,holdout,0.065,10000000000,10,10000000000000,15,0.3,10000000000000,9
S65-0975,blind_validation,holdout,0.065,100000000000,5,100000000000000,15,0.3,100000000000000,9
S65-0976,blind_validation,holdout,0.065,100000000000,5,100000000000000,10,0.1,10000000000000,6
S65-0977,blind_validation,holdout,0.065,10000000000,7,50000000000000,7,0.5,100000000000000,9
S65-0978,blind_validation,holdout,0.065,30000000000,5,30000000000000,7,0.1,100000000000000,3
S65-0979,blind_validation,holdout,0.065,10000000000,15,10000000000000,12.5,0.5,1000000000000,3
S65-0980,blind_validation,holdout,0.065,10000000000,15,10000000000000,7,0.2,1000000000000,9
S65-0981,blind_validation,holdout,0.065,100000000000,7,200000000000000,15,0.1,10000000000000,9
S65-0982,blind_validation,holdout,0.065,30000000000,5,30000000000000,7,0.5,10000000000000,6
S65-0983,blind_validation,holdout,0.065,10000000000,5,200000000000000,12.5,0.1,100000000000000,4
S65-0984,blind_validation,holdout,0.065,30000000000,15,10000000000000,15,0.3,3000000000000,9
S65-0985,blind_validation,holdout,0.065,100000000000,12.5,200000000000000,12.5,0.1,100000000000000,5
S65-0986,blind_validation,holdout,0.065,30000000000,10,200000000000000,7,0.1,10000000000000,3
S65-0987,blind_validation,holdout,0.065,30000000000,5,200000000000000,7,0.5,1000000000000,3
S65-0988,blind_validation,holdout,0.065,10000000000,15,200000000000000,12.5,0.1,1000000000000,9
S65-0989,blind_validation,holdout,0.065,30000000000,15,200000000000000,7,0.3,70000000000000,3
S65-0990,blind_validation,holdout,0.065,10000000000,15,200000000000000,15,0.5,100000000000000,6
S65-0991,blind_validation,holdout,0.065,10000000000,12.5,10000000000000,7,0.5,100000000000000,3
S65-0992,blind_validation,holdout,0.065,100000000000,5,100000000000000,7,0.3,10000000000000,3
S65-0993,blind_validation,holdout,0.065,10000000000,10,30000000000000,7,0.1,1000000000000,6
S65-0994,blind_validation,holdout,0.065,100000000000,15,10000000000000,7,0.5,1000000000000,6
S65-0995,blind_validation,holdout,0.065,30000000000,10,10000000000000,7,0.1,3000000000000,3
S65-0996,blind_validation,holdout,0.065,100000000000,5,200000000000000,10,0.5,1000000000000,7
S65-0997,blind_validation,holdout,0.065,30000000000,10,200000000000000,15,0.3,10000000000000,7
S65-0998,blind_validation,holdout,0.065,100000000000,10,10000000000000,12.5,0.3,1000000000000,9
S65-0999,blind_validation,holdout,0.065,30000000000,15,10000000000000,7,0.5,1000000000000,3
S65-1000,blind_validation,holdout,0.065,100000000000,15,10000000000000,15,0.2,1000000000000,3
S90-0001,ion_onoff_cliff,train,0.09,10000000000,5,200000000000000,7,0.5,100000000000000,4
S90-0002,ion_onoff_cliff,train,0.09,100000000000,8.5,200000000000000,7,0.5,100000000000000,7
S90-0003,ion_onoff_cliff,train,0.09,100000000000,5,50000000000000,10,0.3,100000000000000,4
S90-0004,ion_onoff_cliff,train,0.09,10000000000,8.5,50000000000000,7,0.3,100000000000000,7
S90-0005,ion_onoff_cliff,train,0.09,30000000000,5,50000000000000,10,0.5,100000000000000,7
S90-0006,ion_onoff_cliff,train,0.09,30000000000,8.5,200000000000000,8.5,0.3,85000000000000,4
S90-0007,ion_onoff_cliff,train,0.09,10000000000,5,50000000000000,10,0.3,70000000000000,4
S90-0008,ion_onoff_cliff,train,0.09,10000000000,8.5,200000000000000,10,0.5,70000000000000,7
S90-0009,ion_onoff_cliff,train,0.09,30000000000,8.5,50000000000000,7,0.5,70000000000000,4
S90-0010,ion_onoff_cliff,train,0.09,100000000000,5,200000000000000,10,0.3,70000000000000,7
S90-0011,ion_onoff_cliff,train,0.09,100000000000,5,200000000000000,10,0.5,70000000000000,4
S90-0012,ion_onoff_cliff,train,0.09,100000000000,8.5,50000000000000,7,0.3,70000000000000,7
S90-0013,ion_onoff_cliff,train,0.09,30000000000,5,100000000000000,7,0.3,70000000000000,7
S90-0014,ion_onoff_cliff,train,0.09,100000000000,5,50000000000000,7,0.5,100000000000000,5
S90-0015,ion_onoff_cliff,train,0.09,10000000000,5,200000000000000,10,0.3,100000000000000,7
S90-0016,ion_onoff_cliff,train,0.09,10000000000,5,50000000000000,7,0.5,70000000000000,7
S90-0017,ion_onoff_cliff,train,0.09,10000000000,8.5,50000000000000,10,0.5,100000000000000,4
S90-0018,ion_onoff_cliff,train,0.09,100000000000,5,200000000000000,7,0.3,70000000000000,4
S90-0019,ion_onoff_cliff,train,0.09,100000000000,8.5,50000000000000,10,0.5,70000000000000,7
S90-0020,ion_onoff_cliff,train,0.09,30000000000,6,200000000000000,7,0.5,100000000000000,6
S90-0021,ion_onoff_cliff,train,0.09,30000000000,5,50000000000000,7,0.3,100000000000000,4
S90-0022,ion_onoff_cliff,train,0.09,30000000000,8.5,50000000000000,10,0.3,100000000000000,7
S90-0023,ion_onoff_cliff,train,0.09,10000000000,8.5,100000000000000,7,0.3,70000000000000,4
S90-0024,ion_onoff_cliff,train,0.09,30000000000,5,100000000000000,10,0.5,70000000000000,4
S90-0025,ion_onoff_cliff,train,0.09,100000000000,8.5,200000000000000,10,0.3,100000000000000,4
S90-0026,ion_onoff_cliff,train,0.09,100000000000,8.5,50000000000000,10,0.5,100000000000000,4
S90-0027,ion_onoff_cliff,train,0.09,30000000000,8.5,50000000000000,7,0.5,100000000000000,7
S90-0028,ion_onoff_cliff,train,0.09,100000000000,5,200000000000000,10,0.5,100000000000000,7
S90-0029,ion_onoff_cliff,train,0.09,100000000000,8.5,50000000000000,7,0.3,100000000000000,4
S90-0030,ion_onoff_cliff,train,0.09,100000000000,8.5,200000000000000,7,0.5,70000000000000,4
S90-0031,ion_onoff_cliff,train,0.09,30000000000,8.5,50000000000000,10,0.3,70000000000000,4
S90-0032,ion_onoff_cliff,train,0.09,100000000000,8.5,200000000000000,7,0.3,100000000000000,6
S90-0033,ion_onoff_cliff,train,0.09,10000000000,6,200000000000000,10,0.3,100000000000000,4
S90-0034,ion_onoff_cliff,train,0.09,30000000000,5,200000000000000,10,0.3,100000000000000,6
S90-0035,ion_onoff_cliff,train,0.09,10000000000,5,50000000000000,7,0.5,70000000000000,4
S90-0036,ion_onoff_cliff,train,0.09,10000000000,5,50000000000000,10,0.3,70000000000000,7
S90-0037,ion_onoff_cliff,train,0.09,10000000000,5,200000000000000,7,0.5,100000000000000,7
S90-0038,ion_onoff_cliff,train,0.09,10000000000,8.5,50000000000000,10,0.5,100000000000000,7
S90-0039,ion_onoff_cliff,train,0.09,10000000000,8.5,200000000000000,7,0.3,70000000000000,7
S90-0040,ion_onoff_cliff,train,0.09,10000000000,8.5,200000000000000,10,0.5,70000000000000,4
S90-0041,ion_onoff_cliff,train,0.09,100000000000,5,50000000000000,10,0.3,100000000000000,7
S90-0042,ion_onoff_cliff,train,0.09,30000000000,8.5,200000000000000,10,0.5,85000000000000,7
S90-0043,ion_onoff_cliff,train,0.09,30000000000,8.5,200000000000000,8.5,0.5,85000000000000,4
S90-0044,ion_onoff_cliff,train,0.09,30000000000,8.5,200000000000000,8.5,0.3,70000000000000,7
S90-0045,ion_onoff_cliff,train,0.09,10000000000,8.5,100000000000000,7,0.5,85000000000000,5
S90-0046,ion_onoff_cliff,train,0.09,10000000000,8.5,100000000000000,10,0.3,85000000000000,6
S90-0047,ion_onoff_cliff,train,0.09,10000000000,5,100000000000000,10,0.5,85000000000000,5
S90-0048,ion_onoff_cliff,train,0.09,10000000000,5,100000000000000,7,0.3,85000000000000,6
S90-0049,ion_onoff_cliff,train,0.09,100000000000,5,100000000000000,7,0.3,100000000000000,7
S90-0050,ion_onoff_cliff,train,0.09,30000000000,8.5,50000000000000,10,0.5,100000000000000,5
S90-0051,ion_onoff_cliff,train,0.09,30000000000,8.5,50000000000000,7,0.3,70000000000000,6
S90-0052,ion_onoff_cliff,train,0.09,100000000000,8.5,100000000000000,10,0.3,70000000000000,6
S90-0053,ion_onoff_cliff,train,0.09,100000000000,5,100000000000000,7,0.5,70000000000000,7
S90-0054,ion_onoff_cliff,train,0.09,30000000000,5,100000000000000,10,0.3,70000000000000,4
S90-0055,ion_onoff_cliff,train,0.09,30000000000,5,50000000000000,7,0.5,100000000000000,5
S90-0056,ion_onoff_cliff,train,0.09,100000000000,5,50000000000000,7,0.3,70000000000000,5
S90-0057,ion_onoff_cliff,train,0.09,100000000000,5,200000000000000,7,0.5,100000000000000,5
S90-0058,ion_onoff_cliff,train,0.09,100000000000,8.5,200000000000000,10,0.5,100000000000000,5
S90-0059,ion_onoff_cliff,train,0.09,10000000000,5,200000000000000,7,0.3,70000000000000,4
S90-0060,ion_onoff_cliff,train,0.09,30000000000,5,200000000000000,7,0.3,85000000000000,5
S90-0061,ion_onoff_cliff,train,0.09,100000000000,5,50000000000000,10,0.5,100000000000000,6
S90-0062,ion_onoff_cliff,train,0.09,100000000000,8.5,50000000000000,7,0.5,70000000000000,6
S90-0063,ion_onoff_cliff,train,0.09,30000000000,5,50000000000000,10,0.3,70000000000000,6
S90-0064,ion_onoff_cliff,train,0.09,10000000000,5,50000000000000,7,0.3,100000000000000,4
S90-0065,ion_onoff_cliff,train,0.09,30000000000,5,200000000000000,10,0.5,70000000000000,6
S90-0066,ion_onoff_cliff,train,0.09,10000000000,8.5,50000000000000,10,0.3,100000000000000,4
S90-0067,ion_onoff_cliff,train,0.09,100000000000,8.5,50000000000000,10,0.3,70000000000000,4
S90-0068,ion_onoff_cliff,train,0.09,30000000000,5,200000000000000,7,0.5,70000000000000,4
S90-0069,ion_onoff_cliff,train,0.09,10000000000,5,50000000000000,10,0.5,70000000000000,7
S90-0070,ion_onoff_cliff,train,0.09,10000000000,5,200000000000000,10,0.5,100000000000000,7
S90-0071,ion_onoff_cliff,train,0.09,10000000000,8.5,50000000000000,7,0.5,100000000000000,7
S90-0072,ion_onoff_cliff,train,0.09,10000000000,8.5,200000000000000,7,0.5,70000000000000,7
S90-0073,ion_onoff_cliff,train,0.09,100000000000,5,200000000000000,10,0.3,70000000000000,4
S90-0074,ion_onoff_cliff,train,0.09,100000000000,7,100000000000000,8.5,0.5,70000000000000,5
S90-0075,ion_onoff_cliff,train,0.09,100000000000,5,50000000000000,10,0.5,70000000000000,4
S90-0076,ion_onoff_cliff,train,0.09,100000000000,8.5,50000000000000,7,0.5,100000000000000,4
S90-0077,ion_onoff_cliff,train,0.09,30000000000,5,50000000000000,7,0.5,70000000000000,7
S90-0078,ion_onoff_cliff,train,0.09,30000000000,8.5,50000000000000,10,0.5,70000000000000,7
S90-0079,ion_onoff_cliff,train,0.09,100000000000,8.5,200000000000000,10,0.5,70000000000000,7
S90-0080,ion_onoff_cliff,train,0.09,30000000000,7,100000000000000,8.5,0.3,100000000000000,6
S90-0081,ion_onoff_cliff,train,0.09,30000000000,7,100000000000000,8.5,0.5,70000000000000,6
S90-0082,ion_onoff_cliff,train,0.09,100000000000,6,100000000000000,8.5,0.3,100000000000000,5
S90-0083,ion_onoff_cliff,train,0.09,30000000000,8.5,50000000000000,7,0.3,100000000000000,4
S90-0084,ion_onoff_cliff,train,0.09,100000000000,8.5,200000000000000,7,0.3,70000000000000,4
S90-0085,ion_onoff_cliff,train,0.09,10000000000,8.5,200000000000000,8.5,0.3,100000000000000,5
S90-0086,ion_onoff_cliff,train,0.09,10000000000,7,100000000000000,8.5,0.5,85000000000000,7
S90-0087,ion_onoff_cliff,train,0.09,30000000000,8.5,200000000000000,7,0.5,70000000000000,7
S90-0088,ion_onoff_cliff,train,0.09,100000000000,5,200000000000000,7,0.3,70000000000000,6
S90-0089,ion_onoff_cliff,train,0.09,100000000000,8.5,200000000000000,10,0.3,100000000000000,7
S90-0090,ion_onoff_cliff,train,0.09,10000000000,8.5,50000000000000,7,0.3,100000000000000,5
S90-0091,ion_onoff_cliff,train,0.09,30000000000,5,50000000000000,10,0.5,100000000000000,5
S90-0092,ion_onoff_cliff,train,0.09,30000000000,8.5,100000000000000,7,0.5,100000000000000,5
S90-0093,ion_onoff_cliff,train,0.09,30000000000,5,50000000000000,7,0.3,100000000000000,6
S90-0094,ion_onoff_cliff,train,0.09,100000000000,8.5,50000000000000,10,0.3,100000000000000,7
S90-0095,ion_onoff_cliff,train,0.09,10000000000,7,50000000000000,8.5,0.5,70000000000000,5
S90-0096,ion_onoff_cliff,train,0.09,10000000000,7,200000000000000,8.5,0.5,100000000000000,5
S90-0097,ion_onoff_cliff,train,0.09,100000000000,5,100000000000000,7,0.5,70000000000000,4
S90-0098,ion_onoff_cliff,train,0.09,10000000000,7,50000000000000,8.5,0.3,70000000000000,6
S90-0099,ion_onoff_cliff,train,0.09,30000000000,7,100000000000000,7,0.3,70000000000000,4
S90-0100,ion_onoff_cliff,train,0.09,100000000000,7,100000000000000,8.5,0.5,100000000000000,7
S90-0101,ion_onoff_cliff,train,0.09,10000000000,6,100000000000000,8.5,0.3,70000000000000,4
S90-0102,ion_onoff_cliff,train,0.09,30000000000,6,50000000000000,8.5,0.5,70000000000000,4
S90-0103,ion_onoff_cliff,train,0.09,10000000000,6,200000000000000,8.5,0.3,70000000000000,6
S90-0104,ion_onoff_cliff,train,0.09,30000000000,8.5,100000000000000,10,0.5,70000000000000,4
S90-0105,ion_onoff_cliff,train,0.09,100000000000,8.5,100000000000000,8.5,0.3,85000000000000,4
S90-0106,ion_onoff_cliff,train,0.09,30000000000,7,200000000000000,10,0.3,70000000000000,5
S90-0107,ion_onoff_cliff,train,0.09,100000000000,7,100000000000000,7,0.3,70000000000000,6
S90-0108,ion_onoff_cliff,train,0.09,100000000000,6,200000000000000,8.5,0.5,70000000000000,6
S90-0109,ion_onoff_cliff,train,0.09,10000000000,5,100000000000000,10,0.3,100000000000000,5
S90-0110,ion_onoff_cliff,train,0.09,30000000000,6,100000000000000,10,0.3,70000000000000,7
S90-0111,ion_onoff_cliff,train,0.09,30000000000,7,200000000000000,10,0.5,100000000000000,5
S90-0112,ion_onoff_cliff,train,0.09,10000000000,7,100000000000000,8.5,0.3,100000000000000,7
S90-0113,ion_onoff_cliff,train,0.09,100000000000,7,50000000000000,8.5,0.3,85000000000000,6
S90-0114,ion_onoff_cliff,train,0.09,30000000000,5,100000000000000,8.5,0.5,100000000000000,7
S90-0115,ion_onoff_cliff,train,0.09,10000000000,5,200000000000000,10,0.5,70000000000000,4
S90-0116,ion_onoff_cliff,train,0.09,10000000000,8.5,200000000000000,7,0.5,70000000000000,4
S90-0117,ion_onoff_cliff,train,0.09,10000000000,8.5,200000000000000,10,0.3,70000000000000,7
S90-0118,ion_onoff_cliff,train,0.09,10000000000,5,50000000000000,10,0.5,70000000000000,4
S90-0119,ion_onoff_cliff,train,0.09,10000000000,5,50000000000000,7,0.3,70000000000000,7
S90-0120,ion_onoff_cliff,train,0.09,30000000000,8.5,100000000000000,7,0.3,85000000000000,7
S90-0121,ion_onoff_cliff,train,0.09,30000000000,6,100000000000000,7,0.5,100000000000000,4
S90-0122,ion_onoff_cliff,train,0.09,30000000000,6,200000000000000,7,0.3,100000000000000,7
S90-0123,ion_onoff_cliff,train,0.09,100000000000,6,50000000000000,7,0.5,100000000000000,7
S90-0124,ion_onoff_cliff,train,0.09,100000000000,6,100000000000000,10,0.5,100000000000000,4
S90-0125,ion_onoff_cliff,train,0.09,10000000000,5,50000000000000,8.5,0.5,100000000000000,6
S90-0126,ion_onoff_cliff,train,0.09,10000000000,5,200000000000000,8.5,0.5,70000000000000,6
S90-0127,ion_onoff_cliff,train,0.09,100000000000,8.5,100000000000000,8.5,0.3,100000000000000,7
S90-0128,ion_onoff_cliff,train,0.09,10000000000,6,200000000000000,7,0.3,100000000000000,7
S90-0129,ion_onoff_cliff,train,0.09,10000000000,8.5,200000000000000,10,0.3,70000000000000,4
S90-0130,ion_onoff_cliff,train,0.09,30000000000,6,50000000000000,10,0.3,100000000000000,4
S90-0131,ion_onoff_cliff,train,0.09,100000000000,8.5,100000000000000,10,0.5,85000000000000,6
S90-0132,ion_onoff_cliff,train,0.09,10000000000,5,100000000000000,7,0.5,85000000000000,5
S90-0133,ion_onoff_cliff,train,0.09,30000000000,8.5,200000000000000,7,0.3,100000000000000,6
S90-0134,ion_onoff_cliff,train,0.09,10000000000,8.5,50000000000000,7,0.5,100000000000000,4
S90-0135,ion_onoff_cliff,train,0.09,10000000000,8.5,50000000000000,10,0.3,100000000000000,7
S90-0136,ion_onoff_cliff,train,0.09,10000000000,8.5,100000000000000,7,0.3,85000000000000,6
S90-0137,ion_onoff_cliff,train,0.09,10000000000,8.5,100000000000000,10,0.5,85000000000000,5
S90-0138,ion_onoff_cliff,train,0.09,30000000000,8.5,100000000000000,10,0.3,100000000000000,5
S90-0139,ion_onoff_cliff,train,0.09,10000000000,7,100000000000000,8.5,0.5,85000000000000,4
S90-0140,ion_onoff_cliff,train,0.09,30000000000,7,50000000000000,8.5,0.3,70000000000000,5
S90-0141,ion_onoff_cliff,train,0.09,100000000000,7,200000000000000,8.5,0.3,70000000000000,5
S90-0142,ion_onoff_cliff,train,0.09,30000000000,7,50000000000000,8.5,0.3,70000000000000,7
S90-0143,ion_onoff_cliff,train,0.09,100000000000,7,200000000000000,8.5,0.5,100000000000000,4
S90-0144,ion_onoff_cliff,train,0.09,100000000000,5,100000000000000,10,0.3,70000000000000,6
S90-0145,ion_onoff_cliff,train,0.09,30000000000,8.5,100000000000000,10,0.5,100000000000000,6
S90-0146,ion_onoff_cliff,train,0.09,100000000000,8.5,100000000000000,7,0.5,100000000000000,5
S90-0147,ion_onoff_cliff,train,0.09,30000000000,5,200000000000000,10,0.3,100000000000000,4
S90-0148,ion_onoff_cliff,train,0.09,100000000000,5,100000000000000,10,0.5,70000000000000,7
S90-0149,ion_onoff_cliff,train,0.09,100000000000,5,200000000000000,7,0.5,100000000000000,7
S90-0150,ion_onoff_cliff,train,0.09,100000000000,8.5,100000000000000,7,0.5,70000000000000,7
S90-0151,ion_onoff_cliff,train,0.09,30000000000,7,50000000000000,8.5,0.5,100000000000000,6
S90-0152,ion_onoff_cliff,train,0.09,100000000000,5,50000000000000,7,0.3,70000000000000,7
S90-0153,ion_onoff_cliff,train,0.09,100000000000,8.5,100000000000000,10,0.5,70000000000000,4
S90-0154,ion_onoff_cliff,train,0.09,30000000000,5,100000000000000,7,0.5,70000000000000,6
S90-0155,ion_onoff_cliff,train,0.09,30000000000,7,100000000000000,7,0.5,100000000000000,7
S90-0156,ion_onoff_cliff,train,0.09,100000000000,7,50000000000000,8.5,0.5,70000000000000,4
S90-0157,ion_onoff_cliff,train,0.09,100000000000,7,200000000000000,8.5,0.3,70000000000000,7
S90-0158,ion_onoff_cliff,train,0.09,30000000000,8.5,100000000000000,7,0.3,100000000000000,5
S90-0159,ion_onoff_cliff,train,0.09,30000000000,8.5,200000000000000,10,0.3,100000000000000,6
S90-0160,ion_onoff_cliff,train,0.09,30000000000,5,200000000000000,8.5,0.5,100000000000000,5
S90-0161,ion_onoff_cliff,train,0.09,30000000000,6,200000000000000,8.5,0.5,70000000000000,7
S90-0162,ion_onoff_cliff,train,0.09,100000000000,5,100000000000000,7,0.3,100000000000000,4
S90-0163,ion_onoff_cliff,train,0.09,100000000000,7,50000000000000,8.5,0.5,100000000000000,6
S90-0164,ion_onoff_cliff,train,0.09,30000000000,5,100000000000000,8.5,0.3,85000000000000,5
S90-0165,ion_onoff_cliff,train,0.09,30000000000,8.5,200000000000000,7,0.5,70000000000000,5
S90-0166,ion_onoff_cliff,train,0.09,100000000000,5,100000000000000,8.5,0.5,85000000000000,6
S90-0167,ion_onoff_cliff,train,0.09,30000000000,5,200000000000000,8.5,0.3,70000000000000,7
S90-0168,ion_onoff_cliff,train,0.09,30000000000,6,100000000000000,10,0.5,70000000000000,7
S90-0169,ion_onoff_cliff,train,0.09,30000000000,6,200000000000000,8.5,0.3,70000000000000,4
S90-0170,ion_onoff_cliff,train,0.09,100000000000,5,50000000000000,8.5,0.5,70000000000000,7
S90-0171,ion_onoff_cliff,train,0.09,100000000000,6,50000000000000,8.5,0.3,70000000000000,4
S90-0172,ion_onoff_cliff,train,0.09,10000000000,5,50000000000000,8.5,0.3,85000000000000,5
S90-0173,ion_onoff_cliff,train,0.09,30000000000,8.5,200000000000000,8.5,0.5,100000000000000,6
S90-0174,ion_onoff_cliff,train,0.09,100000000000,6,100000000000000,10,0.3,85000000000000,4
S90-0175,ion_onoff_cliff,train,0.09,100000000000,8.5,100000000000000,7,0.3,100000000000000,5
S90-0176,ion_onoff_cliff,train,0.09,100000000000,8.5,200000000000000,8.5,0.5,85000000000000,6
S90-0177,ion_onoff_cliff,train,0.09,10000000000,7,200000000000000,7,0.3,70000000000000,5
S90-0178,ion_onoff_cliff,train,0.09,100000000000,7,50000000000000,10,0.3,100000000000000,5
S90-0179,ion_onoff_cliff,train,0.09,10000000000,7,200000000000000,10,0.3,100000000000000,6
S90-0180,ion_onoff_cliff,train,0.09,10000000000,5,100000000000000,8.5,0.3,70000000000000,7
S90-0181,ion_onoff_cliff,train,0.09,10000000000,7,50000000000000,7,0.3,70000000000000,4
S90-0182,ion_onoff_cliff,train,0.09,100000000000,7,100000000000000,7,0.3,70000000000000,4
S90-0183,ion_onoff_cliff,train,0.09,10000000000,7,100000000000000,10,0.3,100000000000000,4
S90-0184,ion_onoff_cliff,train,0.09,100000000000,5,200000000000000,8.5,0.3,100000000000000,5
S90-0185,ion_onoff_cliff,train,0.09,100000000000,6,100000000000000,8.5,0.3,70000000000000,7
S90-0186,ion_onoff_cliff,train,0.09,10000000000,7,50000000000000,7,0.5,70000000000000,6
S90-0187,ion_onoff_cliff,train,0.09,10000000000,7,50000000000000,10,0.3,70000000000000,5
S90-0188,ion_onoff_cliff,train,0.09,10000000000,7,50000000000000,10,0.5,70000000000000,6
S90-0189,ion_onoff_cliff,train,0.09,10000000000,7,200000000000000,7,0.5,100000000000000,6
S90-0190,ion_onoff_cliff,train,0.09,10000000000,7,200000000000000,10,0.5,100000000000000,6
S90-0191,ion_onoff_cliff,train,0.09,10000000000,8.5,100000000000000,8.5,0.3,70000000000000,5
S90-0192,ion_onoff_cliff,train,0.09,10000000000,8.5,200000000000000,7,0.3,100000000000000,4
S90-0193,ion_onoff_cliff,train,0.09,30000000000,5,100000000000000,8.5,0.5,70000000000000,5
S90-0194,ion_onoff_cliff,train,0.09,30000000000,5,200000000000000,10,0.5,100000000000000,4
S90-0195,ion_onoff_cliff,train,0.09,100000000000,7,50000000000000,10,0.5,70000000000000,5
S90-0196,ion_onoff_cliff,train,0.09,10000000000,8.5,50000000000000,8.5,0.5,100000000000000,6
S90-0197,ion_onoff_cliff,train,0.09,10000000000,8.5,200000000000000,8.5,0.5,70000000000000,6
S90-0198,ion_onoff_cliff,train,0.09,30000000000,5,50000000000000,8.5,0.3,100000000000000,7
S90-0199,ion_onoff_cliff,train,0.09,30000000000,5,50000000000000,8.5,0.5,70000000000000,6
S90-0200,ion_onoff_cliff,train,0.09,100000000000,7,200000000000000,10,0.3,70000000000000,6
S90-0201,ion_onoff_cliff,train,0.09,30000000000,7,200000000000000,7,0.3,100000000000000,4
S90-0202,ion_onoff_cliff,train,0.09,30000000000,7,200000000000000,7,0.5,100000000000000,4
S90-0203,ion_onoff_cliff,train,0.09,30000000000,8.5,100000000000000,10,0.3,70000000000000,7
S90-0204,ion_onoff_cliff,train,0.09,10000000000,5,200000000000000,8.5,0.3,100000000000000,5
S90-0205,ion_onoff_cliff,train,0.09,10000000000,6,100000000000000,10,0.3,70000000000000,6
S90-0206,ion_onoff_cliff,train,0.09,10000000000,6,50000000000000,7,0.5,100000000000000,5
S90-0207,ion_onoff_cliff,train,0.09,10000000000,6,50000000000000,8.5,0.5,100000000000000,4
S90-0208,ion_onoff_cliff,train,0.09,10000000000,6,50000000000000,10,0.5,100000000000000,5
S90-0209,ion_onoff_cliff,train,0.09,10000000000,6,200000000000000,7,0.5,70000000000000,5
S90-0210,ion_onoff_cliff,train,0.09,30000000000,6,100000000000000,10,0.5,100000000000000,5
S90-0211,ion_onoff_cliff,train,0.09,100000000000,5,100000000000000,10,0.5,70000000000000,5
S90-0212,ion_onoff_cliff,train,0.09,100000000000,6,100000000000000,7,0.5,100000000000000,5
S90-0213,ion_onoff_cliff,train,0.09,100000000000,6,200000000000000,7,0.5,70000000000000,4
S90-0214,ion_onoff_cliff,train,0.09,100000000000,6,200000000000000,10,0.5,100000000000000,5
S90-0215,ion_onoff_cliff,train,0.09,10000000000,6,50000000000000,7,0.3,100000000000000,6
S90-0216,ion_onoff_cliff,train,0.09,10000000000,6,50000000000000,8.5,0.3,100000000000000,7
S90-0217,ion_onoff_cliff,train,0.09,10000000000,6,50000000000000,10,0.3,100000000000000,6
S90-0218,ion_onoff_cliff,train,0.09,100000000000,6,200000000000000,7,0.3,100000000000000,7
S90-0219,ion_onoff_cliff,train,0.09,10000000000,7,50000000000000,8.5,0.5,70000000000000,7
S90-0220,ion_onoff_cliff,train,0.09,10000000000,5,200000000000000,10,0.3,70000000000000,5
S90-0221,ion_onoff_cliff,train,0.09,10000000000,6,100000000000000,7,0.3,100000000000000,4
S90-0222,ion_onoff_cliff,train,0.09,10000000000,8.5,200000000000000,8.5,0.3,100000000000000,7
S90-0223,ion_onoff_cliff,train,0.09,30000000000,5,50000000000000,8.5,0.3,70000000000000,4
S90-0224,ion_onoff_cliff,train,0.09,30000000000,6,200000000000000,10,0.5,100000000000000,7
S90-0225,ion_onoff_cliff,train,0.09,30000000000,7,50000000000000,7,0.3,100000000000000,7
S90-0226,ion_onoff_cliff,train,0.09,30000000000,7,50000000000000,7,0.5,70000000000000,6
S90-0227,ion_onoff_cliff,train,0.09,30000000000,7,100000000000000,8.5,0.3,100000000000000,4
S90-0228,ion_onoff_cliff,train,0.09,30000000000,8.5,50000000000000,8.5,0.3,100000000000000,6
S90-0229,ion_onoff_cliff,train,0.09,30000000000,8.5,50000000000000,8.5,0.5,70000000000000,5
S90-0230,ion_onoff_cliff,train,0.09,30000000000,8.5,100000000000000,8.5,0.3,70000000000000,5
S90-0231,ion_onoff_cliff,train,0.09,100000000000,5,50000000000000,8.5,0.3,100000000000000,5
S90-0232,ion_onoff_cliff,train,0.09,100000000000,5,50000000000000,8.5,0.5,70000000000000,5
S90-0233,ion_onoff_cliff,train,0.09,100000000000,6,50000000000000,7,0.3,100000000000000,4
S90-0234,ion_onoff_cliff,train,0.09,100000000000,6,100000000000000,10,0.3,100000000000000,7
S90-0235,ion_onoff_cliff,train,0.09,100000000000,8.5,100000000000000,8.5,0.5,100000000000000,4
S90-0236,ion_onoff_cliff,train,0.09,10000000000,5,100000000000000,7,0.5,85000000000000,7
S90-0237,ion_onoff_cliff,train,0.09,10000000000,5,100000000000000,10,0.5,85000000000000,7
S90-0238,ion_onoff_cliff,train,0.09,10000000000,7,200000000000000,8.5,0.5,100000000000000,7
S90-0239,ion_onoff_cliff,train,0.09,30000000000,8.5,100000000000000,8.5,0.5,100000000000000,4
S90-0240,ion_onoff_cliff,train,0.09,10000000000,5,100000000000000,8.5,0.5,85000000000000,6
S90-0241,ion_onoff_cliff,train,0.09,10000000000,7,50000000000000,8.5,0.3,100000000000000,4
S90-0242,ion_onoff_cliff,train,0.09,10000000000,7,200000000000000,8.5,0.3,70000000000000,4
S90-0243,ion_onoff_cliff,train,0.09,10000000000,8.5,100000000000000,7,0.5,85000000000000,7
S90-0244,ion_onoff_cliff,train,0.09,10000000000,8.5,100000000000000,10,0.5,85000000000000,7
S90-0245,ion_onoff_cliff,train,0.09,30000000000,7,200000000000000,10,0.3,70000000000000,7
S90-0246,ion_onoff_cliff,train,0.09,30000000000,8.5,100000000000000,8.5,0.5,100000000000000,7
S90-0247,ion_onoff_cliff,train,0.09,30000000000,7,200000000000000,8.5,0.5,70000000000000,5
S90-0248,ion_onoff_cliff,train,0.09,100000000000,8.5,50000000000000,8.5,0.3,70000000000000,5
S90-0249,ion_onoff_cliff,train,0.09,10000000000,7,100000000000000,7,0.3,70000000000000,7
S90-0250,ion_onoff_cliff,train,0.09,30000000000,7,100000000000000,7,0.3,70000000000000,6
S90-0251,ion_onoff_cliff,train,0.09,30000000000,7,200000000000000,8.5,0.3,85000000000000,6
S90-0252,ion_onoff_cliff,train,0.09,100000000000,8.5,50000000000000,8.5,0.5,85000000000000,5
S90-0253,ion_onoff_cliff,train,0.09,10000000000,5,100000000000000,10,0.3,100000000000000,7
S90-0254,ion_onoff_cliff,train,0.09,10000000000,7,100000000000000,7,0.5,100000000000000,6
S90-0255,ion_onoff_cliff,train,0.09,10000000000,7,100000000000000,10,0.5,100000000000000,6
S90-0256,ion_onoff_cliff,train,0.09,10000000000,8.5,100000000000000,8.5,0.5,70000000000000,6
S90-0257,ion_onoff_cliff,train,0.09,30000000000,5,100000000000000,10,0.3,100000000000000,6
S90-0258,ion_onoff_cliff,train,0.09,100000000000,7,200000000000000,8.5,0.5,100000000000000,7
S90-0259,ion_onoff_cliff,train,0.09,30000000000,5,100000000000000,7,0.3,100000000000000,4
S90-0260,ion_onoff_cliff,train,0.09,30000000000,5,100000000000000,8.5,0.3,100000000000000,7
S90-0261,ion_onoff_cliff,train,0.09,30000000000,7,50000000000000,10,0.5,85000000000000,4
S90-0262,ion_onoff_cliff,train,0.09,100000000000,5,100000000000000,8.5,0.3,70000000000000,4
S90-0263,ion_onoff_cliff,train,0.09,100000000000,6,50000000000000,10,0.3,70000000000000,6
S90-0264,ion_onoff_cliff,train,0.09,100000000000,7,200000000000000,7,0.5,85000000000000,6
S90-0265,ion_onoff_cliff,train,0.09,10000000000,5,200000000000000,10,0.5,100000000000000,5
S90-0266,ion_onoff_cliff,train,0.09,10000000000,7,200000000000000,8.5,0.5,70000000000000,4
S90-0267,ion_onoff_cliff,train,0.09,10000000000,8.5,100000000000000,8.5,0.3,100000000000000,4
S90-0268,ion_onoff_cliff,train,0.09,30000000000,5,50000000000000,7,0.3,70000000000000,5
S90-0269,ion_onoff_cliff,train,0.09,30000000000,5,50000000000000,8.5,0.3,100000000000000,5
S90-0270,ion_onoff_cliff,train,0.09,30000000000,7,200000000000000,10,0.5,70000000000000,4
S90-0271,ion_onoff_cliff,train,0.09,30000000000,8.5,50000000000000,7,0.5,100000000000000,5
S90-0272,ion_onoff_cliff,train,0.09,30000000000,8.5,50000000000000,8.5,0.5,100000000000000,4
S90-0273,ion_onoff_cliff,train,0.09,30000000000,8.5,50000000000000,10,0.3,100000000000000,5
S90-0274,ion_onoff_cliff,train,0.09,30000000000,8.5,100000000000000,7,0.5,70000000000000,4
S90-0275,ion_onoff_cliff,train,0.09,30000000000,8.5,100000000000000,7,0.5,70000000000000,6
S90-0276,ion_onoff_cliff,train,0.09,30000000000,8.5,100000000000000,10,0.3,70000000000000,4
S90-0277,ion_onoff_cliff,train,0.09,30000000000,8.5,200000000000000,7,0.3,70000000000000,5
S90-0278,ion_onoff_cliff,train,0.09,100000000000,5,50000000000000,7,0.5,70000000000000,4
S90-0279,ion_onoff_cliff,train,0.09,100000000000,5,50000000000000,7,0.5,70000000000000,6
S90-0280,ion_onoff_cliff,train,0.09,100000000000,5,50000000000000,8.5,0.5,100000000000000,4
S90-0281,ion_onoff_cliff,train,0.09,100000000000,5,100000000000000,7,0.3,70000000000000,5
S90-0282,ion_onoff_cliff,train,0.09,100000000000,7,200000000000000,8.5,0.3,100000000000000,4
S90-0283,ion_onoff_cliff,train,0.09,100000000000,8.5,100000000000000,7,0.5,70000000000000,4
S90-0284,ion_onoff_cliff,train,0.09,100000000000,8.5,100000000000000,10,0.3,100000000000000,5
S90-0285,ion_onoff_cliff,train,0.09,100000000000,8.5,200000000000000,7,0.5,100000000000000,5
S90-0286,ion_onoff_cliff,train,0.09,100000000000,8.5,200000000000000,10,0.5,70000000000000,4
S90-0287,ion_onoff_cliff,train,0.09,10000000000,8.5,50000000000000,7,0.3,70000000000000,6
S90-0288,ion_onoff_cliff,train,0.09,10000000000,8.5,200000000000000,7,0.3,100000000000000,6
S90-0289,ion_onoff_cliff,train,0.09,10000000000,8.5,200000000000000,8.5,0.3,70000000000000,6
S90-0290,ion_onoff_cliff,train,0.09,30000000000,5,50000000000000,7,0.3,70000000000000,7
S90-0291,ion_onoff_cliff,train,0.09,30000000000,5,100000000000000,7,0.3,100000000000000,6
S90-0292,ion_onoff_cliff,train,0.09,30000000000,7,50000000000000,8.5,0.5,70000000000000,7
S90-0293,ion_onoff_cliff,train,0.09,30000000000,8.5,50000000000000,10,0.3,70000000000000,6
S90-0294,ion_onoff_cliff,train,0.09,30000000000,8.5,100000000000000,10,0.5,70000000000000,7
S90-0295,ion_onoff_cliff,train,0.09,100000000000,5,50000000000000,7,0.3,100000000000000,6
S90-0296,ion_onoff_cliff,train,0.09,100000000000,5,200000000000000,10,0.3,100000000000000,6
S90-0297,ion_onoff_cliff,train,0.09,100000000000,7,200000000000000,8.5,0.3,100000000000000,6
S90-0298,ion_onoff_cliff,train,0.09,100000000000,8.5,50000000000000,7,0.3,100000000000000,6
S90-0299,ion_onoff_cliff,train,0.09,100000000000,8.5,50000000000000,7,0.5,100000000000000,7
S90-0300,ion_onoff_cliff,train,0.09,100000000000,8.5,50000000000000,10,0.3,70000000000000,6
S90-0301,ion_onoff_cliff,train,0.09,100000000000,8.5,50000000000000,10,0.5,100000000000000,6
S90-0302,ion_onoff_cliff,train,0.09,100000000000,8.5,200000000000000,7,0.3,70000000000000,7
S90-0303,ion_onoff_cliff,train,0.09,10000000000,7,100000000000000,7,0.3,70000000000000,5
S90-0304,ion_onoff_cliff,train,0.09,10000000000,7,200000000000000,10,0.5,70000000000000,5
S90-0305,ion_onoff_cliff,train,0.09,10000000000,8.5,50000000000000,7,0.5,70000000000000,5
S90-0306,ion_onoff_cliff,train,0.09,10000000000,8.5,50000000000000,8.5,0.3,70000000000000,5
S90-0307,ion_onoff_cliff,train,0.09,10000000000,8.5,50000000000000,8.5,0.5,70000000000000,4
S90-0308,ion_onoff_cliff,train,0.09,10000000000,8.5,50000000000000,10,0.3,70000000000000,6
S90-0309,ion_onoff_cliff,train,0.09,10000000000,8.5,50000000000000,10,0.5,70000000000000,5
S90-0310,ion_onoff_cliff,train,0.09,10000000000,8.5,200000000000000,7,0.5,100000000000000,5
S90-0311,ion_onoff_cliff,train,0.09,30000000000,7,50000000000000,7,0.3,100000000000000,5
S90-0312,ion_onoff_cliff,train,0.09,30000000000,8.5,100000000000000,8.5,0.5,70000000000000,5
S90-0313,ion_onoff_cliff,train,0.09,100000000000,7,50000000000000,7,0.5,70000000000000,5
S90-0314,ion_onoff_cliff,train,0.09,100000000000,7,200000000000000,7,0.3,100000000000000,5
S90-0315,ion_onoff_cliff,train,0.09,100000000000,7,200000000000000,10,0.3,100000000000000,5
S90-0316,ion_onoff_cliff,train,0.09,10000000000,8.5,50000000000000,8.5,0.3,70000000000000,7
S90-0317,ion_onoff_cliff,train,0.09,30000000000,7,50000000000000,10,0.5,70000000000000,6
S90-0318,ion_onoff_cliff,train,0.09,100000000000,7,100000000000000,7,0.5,70000000000000,6
S90-0319,ion_onoff_cliff,train,0.09,100000000000,8.5,100000000000000,7,0.3,70000000000000,7
S90-0320,ion_onoff_cliff,train,0.09,100000000000,6,100000000000000,10,0.5,100000000000000,6
S90-0321,ion_onoff_cliff,train,0.09,10000000000,5,100000000000000,8.5,0.5,70000000000000,4
S90-0322,ion_onoff_cliff,train,0.09,10000000000,7,100000000000000,8.5,0.3,100000000000000,5
S90-0323,ion_onoff_cliff,train,0.09,10000000000,7,200000000000000,10,0.5,100000000000000,4
S90-0324,ion_onoff_cliff,train,0.09,10000000000,8.5,50000000000000,8.5,0.3,100000000000000,6
S90-0325,ion_onoff_cliff,train,0.09,10000000000,8.5,100000000000000,8.5,0.3,70000000000000,7
S90-0326,ion_onoff_cliff,train,0.09,10000000000,8.5,100000000000000,10,0.3,70000000000000,4
S90-0327,ion_onoff_cliff,train,0.09,10000000000,8.5,200000000000000,8.5,0.5,100000000000000,4
S90-0328,ion_onoff_cliff,train,0.09,10000000000,8.5,200000000000000,10,0.5,100000000000000,5
S90-0329,ion_onoff_cliff,train,0.09,30000000000,7,50000000000000,7,0.3,70000000000000,4
S90-0330,ion_onoff_cliff,train,0.09,30000000000,7,50000000000000,7,0.5,100000000000000,4
S90-0331,ion_onoff_cliff,train,0.09,30000000000,7,50000000000000,10,0.3,100000000000000,6
S90-0332,ion_onoff_cliff,train,0.09,30000000000,7,100000000000000,7,0.5,70000000000000,5
S90-0333,ion_onoff_cliff,train,0.09,30000000000,7,100000000000000,8.5,0.5,70000000000000,4
S90-0334,ion_onoff_cliff,train,0.09,30000000000,7,100000000000000,10,0.3,70000000000000,5
S90-0335,ion_onoff_cliff,train,0.09,30000000000,8.5,200000000000000,10,0.5,70000000000000,5
S90-0336,ion_onoff_cliff,train,0.09,100000000000,7,50000000000000,7,0.3,100000000000000,7
S90-0337,ion_onoff_cliff,train,0.09,100000000000,7,50000000000000,10,0.5,100000000000000,7
S90-0338,ion_onoff_cliff,train,0.09,100000000000,8.5,200000000000000,8.5,0.3,70000000000000,6
S90-0339,ion_onoff_cliff,train,0.09,100000000000,8.5,200000000000000,8.5,0.3,100000000000000,5
S90-0340,ion_onoff_cliff,train,0.09,100000000000,8.5,200000000000000,10,0.3,70000000000000,5
S90-0341,ion_onoff_cliff,train,0.09,10000000000,5,100000000000000,10,0.3,70000000000000,4
S90-0342,ion_onoff_cliff,train,0.09,10000000000,5,200000000000000,7,0.3,70000000000000,6
S90-0343,ion_onoff_cliff,train,0.09,10000000000,7,100000000000000,8.5,0.3,70000000000000,6
S90-0344,ion_onoff_cliff,train,0.09,30000000000,5,50000000000000,7,0.5,70000000000000,4
S90-0345,ion_onoff_cliff,train,0.09,30000000000,5,50000000000000,10,0.5,70000000000000,4
S90-0346,ion_onoff_cliff,train,0.09,30000000000,5,100000000000000,8.5,0.5,100000000000000,4
S90-0347,ion_onoff_cliff,train,0.09,30000000000,5,200000000000000,7,0.5,70000000000000,7
S90-0348,ion_onoff_cliff,train,0.09,30000000000,7,50000000000000,8.5,0.3,100000000000000,4
S90-0349,ion_onoff_cliff,train,0.09,30000000000,7,100000000000000,8.5,0.3,70000000000000,7
S90-0350,ion_onoff_cliff,train,0.09,30000000000,7,100000000000000,8.5,0.5,100000000000000,5
S90-0351,ion_onoff_cliff,train,0.09,100000000000,5,50000000000000,8.5,0.3,70000000000000,6
S90-0352,ion_onoff_cliff,train,0.09,100000000000,5,100000000000000,8.5,0.5,100000000000000,4
S90-0353,ion_onoff_cliff,train,0.09,100000000000,5,200000000000000,7,0.5,70000000000000,6
S90-0354,ion_onoff_cliff,train,0.09,100000000000,5,200000000000000,8.5,0.3,100000000000000,7
S90-0355,ion_onoff_cliff,train,0.09,100000000000,5,200000000000000,10,0.5,70000000000000,6
S90-0356,ion_onoff_cliff,train,0.09,30000000000,6,200000000000000,7,0.3,70000000000000,6
S90-0357,ion_onoff_cliff,train,0.09,10000000000,6,100000000000000,7,0.5,70000000000000,4
S90-0358,ion_onoff_cliff,train,0.09,10000000000,6,100000000000000,10,0.5,70000000000000,4
S90-0359,ion_onoff_cliff,train,0.09,100000000000,7,100000000000000,10,0.3,70000000000000,5
S90-0360,ion_onoff_cliff,train,0.09,30000000000,5,100000000000000,10,0.5,85000000000000,6
S90-0361,ion_onoff_cliff,train,0.09,30000000000,6,200000000000000,8.5,0.3,100000000000000,5
S90-0362,ion_onoff_cliff,train,0.09,100000000000,7,200000000000000,10,0.5,85000000000000,6
S90-0363,ion_onoff_cliff,train,0.09,10000000000,6,100000000000000,8.5,0.5,100000000000000,5
S90-0364,ion_onoff_cliff,train,0.09,30000000000,6,100000000000000,7,0.3,85000000000000,5
S90-0365,ion_onoff_cliff,train,0.09,30000000000,6,200000000000000,8.5,0.5,85000000000000,4
S90-0366,ion_onoff_cliff,train,0.09,100000000000,5,100000000000000,10,0.3,100000000000000,5
S90-0367,ion_onoff_cliff,train,0.09,100000000000,7,50000000000000,7,0.3,85000000000000,5
S90-0368,ion_onoff_cliff,train,0.09,30000000000,6,50000000000000,8.5,0.3,85000000000000,6
S90-0369,ion_onoff_cliff,train,0.09,30000000000,6,50000000000000,10,0.3,85000000000000,7
S90-0370,ion_onoff_cliff,train,0.09,100000000000,6,50000000000000,8.5,0.3,100000000000000,7
S90-0371,ion_onoff_cliff,train,0.09,10000000000,5,50000000000000,7,0.3,70000000000000,5
S90-0372,ion_onoff_cliff,train,0.09,30000000000,8.5,200000000000000,10,0.3,70000000000000,4
S90-0373,ion_onoff_cliff,train,0.09,100000000000,5,100000000000000,8.5,0.3,85000000000000,6
S90-0374,ion_onoff_cliff,train,0.09,100000000000,5,200000000000000,8.5,0.5,85000000000000,4
S90-0375,ion_onoff_cliff,train,0.09,100000000000,7,100000000000000,10,0.5,85000000000000,5
S90-0376,ion_onoff_cliff,train,0.09,100000000000,8.5,100000000000000,8.5,0.5,70000000000000,6
S90-0377,ion_onoff_cliff,train,0.09,100000000000,8.5,100000000000000,10,0.3,70000000000000,4
S90-0378,ion_onoff_cliff,train,0.09,10000000000,5,100000000000000,8.5,0.3,85000000000000,5
S90-0379,ion_onoff_cliff,train,0.09,10000000000,5,200000000000000,8.5,0.3,85000000000000,7
S90-0380,ion_onoff_cliff,train,0.09,10000000000,5,200000000000000,8.5,0.5,85000000000000,4
S90-0381,ion_onoff_cliff,train,0.09,10000000000,7,100000000000000,10,0.3,85000000000000,7
S90-0382,ion_onoff_cliff,train,0.09,10000000000,8.5,100000000000000,8.5,0.3,100000000000000,6
S90-0383,ion_onoff_cliff,train,0.09,10000000000,8.5,100000000000000,8.5,0.5,100000000000000,5
S90-0384,ion_onoff_cliff,train,0.09,30000000000,8.5,100000000000000,8.5,0.3,100000000000000,7
S90-0385,ion_onoff_cliff,train,0.09,30000000000,8.5,200000000000000,10,0.5,100000000000000,4
S90-0386,ion_onoff_cliff,train,0.09,100000000000,5,200000000000000,8.5,0.5,85000000000000,7
S90-0387,ion_onoff_cliff,train,0.09,100000000000,7,100000000000000,10,0.5,85000000000000,7
S90-0388,ion_onoff_cliff,train,0.09,100000000000,8.5,50000000000000,8.5,0.3,85000000000000,7
S90-0389,ion_onoff_cliff,train,0.09,100000000000,8.5,50000000000000,8.5,0.5,85000000000000,7
S90-0390,ion_onoff_cliff,train,0.09,10000000000,5,50000000000000,8.5,0.5,70000000000000,5
S90-0391,ion_onoff_cliff,train,0.09,10000000000,7,50000000000000,7,0.3,70000000000000,7
S90-0392,ion_onoff_cliff,train,0.09,10000000000,7,50000000000000,7,0.5,70000000000000,4
S90-0393,ion_onoff_cliff,train,0.09,10000000000,7,50000000000000,10,0.3,70000000000000,7
S90-0394,ion_onoff_cliff,train,0.09,10000000000,7,50000000000000,10,0.5,70000000000000,4
S90-0395,ion_onoff_cliff,train,0.09,10000000000,7,200000000000000,7,0.5,100000000000000,4
S90-0396,ion_onoff_cliff,train,0.09,10000000000,7,200000000000000,10,0.3,70000000000000,5
S90-0397,ion_onoff_cliff,train,0.09,30000000000,5,200000000000000,10,0.3,70000000000000,5
S90-0398,ion_onoff_cliff,train,0.09,30000000000,7,50000000000000,10,0.5,100000000000000,7
S90-0399,ion_onoff_cliff,train,0.09,30000000000,7,200000000000000,10,0.3,100000000000000,4
S90-0400,ion_onoff_cliff,train,0.09,30000000000,7,200000000000000,10,0.5,70000000000000,6
S90-0401,ion_onoff_cliff,train,0.09,100000000000,7,100000000000000,7,0.3,100000000000000,7
S90-0402,ion_onoff_cliff,train,0.09,100000000000,7,100000000000000,8.5,0.3,85000000000000,6
S90-0403,ion_onoff_cliff,train,0.09,100000000000,7,200000000000000,7,0.3,70000000000000,6
S90-0404,ion_onoff_cliff,train,0.09,100000000000,7,200000000000000,10,0.3,70000000000000,4
S90-0405,ion_onoff_cliff,train,0.09,10000000000,5,50000000000000,10,0.3,100000000000000,5
S90-0406,ion_onoff_cliff,train,0.09,10000000000,7,100000000000000,10,0.3,70000000000000,5
S90-0407,ion_onoff_cliff,train,0.09,30000000000,6,50000000000000,8.5,0.5,100000000000000,5
S90-0408,ion_onoff_cliff,train,0.09,30000000000,6,50000000000000,10,0.3,70000000000000,5
S90-0409,ion_onoff_cliff,train,0.09,100000000000,5,50000000000000,10,0.3,70000000000000,5
S90-0410,ion_onoff_cliff,train,0.09,100000000000,5,100000000000000,7,0.5,100000000000000,6
S90-0411,ion_onoff_cliff,train,0.09,100000000000,7,200000000000000,8.5,0.5,70000000000000,5
S90-0412,ion_onoff_cliff,train,0.09,30000000000,5,100000000000000,7,0.5,100000000000000,5
S90-0413,ion_onoff_cliff,train,0.09,30000000000,6,200000000000000,7,0.5,70000000000000,5
S90-0414,ion_onoff_cliff,train,0.09,30000000000,7,100000000000000,10,0.5,100000000000000,4
S90-0415,ion_onoff_cliff,train,0.09,100000000000,7,100000000000000,7,0.5,100000000000000,4
S90-0416,ion_onoff_cliff,train,0.09,10000000000,7,200000000000000,8.5,0.3,70000000000000,7
S90-0417,ion_onoff_cliff,train,0.09,30000000000,7,200000000000000,7,0.5,100000000000000,7
S90-0418,ion_onoff_cliff,train,0.09,100000000000,7,50000000000000,10,0.3,70000000000000,7
S90-0419,ion_onoff_cliff,train,0.09,100000000000,7,100000000000000,10,0.3,100000000000000,6
S90-0420,ion_onoff_cliff,train,0.09,10000000000,5,50000000000000,7,0.5,100000000000000,6
S90-0421,ion_onoff_cliff,train,0.09,10000000000,5,50000000000000,8.5,0.5,70000000000000,7
S90-0422,ion_onoff_cliff,train,0.09,10000000000,5,50000000000000,10,0.5,100000000000000,6
S90-0423,ion_onoff_cliff,train,0.09,10000000000,5,200000000000000,7,0.3,100000000000000,5
S90-0424,ion_onoff_cliff,train,0.09,10000000000,5,200000000000000,7,0.5,70000000000000,6
S90-0425,ion_onoff_cliff,train,0.09,10000000000,5,200000000000000,8.5,0.3,70000000000000,4
S90-0426,ion_onoff_cliff,train,0.09,10000000000,5,200000000000000,8.5,0.5,100000000000000,7
S90-0427,ion_onoff_cliff,train,0.09,10000000000,5,200000000000000,10,0.5,70000000000000,6
S90-0428,ion_onoff_cliff,train,0.09,10000000000,8.5,200000000000000,10,0.3,100000000000000,5
S90-0429,ion_onoff_cliff,train,0.09,30000000000,5,50000000000000,8.5,0.5,100000000000000,7
S90-0430,ion_onoff_cliff,train,0.09,30000000000,5,50000000000000,10,0.5,70000000000000,6
S90-0431,ion_onoff_cliff,train,0.09,30000000000,5,100000000000000,7,0.5,100000000000000,7
S90-0432,ion_onoff_cliff,train,0.09,30000000000,5,200000000000000,8.5,0.3,100000000000000,6
S90-0433,ion_onoff_cliff,train,0.09,30000000000,5,200000000000000,8.5,0.5,70000000000000,6
S90-0434,ion_onoff_cliff,train,0.09,30000000000,5,200000000000000,10,0.3,70000000000000,7
S90-0435,ion_onoff_cliff,train,0.09,30000000000,7,100000000000000,10,0.3,100000000000000,4
S90-0436,ion_onoff_cliff,train,0.09,30000000000,7,100000000000000,10,0.3,100000000000000,6
S90-0437,ion_onoff_cliff,train,0.09,30000000000,7,100000000000000,10,0.5,70000000000000,6
S90-0438,ion_onoff_cliff,train,0.09,30000000000,8.5,50000000000000,8.5,0.3,70000000000000,4
S90-0439,ion_onoff_cliff,train,0.09,30000000000,8.5,50000000000000,8.5,0.5,100000000000000,7
S90-0440,ion_onoff_cliff,train,0.09,30000000000,8.5,200000000000000,7,0.3,70000000000000,7
S90-0441,ion_onoff_cliff,train,0.09,30000000000,8.5,200000000000000,7,0.5,100000000000000,6
S90-0442,ion_onoff_cliff,train,0.09,30000000000,8.5,200000000000000,8.5,0.5,70000000000000,7
S90-0443,ion_onoff_cliff,train,0.09,100000000000,5,50000000000000,8.5,0.5,100000000000000,6
S90-0444,ion_onoff_cliff,train,0.09,100000000000,5,50000000000000,10,0.5,70000000000000,7
S90-0445,ion_onoff_cliff,train,0.09,100000000000,5,200000000000000,7,0.3,100000000000000,5
S90-0446,ion_onoff_cliff,train,0.09,100000000000,5,200000000000000,8.5,0.3,70000000000000,4
S90-0447,ion_onoff_cliff,train,0.09,100000000000,5,200000000000000,8.5,0.3,70000000000000,6
S90-0448,ion_onoff_cliff,train,0.09,100000000000,7,50000000000000,7,0.5,100000000000000,6
S90-0449,ion_onoff_cliff,train,0.09,100000000000,7,200000000000000,10,0.5,100000000000000,4
S90-0450,ion_onoff_cliff,train,0.09,100000000000,8.5,50000000000000,8.5,0.3,100000000000000,4
S90-0451,vth_ss_cliff,train,0.09,100000000000,15,10000000000000,15,0.5,30000000000000,3
S90-0452,vth_ss_cliff,train,0.09,10000000000,15,10000000000000,15,0.2,30000000000000,6
S90-0453,vth_ss_cliff,train,0.09,100000000000,7,10000000000000,15,0.2,30000000000000,3
S90-0454,vth_ss_cliff,train,0.09,10000000000,15,50000000000000,15,0.5,30000000000000,3
S90-0455,vth_ss_cliff,train,0.09,100000000000,15,50000000000000,15,0.2,30000000000000,6
S90-0456,vth_ss_cliff,train,0.09,10000000000,5,10000000000000,15,0.2,30000000000000,6
S90-0457,vth_ss_cliff,train,0.09,100000000000,15,10000000000000,10,0.2,50000000000000,3
S90-0458,vth_ss_cliff,train,0.09,30000000000,15,10000000000000,10,0.5,30000000000000,6
S90-0459,vth_ss_cliff,train,0.09,30000000000,7,10000000000000,15,0.5,30000000000000,5
S90-0460,vth_ss_cliff,train,0.09,10000000000,15,50000000000000,10,0.2,30000000000000,3
S90-0461,vth_ss_cliff,train,0.09,30000000000,12.5,30000000000000,15,0.2,70000000000000,3
S90-0462,vth_ss_cliff,train,0.09,10000000000,12.5,10000000000000,15,0.5,70000000000000,6
S90-0463,vth_ss_cliff,train,0.09,100000000000,15,50000000000000,10,0.5,30000000000000,3
S90-0464,vth_ss_cliff,train,0.09,100000000000,8.5,50000000000000,15,0.5,30000000000000,3
S90-0465,vth_ss_cliff,train,0.09,100000000000,15,50000000000000,15,0.5,70000000000000,6
S90-0466,vth_ss_cliff,train,0.09,10000000000,10,10000000000000,12.5,0.3,30000000000000,3
S90-0467,vth_ss_cliff,train,0.09,30000000000,5,50000000000000,15,0.3,30000000000000,3
S90-0468,vth_ss_cliff,train,0.09,30000000000,12.5,10000000000000,10,0.2,30000000000000,6
S90-0469,vth_ss_cliff,train,0.09,10000000000,15,10000000000000,10,0.5,70000000000000,3
S90-0470,vth_ss_cliff,train,0.09,100000000000,5,10000000000000,10,0.2,30000000000000,6
S90-0471,vth_ss_cliff,train,0.09,10000000000,10,50000000000000,15,0.3,30000000000000,6
S90-0472,vth_ss_cliff,train,0.09,100000000000,5,50000000000000,15,0.2,30000000000000,6
S90-0473,vth_ss_cliff,train,0.09,100000000000,12.5,10000000000000,15,0.3,70000000000000,5
S90-0474,vth_ss_cliff,train,0.09,100000000000,10,10000000000000,10,0.5,30000000000000,5
S90-0475,vth_ss_cliff,train,0.09,100000000000,5,10000000000000,15,0.5,70000000000000,3
S90-0476,vth_ss_cliff,train,0.09,30000000000,5,10000000000000,12.5,0.2,70000000000000,3
S90-0477,vth_ss_cliff,train,0.09,10000000000,5,50000000000000,15,0.5,30000000000000,5
S90-0478,vth_ss_cliff,train,0.09,10000000000,15,50000000000000,10,0.5,30000000000000,6
S90-0479,vth_ss_cliff,train,0.09,10000000000,5,10000000000000,15,0.5,70000000000000,3
S90-0480,vth_ss_cliff,train,0.09,30000000000,15,50000000000000,12.5,0.3,70000000000000,6
S90-0481,vth_ss_cliff,train,0.09,10000000000,6,10000000000000,10,0.5,30000000000000,6
S90-0482,vth_ss_cliff,train,0.09,10000000000,7,30000000000000,15,0.2,70000000000000,3
S90-0483,vth_ss_cliff,train,0.09,10000000000,15,10000000000000,10,0.3,70000000000000,6
S90-0484,vth_ss_cliff,train,0.09,100000000000,5,10000000000000,15,0.3,70000000000000,6
S90-0485,vth_ss_cliff,train,0.09,100000000000,15,30000000000000,10,0.3,30000000000000,6
S90-0486,vth_ss_cliff,train,0.09,30000000000,7,30000000000000,15,0.2,70000000000000,6
S90-0487,vth_ss_cliff,train,0.09,100000000000,10,50000000000000,12.5,0.2,30000000000000,3
S90-0488,vth_ss_cliff,train,0.09,30000000000,7,10000000000000,10,0.5,30000000000000,3
S90-0489,vth_ss_cliff,train,0.09,30000000000,12.5,30000000000000,15,0.5,70000000000000,4
S90-0490,vth_ss_cliff,train,0.09,30000000000,15,10000000000000,12.5,0.3,30000000000000,3
S90-0491,vth_ss_cliff,train,0.09,10000000000,15,10000000000000,15,0.3,70000000000000,3
S90-0492,vth_ss_cliff,train,0.09,100000000000,15,50000000000000,12.5,0.3,70000000000000,3
S90-0493,vth_ss_cliff,train,0.09,100000000000,8.5,10000000000000,10,0.2,70000000000000,3
S90-0494,vth_ss_cliff,train,0.09,10000000000,5,10000000000000,10,0.2,50000000000000,6
S90-0495,vth_ss_cliff,train,0.09,30000000000,15,50000000000000,10,0.5,70000000000000,4
S90-0496,vth_ss_cliff,train,0.09,30000000000,7,50000000000000,15,0.5,70000000000000,6
S90-0497,vth_ss_cliff,train,0.09,100000000000,15,10000000000000,10,0.5,70000000000000,3
S90-0498,vth_ss_cliff,train,0.09,100000000000,6,50000000000000,15,0.3,70000000000000,3
S90-0499,vth_ss_cliff,train,0.09,10000000000,15,50000000000000,15,0.2,70000000000000,5
S90-0500,vth_ss_cliff,train,0.09,100000000000,5,30000000000000,15,0.5,30000000000000,6
S90-0501,vth_ss_cliff,train,0.09,30000000000,10,30000000000000,10,0.3,30000000000000,3
S90-0502,vth_ss_cliff,train,0.09,30000000000,15,30000000000000,10,0.2,70000000000000,3
S90-0503,vth_ss_cliff,train,0.09,30000000000,15,10000000000000,15,0.5,30000000000000,6
S90-0504,vth_ss_cliff,train,0.09,30000000000,5,10000000000000,12.5,0.3,30000000000000,6
S90-0505,vth_ss_cliff,train,0.09,30000000000,10,10000000000000,15,0.2,30000000000000,5
S90-0506,vth_ss_cliff,train,0.09,10000000000,10,10000000000000,15,0.2,70000000000000,6
S90-0507,vth_ss_cliff,train,0.09,100000000000,10,50000000000000,15,0.2,70000000000000,6
S90-0508,vth_ss_cliff,train,0.09,100000000000,15,50000000000000,10,0.5,70000000000000,6
S90-0509,vth_ss_cliff,train,0.09,100000000000,10,10000000000000,15,0.5,30000000000000,6
S90-0510,vth_ss_cliff,train,0.09,10000000000,10,30000000000000,12.5,0.5,30000000000000,3
S90-0511,vth_ss_cliff,train,0.09,100000000000,5,30000000000000,10,0.2,30000000000000,3
S90-0512,vth_ss_cliff,train,0.09,30000000000,12.5,50000000000000,12.5,0.5,30000000000000,6
S90-0513,vth_ss_cliff,train,0.09,100000000000,15,10000000000000,15,0.2,30000000000000,3
S90-0514,vth_ss_cliff,train,0.09,100000000000,15,10000000000000,12.5,0.5,50000000000000,6
S90-0515,vth_ss_cliff,train,0.09,30000000000,15,10000000000000,15,0.3,70000000000000,6
S90-0516,vth_ss_cliff,train,0.09,30000000000,10,10000000000000,10,0.5,70000000000000,6
S90-0517,vth_ss_cliff,train,0.09,10000000000,5,50000000000000,15,0.3,70000000000000,6
S90-0518,vth_ss_cliff,train,0.09,10000000000,12.5,10000000000000,10,0.2,70000000000000,3
S90-0519,vth_ss_cliff,train,0.09,100000000000,6,10000000000000,12.5,0.5,70000000000000,6
S90-0520,vth_ss_cliff,train,0.09,10000000000,15,50000000000000,10,0.2,70000000000000,6
S90-0521,vth_ss_cliff,train,0.09,10000000000,15,50000000000000,15,0.5,70000000000000,6
S90-0522,vth_ss_cliff,train,0.09,10000000000,5,10000000000000,10,0.3,30000000000000,3
S90-0523,vth_ss_cliff,train,0.09,10000000000,10,10000000000000,10,0.3,30000000000000,6
S90-0524,vth_ss_cliff,train,0.09,10000000000,10,50000000000000,12.5,0.2,30000000000000,3
S90-0525,vth_ss_cliff,train,0.09,100000000000,10,10000000000000,12.5,0.2,30000000000000,6
S90-0526,vth_ss_cliff,train,0.09,100000000000,10,10000000000000,12.5,0.5,70000000000000,3
S90-0527,vth_ss_cliff,train,0.09,10000000000,8.5,10000000000000,10,0.5,70000000000000,3
S90-0528,vth_ss_cliff,train,0.09,30000000000,12.5,50000000000000,15,0.2,30000000000000,6
S90-0529,vth_ss_cliff,train,0.09,100000000000,12.5,10000000000000,10,0.3,70000000000000,6
S90-0530,vth_ss_cliff,train,0.09,30000000000,5,30000000000000,15,0.5,50000000000000,3
S90-0531,vth_ss_cliff,train,0.09,10000000000,5,50000000000000,12.5,0.2,30000000000000,5
S90-0532,vth_ss_cliff,train,0.09,10000000000,15,10000000000000,12.5,0.5,30000000000000,5
S90-0533,vth_ss_cliff,train,0.09,30000000000,10,10000000000000,12.5,0.3,70000000000000,4
S90-0534,vth_ss_cliff,train,0.09,30000000000,15,10000000000000,12.5,0.5,70000000000000,3
S90-0535,vth_ss_cliff,train,0.09,100000000000,5,10000000000000,10,0.5,70000000000000,3
S90-0536,vth_ss_cliff,train,0.09,10000000000,5,10000000000000,15,0.3,30000000000000,3
S90-0537,vth_ss_cliff,train,0.09,10000000000,7,10000000000000,15,0.5,50000000000000,6
S90-0538,vth_ss_cliff,train,0.09,30000000000,7,10000000000000,10,0.2,30000000000000,4
S90-0539,vth_ss_cliff,train,0.09,10000000000,15,30000000000000,12.5,0.3,30000000000000,5
S90-0540,vth_ss_cliff,train,0.09,100000000000,10,30000000000000,15,0.5,70000000000000,5
S90-0541,vth_ss_cliff,train,0.09,30000000000,12.5,10000000000000,10,0.5,30000000000000,3
S90-0542,vth_ss_cliff,train,0.09,30000000000,12.5,10000000000000,15,0.5,30000000000000,3
S90-0543,vth_ss_cliff,train,0.09,30000000000,15,50000000000000,10,0.2,30000000000000,6
S90-0544,vth_ss_cliff,train,0.09,100000000000,12.5,50000000000000,12.5,0.5,70000000000000,3
S90-0545,vth_ss_cliff,train,0.09,100000000000,15,50000000000000,10,0.2,30000000000000,3
S90-0546,vth_ss_cliff,train,0.09,10000000000,12.5,10000000000000,10,0.5,70000000000000,6
S90-0547,vth_ss_cliff,train,0.09,10000000000,15,10000000000000,12.5,0.2,30000000000000,3
S90-0548,vth_ss_cliff,train,0.09,10000000000,10,50000000000000,15,0.5,70000000000000,4
S90-0549,vth_ss_cliff,train,0.09,10000000000,12.5,30000000000000,12.5,0.3,70000000000000,3
S90-0550,vth_ss_cliff,train,0.09,30000000000,15,50000000000000,15,0.3,30000000000000,3
S90-0551,vth_ss_cliff,train,0.09,100000000000,15,50000000000000,15,0.5,30000000000000,3
S90-0552,vth_ss_cliff,train,0.09,30000000000,8.5,30000000000000,10,0.5,30000000000000,6
S90-0553,vth_ss_cliff,train,0.09,30000000000,8.5,50000000000000,12.5,0.2,70000000000000,3
S90-0554,vth_ss_cliff,train,0.09,30000000000,5,10000000000000,12.5,0.5,70000000000000,6
S90-0555,vth_ss_cliff,train,0.09,10000000000,10,50000000000000,10,0.2,30000000000000,6
S90-0556,vth_ss_cliff,train,0.09,100000000000,10,50000000000000,12.5,0.5,30000000000000,6
S90-0557,vth_ss_cliff,train,0.09,100000000000,5,10000000000000,12.5,0.3,70000000000000,3
S90-0558,vth_ss_cliff,train,0.09,30000000000,8.5,50000000000000,12.5,0.5,30000000000000,3
S90-0559,vth_ss_cliff,train,0.09,10000000000,10,50000000000000,12.5,0.5,30000000000000,6
S90-0560,vth_ss_cliff,train,0.09,100000000000,5,50000000000000,10,0.2,30000000000000,6
S90-0561,vth_ss_cliff,train,0.09,10000000000,15,50000000000000,10,0.5,50000000000000,3
S90-0562,vth_ss_cliff,train,0.09,100000000000,5,50000000000000,15,0.5,70000000000000,4
S90-0563,vth_ss_cliff,train,0.09,30000000000,7,10000000000000,10,0.3,70000000000000,6
S90-0564,vth_ss_cliff,train,0.09,10000000000,12.5,10000000000000,15,0.5,50000000000000,3
S90-0565,vth_ss_cliff,train,0.09,10000000000,6,10000000000000,12.5,0.3,70000000000000,4
S90-0566,vth_ss_cliff,train,0.09,30000000000,5,50000000000000,12.5,0.3,30000000000000,6
S90-0567,vth_ss_cliff,train,0.09,30000000000,15,30000000000000,12.5,0.5,30000000000000,3
S90-0568,vth_ss_cliff,train,0.09,30000000000,8.5,10000000000000,15,0.5,70000000000000,3
S90-0569,vth_ss_cliff,train,0.09,100000000000,12.5,30000000000000,15,0.3,30000000000000,4
S90-0570,vth_ss_cliff,train,0.09,30000000000,7,10000000000000,15,0.3,30000000000000,3
S90-0571,vth_ss_cliff,train,0.09,100000000000,15,30000000000000,12.5,0.2,70000000000000,6
S90-0572,vth_ss_cliff,train,0.09,30000000000,5,10000000000000,15,0.3,70000000000000,5
S90-0573,vth_ss_cliff,train,0.09,30000000000,5,50000000000000,10,0.2,30000000000000,3
S90-0574,vth_ss_cliff,train,0.09,100000000000,15,10000000000000,12.5,0.3,30000000000000,5
S90-0575,vth_ss_cliff,train,0.09,100000000000,7,30000000000000,12.5,0.3,30000000000000,5
S90-0576,vth_ss_cliff,train,0.09,100000000000,5,10000000000000,12.5,0.5,30000000000000,4
S90-0577,vth_ss_cliff,train,0.09,30000000000,15,10000000000000,10,0.3,70000000000000,5
S90-0578,vth_ss_cliff,train,0.09,30000000000,10,10000000000000,15,0.5,70000000000000,6
S90-0579,vth_ss_cliff,train,0.09,100000000000,10,30000000000000,12.5,0.3,70000000000000,4
S90-0580,vth_ss_cliff,train,0.09,30000000000,10,30000000000000,12.5,0.3,30000000000000,6
S90-0581,vth_ss_cliff,train,0.09,100000000000,10,10000000000000,12.5,0.3,30000000000000,3
S90-0582,vth_ss_cliff,train,0.09,10000000000,5,10000000000000,10,0.5,30000000000000,3
S90-0583,vth_ss_cliff,train,0.09,30000000000,10,50000000000000,15,0.3,30000000000000,3
S90-0584,vth_ss_cliff,train,0.09,100000000000,10,50000000000000,10,0.5,30000000000000,3
S90-0585,vth_ss_cliff,train,0.09,30000000000,5,30000000000000,12.5,0.5,30000000000000,5
S90-0586,vth_ss_cliff,train,0.09,100000000000,8.5,10000000000000,15,0.5,30000000000000,3
S90-0587,vth_ss_cliff,train,0.09,10000000000,5,50000000000000,15,0.5,70000000000000,3
S90-0588,vth_ss_cliff,train,0.09,10000000000,15,50000000000000,15,0.2,30000000000000,3
S90-0589,vth_ss_cliff,train,0.09,10000000000,10,10000000000000,12.5,0.5,30000000000000,5
S90-0590,vth_ss_cliff,train,0.09,10000000000,10,30000000000000,12.5,0.3,70000000000000,6
S90-0591,vth_ss_cliff,train,0.09,100000000000,5,30000000000000,12.5,0.2,70000000000000,6
S90-0592,vth_ss_cliff,train,0.09,100000000000,7,10000000000000,10,0.3,70000000000000,6
S90-0593,vth_ss_cliff,train,0.09,100000000000,10,30000000000000,10,0.2,30000000000000,5
S90-0594,vth_ss_cliff,train,0.09,10000000000,6,50000000000000,15,0.3,30000000000000,3
S90-0595,vth_ss_cliff,train,0.09,30000000000,12.5,30000000000000,12.5,0.2,30000000000000,4
S90-0596,vth_ss_cliff,train,0.09,10000000000,10,10000000000000,15,0.3,70000000000000,3
S90-0597,vth_ss_cliff,train,0.09,30000000000,5,10000000000000,10,0.5,30000000000000,6
S90-0598,vth_ss_cliff,train,0.09,30000000000,15,10000000000000,12.5,0.5,70000000000000,6
S90-0599,vth_ss_cliff,train,0.09,100000000000,5,50000000000000,12.5,0.5,30000000000000,4
S90-0600,vth_ss_cliff,train,0.09,100000000000,15,50000000000000,12.5,0.5,30000000000000,6
S90-0601,vth_ss_cliff,train,0.09,10000000000,5,30000000000000,12.5,0.5,30000000000000,3
S90-0602,vth_ss_cliff,train,0.09,30000000000,7,30000000000000,10,0.2,30000000000000,6
S90-0603,vth_ss_cliff,train,0.09,30000000000,15,10000000000000,15,0.3,70000000000000,3
S90-0604,vth_ss_cliff,train,0.09,30000000000,12.5,30000000000000,10,0.2,70000000000000,6
S90-0605,vth_ss_cliff,train,0.09,30000000000,5,30000000000000,15,0.2,70000000000000,3
S90-0606,vth_ss_cliff,train,0.09,30000000000,15,50000000000000,10,0.3,30000000000000,3
S90-0607,vth_ss_cliff,train,0.09,30000000000,15,10000000000000,15,0.2,30000000000000,5
S90-0608,vth_ss_cliff,train,0.09,100000000000,12.5,30000000000000,15,0.2,70000000000000,3
S90-0609,vth_ss_cliff,train,0.09,100000000000,12.5,50000000000000,10,0.2,70000000000000,4
S90-0610,vth_ss_cliff,train,0.09,30000000000,12.5,10000000000000,10,0.2,30000000000000,3
S90-0611,vth_ss_cliff,train,0.09,30000000000,12.5,10000000000000,12.5,0.2,70000000000000,6
S90-0612,vth_ss_cliff,train,0.09,30000000000,5,10000000000000,12.5,0.5,70000000000000,3
S90-0613,vth_ss_cliff,train,0.09,100000000000,8.5,10000000000000,15,0.3,70000000000000,3
S90-0614,vth_ss_cliff,train,0.09,10000000000,6,50000000000000,10,0.2,30000000000000,3
S90-0615,vth_ss_cliff,train,0.09,10000000000,12.5,30000000000000,12.5,0.5,70000000000000,5
S90-0616,vth_ss_cliff,train,0.09,30000000000,10,30000000000000,15,0.5,30000000000000,5
S90-0617,vth_ss_cliff,train,0.09,10000000000,5,30000000000000,10,0.3,30000000000000,6
S90-0618,vth_ss_cliff,train,0.09,10000000000,10,50000000000000,15,0.2,70000000000000,5
S90-0619,vth_ss_cliff,train,0.09,30000000000,10,10000000000000,12.5,0.5,30000000000000,6
S90-0620,vth_ss_cliff,train,0.09,100000000000,7,30000000000000,10,0.5,30000000000000,6
S90-0621,vth_ss_cliff,train,0.09,10000000000,6,30000000000000,12.5,0.5,50000000000000,6
S90-0622,vth_ss_cliff,train,0.09,100000000000,7,10000000000000,10,0.3,30000000000000,4
S90-0623,vth_ss_cliff,train,0.09,10000000000,8.5,10000000000000,15,0.3,30000000000000,5
S90-0624,vth_ss_cliff,train,0.09,30000000000,8.5,10000000000000,15,0.2,70000000000000,3
S90-0625,vth_ss_cliff,train,0.09,30000000000,15,50000000000000,15,0.5,50000000000000,6
S90-0626,vth_ss_cliff,train,0.09,30000000000,10,50000000000000,15,0.3,70000000000000,5
S90-0627,vth_ss_cliff,train,0.09,10000000000,12.5,10000000000000,12.5,0.2,50000000000000,5
S90-0628,vth_ss_cliff,train,0.09,10000000000,8.5,10000000000000,15,0.5,30000000000000,3
S90-0629,vth_ss_cliff,train,0.09,10000000000,8.5,10000000000000,10,0.2,50000000000000,4
S90-0630,vth_ss_cliff,train,0.09,30000000000,10,10000000000000,15,0.3,70000000000000,6
S90-0631,vth_ss_cliff,train,0.09,10000000000,15,10000000000000,10,0.2,30000000000000,5
S90-0632,vth_ss_cliff,train,0.09,100000000000,15,50000000000000,15,0.3,70000000000000,5
S90-0633,vth_ss_cliff,train,0.09,10000000000,6,10000000000000,15,0.3,70000000000000,6
S90-0634,vth_ss_cliff,train,0.09,100000000000,5,50000000000000,15,0.2,30000000000000,3
S90-0635,vth_ss_cliff,train,0.09,100000000000,6,10000000000000,15,0.2,30000000000000,6
S90-0636,vth_ss_cliff,train,0.09,10000000000,12.5,30000000000000,10,0.3,50000000000000,5
S90-0637,vth_ss_cliff,train,0.09,10000000000,12.5,30000000000000,15,0.5,30000000000000,5
S90-0638,vth_ss_cliff,train,0.09,30000000000,5,30000000000000,15,0.2,30000000000000,5
S90-0639,vth_ss_cliff,train,0.09,30000000000,10,30000000000000,12.5,0.5,70000000000000,6
S90-0640,vth_ss_cliff,train,0.09,30000000000,7,10000000000000,10,0.3,70000000000000,3
S90-0641,vth_ss_cliff,train,0.09,10000000000,6,30000000000000,12.5,0.2,70000000000000,6
S90-0642,vth_ss_cliff,train,0.09,100000000000,6,50000000000000,15,0.3,70000000000000,6
S90-0643,vth_ss_cliff,train,0.09,30000000000,10,30000000000000,10,0.5,50000000000000,3
S90-0644,vth_ss_cliff,train,0.09,10000000000,12.5,10000000000000,10,0.5,30000000000000,3
S90-0645,vth_ss_cliff,train,0.09,100000000000,12.5,10000000000000,12.5,0.3,70000000000000,3
S90-0646,vth_ss_cliff,train,0.09,100000000000,12.5,30000000000000,15,0.5,30000000000000,5
S90-0647,vth_ss_cliff,train,0.09,10000000000,6,10000000000000,12.5,0.2,30000000000000,4
S90-0648,vth_ss_cliff,train,0.09,10000000000,15,10000000000000,15,0.3,70000000000000,6
S90-0649,vth_ss_cliff,train,0.09,100000000000,10,50000000000000,15,0.3,30000000000000,6
S90-0650,vth_ss_cliff,train,0.09,100000000000,12.5,10000000000000,15,0.5,70000000000000,5
S90-0651,vth_ss_cliff,train,0.09,100000000000,12.5,30000000000000,10,0.5,30000000000000,5
S90-0652,vth_ss_cliff,train,0.09,100000000000,5,30000000000000,12.5,0.2,70000000000000,3
S90-0653,vth_ss_cliff,train,0.09,10000000000,10,50000000000000,15,0.3,50000000000000,3
S90-0654,vth_ss_cliff,train,0.09,100000000000,7,30000000000000,12.5,0.5,70000000000000,3
S90-0655,vth_ss_cliff,train,0.09,10000000000,15,50000000000000,10,0.3,70000000000000,3
S90-0656,vth_ss_cliff,train,0.09,30000000000,12.5,50000000000000,15,0.5,30000000000000,3
S90-0657,vth_ss_cliff,train,0.09,10000000000,10,30000000000000,10,0.3,30000000000000,3
S90-0658,vth_ss_cliff,train,0.09,30000000000,12.5,50000000000000,12.5,0.3,70000000000000,3
S90-0659,vth_ss_cliff,train,0.09,30000000000,15,30000000000000,15,0.2,70000000000000,6
S90-0660,vth_ss_cliff,train,0.09,100000000000,12.5,10000000000000,10,0.2,30000000000000,5
S90-0661,vth_ss_cliff,train,0.09,100000000000,12.5,10000000000000,12.5,0.5,30000000000000,4
S90-0662,vth_ss_cliff,train,0.09,100000000000,12.5,30000000000000,12.5,0.2,30000000000000,6
S90-0663,vth_ss_cliff,train,0.09,100000000000,12.5,30000000000000,12.5,0.5,70000000000000,6
S90-0664,vth_ss_cliff,train,0.09,30000000000,5,10000000000000,12.5,0.2,70000000000000,6
S90-0665,vth_ss_cliff,train,0.09,30000000000,15,10000000000000,12.5,0.3,30000000000000,6
S90-0666,vth_ss_cliff,train,0.09,100000000000,7,10000000000000,12.5,0.2,70000000000000,5
S90-0667,vth_ss_cliff,train,0.09,100000000000,10,10000000000000,15,0.3,30000000000000,5
S90-0668,vth_ss_cliff,train,0.09,100000000000,15,10000000000000,15,0.2,30000000000000,6
S90-0669,vth_ss_cliff,train,0.09,10000000000,12.5,10000000000000,15,0.3,30000000000000,4
S90-0670,vth_ss_cliff,train,0.09,100000000000,8.5,30000000000000,15,0.3,30000000000000,3
S90-0671,vth_ss_cliff,train,0.09,100000000000,8.5,50000000000000,10,0.2,70000000000000,3
S90-0672,vth_ss_cliff,train,0.09,10000000000,5,10000000000000,12.5,0.5,70000000000000,5
S90-0673,vth_ss_cliff,train,0.09,10000000000,5,50000000000000,10,0.5,30000000000000,6
S90-0674,vth_ss_cliff,train,0.09,30000000000,5,30000000000000,12.5,0.3,50000000000000,4
S90-0675,vth_ss_cliff,train,0.09,100000000000,8.5,30000000000000,10,0.3,30000000000000,3
S90-0676,vth_ss_cliff,train,0.09,30000000000,10,50000000000000,12.5,0.2,70000000000000,6
S90-0677,vth_ss_cliff,train,0.09,10000000000,12.5,30000000000000,15,0.2,30000000000000,5
S90-0678,vth_ss_cliff,train,0.09,100000000000,15,50000000000000,15,0.2,30000000000000,3
S90-0679,vth_ss_cliff,train,0.09,100000000000,12.5,10000000000000,10,0.5,70000000000000,6
S90-0680,vth_ss_cliff,train,0.09,10000000000,7,30000000000000,12.5,0.3,50000000000000,3
S90-0681,vth_ss_cliff,train,0.09,30000000000,10,10000000000000,10,0.2,70000000000000,5
S90-0682,vth_ss_cliff,train,0.09,10000000000,8.5,30000000000000,12.5,0.3,30000000000000,5
S90-0683,vth_ss_cliff,train,0.09,10000000000,8.5,30000000000000,15,0.2,30000000000000,4
S90-0684,vth_ss_cliff,train,0.09,10000000000,12.5,50000000000000,12.5,0.2,50000000000000,5
S90-0685,vth_ss_cliff,train,0.09,30000000000,12.5,30000000000000,10,0.5,50000000000000,6
S90-0686,vth_ss_cliff,train,0.09,100000000000,15,10000000000000,10,0.5,30000000000000,5
S90-0687,vth_ss_cliff,train,0.09,10000000000,5,10000000000000,15,0.2,70000000000000,3
S90-0688,vth_ss_cliff,train,0.09,30000000000,5,30000000000000,10,0.5,30000000000000,3
S90-0689,vth_ss_cliff,train,0.09,100000000000,5,10000000000000,10,0.5,30000000000000,6
S90-0690,vth_ss_cliff,train,0.09,10000000000,6,30000000000000,15,0.3,30000000000000,6
S90-0691,vth_ss_cliff,train,0.09,30000000000,15,10000000000000,12.5,0.2,70000000000000,4
S90-0692,vth_ss_cliff,train,0.09,10000000000,8.5,10000000000000,12.5,0.2,30000000000000,6
S90-0693,vth_ss_cliff,train,0.09,30000000000,12.5,10000000000000,10,0.3,70000000000000,3
S90-0694,vth_ss_cliff,train,0.09,30000000000,12.5,10000000000000,15,0.2,30000000000000,3
S90-0695,vth_ss_cliff,train,0.09,30000000000,12.5,30000000000000,10,0.3,30000000000000,5
S90-0696,vth_ss_cliff,train,0.09,10000000000,15,50000000000000,15,0.3,70000000000000,3
S90-0697,vth_ss_cliff,train,0.09,30000000000,8.5,50000000000000,15,0.5,70000000000000,3
S90-0698,vth_ss_cliff,train,0.09,10000000000,5,10000000000000,10,0.2,70000000000000,3
S90-0699,vth_ss_cliff,train,0.09,30000000000,6,10000000000000,15,0.2,30000000000000,6
S90-0700,vth_ss_cliff,train,0.09,30000000000,10,50000000000000,10,0.2,50000000000000,4
S90-0701,vth_ss_cliff,train,0.09,30000000000,12.5,50000000000000,10,0.5,30000000000000,4
S90-0702,vth_ss_cliff,train,0.09,30000000000,5,50000000000000,12.5,0.2,70000000000000,6
S90-0703,vth_ss_cliff,train,0.09,30000000000,7,30000000000000,12.5,0.2,30000000000000,3
S90-0704,vth_ss_cliff,train,0.09,30000000000,7,30000000000000,12.5,0.5,70000000000000,4
S90-0705,vth_ss_cliff,train,0.09,10000000000,10,30000000000000,10,0.2,70000000000000,3
S90-0706,vth_ss_cliff,train,0.09,100000000000,5,10000000000000,12.5,0.2,30000000000000,4
S90-0707,vth_ss_cliff,train,0.09,100000000000,5,10000000000000,15,0.2,70000000000000,4
S90-0708,vth_ss_cliff,train,0.09,100000000000,7,10000000000000,10,0.5,30000000000000,3
S90-0709,vth_ss_cliff,train,0.09,30000000000,6,30000000000000,10,0.2,70000000000000,3
S90-0710,vth_ss_cliff,train,0.09,10000000000,7,30000000000000,10,0.5,30000000000000,4
S90-0711,vth_ss_cliff,train,0.09,10000000000,15,30000000000000,10,0.5,70000000000000,6
S90-0712,vth_ss_cliff,train,0.09,10000000000,15,30000000000000,15,0.5,70000000000000,3
S90-0713,vth_ss_cliff,train,0.09,100000000000,10,30000000000000,10,0.5,70000000000000,3
S90-0714,vth_ss_cliff,train,0.09,100000000000,15,30000000000000,12.5,0.3,30000000000000,3
S90-0715,vth_ss_cliff,train,0.09,100000000000,15,30000000000000,15,0.5,70000000000000,3
S90-0716,vth_ss_cliff,train,0.09,100000000000,15,50000000000000,10,0.3,70000000000000,6
S90-0717,vth_ss_cliff,train,0.09,100000000000,8.5,50000000000000,12.5,0.2,50000000000000,5
S90-0718,vth_ss_cliff,train,0.09,10000000000,15,30000000000000,12.5,0.3,70000000000000,6
S90-0719,vth_ss_cliff,train,0.09,30000000000,15,50000000000000,12.5,0.3,30000000000000,5
S90-0720,vth_ss_cliff,train,0.09,30000000000,7,10000000000000,10,0.5,70000000000000,4
S90-0721,vth_ss_cliff,train,0.09,30000000000,10,10000000000000,12.5,0.3,30000000000000,3
S90-0722,vth_ss_cliff,train,0.09,30000000000,12.5,10000000000000,10,0.5,70000000000000,4
S90-0723,vth_ss_cliff,train,0.09,30000000000,15,50000000000000,15,0.3,70000000000000,4
S90-0724,vth_ss_cliff,train,0.09,10000000000,8.5,30000000000000,15,0.5,70000000000000,6
S90-0725,vth_ss_cliff,train,0.09,30000000000,8.5,30000000000000,15,0.3,70000000000000,3
S90-0726,vth_ss_cliff,train,0.09,100000000000,8.5,30000000000000,15,0.2,70000000000000,4
S90-0727,vth_ss_cliff,train,0.09,10000000000,15,30000000000000,10,0.2,30000000000000,6
S90-0728,vth_ss_cliff,train,0.09,100000000000,15,10000000000000,12.5,0.2,70000000000000,5
S90-0729,vth_ss_cliff,train,0.09,10000000000,8.5,10000000000000,15,0.2,30000000000000,3
S90-0730,vth_ss_cliff,train,0.09,10000000000,12.5,30000000000000,10,0.5,30000000000000,4
S90-0731,vth_ss_cliff,train,0.09,30000000000,5,10000000000000,12.5,0.5,30000000000000,4
S90-0732,vth_ss_cliff,train,0.09,30000000000,15,10000000000000,12.5,0.5,30000000000000,4
S90-0733,vth_ss_cliff,train,0.09,100000000000,12.5,30000000000000,12.5,0.5,30000000000000,3
S90-0734,vth_ss_cliff,train,0.09,30000000000,10,10000000000000,12.5,0.5,50000000000000,4
S90-0735,vth_ss_cliff,train,0.09,100000000000,15,30000000000000,10,0.3,50000000000000,4
S90-0736,vth_ss_cliff,train,0.09,10000000000,10,10000000000000,12.5,0.5,70000000000000,6
S90-0737,vth_ss_cliff,train,0.09,10000000000,12.5,10000000000000,10,0.3,30000000000000,3
S90-0738,vth_ss_cliff,train,0.09,10000000000,12.5,30000000000000,15,0.3,70000000000000,6
S90-0739,vth_ss_cliff,train,0.09,10000000000,15,10000000000000,12.5,0.5,70000000000000,6
S90-0740,vth_ss_cliff,train,0.09,100000000000,10,10000000000000,12.5,0.3,70000000000000,6
S90-0741,vth_ss_cliff,train,0.09,100000000000,12.5,10000000000000,10,0.3,30000000000000,3
S90-0742,vth_ss_cliff,train,0.09,100000000000,15,10000000000000,15,0.3,70000000000000,3
S90-0743,vth_ss_cliff,train,0.09,10000000000,5,10000000000000,12.5,0.3,30000000000000,6
S90-0744,vth_ss_cliff,train,0.09,10000000000,10,10000000000000,12.5,0.2,70000000000000,3
S90-0745,vth_ss_cliff,train,0.09,10000000000,10,30000000000000,10,0.2,70000000000000,6
S90-0746,vth_ss_cliff,train,0.09,10000000000,15,10000000000000,12.5,0.3,30000000000000,6
S90-0747,vth_ss_cliff,train,0.09,100000000000,5,10000000000000,12.5,0.3,30000000000000,6
S90-0748,vth_ss_cliff,train,0.09,100000000000,5,50000000000000,12.5,0.3,30000000000000,3
S90-0749,vth_ss_cliff,train,0.09,30000000000,8.5,50000000000000,15,0.2,30000000000000,6
S90-0750,vth_ss_cliff,train,0.09,100000000000,8.5,10000000000000,10,0.5,70000000000000,6
S90-0751,global_space_fill,train,0.09,10000000000,15,200000000000000,7,0.1,10000000000000,9
S90-0752,global_space_fill,train,0.09,30000000000,15,200000000000000,12.5,0.1,10000000000000,3
S90-0753,global_space_fill,train,0.09,10000000000,7,200000000000000,15,0.1,10000000000000,9
S90-0754,global_space_fill,train,0.09,30000000000,5,10000000000000,7,0.1,10000000000000,9
S90-0755,global_space_fill,train,0.09,100000000000,15,200000000000000,7,0.5,10000000000000,9
S90-0756,global_space_fill,train,0.09,10000000000,15,200000000000000,7,0.5,10000000000000,4
S90-0757,global_space_fill,train,0.09,100000000000,15,200000000000000,12.5,0.1,10000000000000,9
S90-0758,global_space_fill,train,0.09,30000000000,15,200000000000000,15,0.5,10000000000000,9
S90-0759,global_space_fill,train,0.09,100000000000,5,200000000000000,7,0.1,10000000000000,9
S90-0760,global_space_fill,train,0.09,100000000000,15,10000000000000,7,0.2,10000000000000,9
S90-0761,global_space_fill,train,0.09,10000000000,5,200000000000000,8.5,0.1,10000000000000,3
S90-0762,global_space_fill,train,0.09,10000000000,15,30000000000000,15,0.2,10000000000000,9
S90-0763,global_space_fill,train,0.09,30000000000,5,200000000000000,12.5,0.5,10000000000000,9
S90-0764,global_space_fill,train,0.09,100000000000,12.5,100000000000000,7,0.5,10000000000000,3
S90-0765,global_space_fill,train,0.09,100000000000,5,200000000000000,15,0.1,10000000000000,8
S90-0766,global_space_fill,train,0.09,10000000000,5,200000000000000,7,0.2,10000000000000,9
S90-0767,global_space_fill,train,0.09,10000000000,12.5,30000000000000,7,0.5,10000000000000,9
S90-0768,global_space_fill,train,0.09,100000000000,5,200000000000000,15,0.5,10000000000000,3
S90-0769,global_space_fill,train,0.09,100000000000,5,30000000000000,7,0.5,10000000000000,9
S90-0770,global_space_fill,train,0.09,30000000000,15,100000000000000,15,0.5,100000000000000,9
S90-0771,global_space_fill,train,0.09,100000000000,15,200000000000000,7,0.1,30000000000000,3
S90-0772,global_space_fill,train,0.09,30000000000,8.5,10000000000000,7,0.1,10000000000000,3
S90-0773,global_space_fill,train,0.09,100000000000,8.5,10000000000000,15,0.1,10000000000000,9
S90-0774,global_space_fill,train,0.09,30000000000,15,200000000000000,7,0.1,100000000000000,9
S90-0775,global_space_fill,train,0.09,30000000000,15,200000000000000,15,0.1,100000000000000,9
S90-0776,global_space_fill,train,0.09,10000000000,15,200000000000000,7,0.1,30000000000000,3
S90-0777,global_space_fill,train,0.09,10000000000,5,200000000000000,15,0.1,100000000000000,9
S90-0778,global_space_fill,train,0.09,100000000000,8.5,10000000000000,15,0.5,10000000000000,9
S90-0779,global_space_fill,train,0.09,100000000000,7,200000000000000,7,0.1,10000000000000,3
S90-0780,global_space_fill,train,0.09,10000000000,15,10000000000000,7,0.1,85000000000000,9
S90-0781,global_space_fill,train,0.09,30000000000,15,50000000000000,7,0.2,10000000000000,5
S90-0782,global_space_fill,train,0.09,30000000000,15,10000000000000,15,0.1,100000000000000,9
S90-0783,global_space_fill,train,0.09,10000000000,5,200000000000000,8.5,0.5,10000000000000,3
S90-0784,global_space_fill,train,0.09,10000000000,6,10000000000000,15,0.1,10000000000000,9
S90-0785,global_space_fill,train,0.09,10000000000,12.5,10000000000000,8.5,0.1,10000000000000,9
S90-0786,global_space_fill,train,0.09,100000000000,5,10000000000000,8.5,0.1,85000000000000,9
S90-0787,global_space_fill,train,0.09,10000000000,5,200000000000000,15,0.1,100000000000000,3
S90-0788,global_space_fill,train,0.09,10000000000,5,200000000000000,15,0.3,10000000000000,3
S90-0789,global_space_fill,train,0.09,100000000000,15,200000000000000,15,0.5,10000000000000,3
S90-0790,global_space_fill,train,0.09,10000000000,12.5,200000000000000,15,0.3,10000000000000,6
S90-0791,global_space_fill,train,0.09,100000000000,5,200000000000000,12.5,0.1,100000000000000,9
S90-0792,global_space_fill,train,0.09,30000000000,5,50000000000000,7,0.3,10000000000000,5
S90-0793,global_space_fill,train,0.09,100000000000,5,200000000000000,8.5,0.5,10000000000000,5
S90-0794,global_space_fill,train,0.09,10000000000,8.5,10000000000000,15,0.5,10000000000000,9
S90-0795,global_space_fill,train,0.09,10000000000,5,10000000000000,8.5,0.1,100000000000000,9
S90-0796,global_space_fill,train,0.09,30000000000,10,50000000000000,12.5,0.1,10000000000000,7
S90-0797,global_space_fill,train,0.09,30000000000,15,200000000000000,12.5,0.1,100000000000000,3
S90-0798,global_space_fill,train,0.09,100000000000,15,10000000000000,7,0.3,10000000000000,3
S90-0799,global_space_fill,train,0.09,100000000000,12.5,10000000000000,7,0.5,10000000000000,7
S90-0800,global_space_fill,train,0.09,10000000000,15,10000000000000,7,0.5,85000000000000,9
S90-0801,global_space_fill,train,0.09,100000000000,15,200000000000000,10,0.3,50000000000000,9
S90-0802,global_space_fill,train,0.09,10000000000,15,30000000000000,15,0.1,10000000000000,3
S90-0803,global_space_fill,train,0.09,30000000000,10,200000000000000,15,0.3,30000000000000,9
S90-0804,global_space_fill,train,0.09,10000000000,8.5,10000000000000,15,0.2,100000000000000,9
S90-0805,global_space_fill,train,0.09,100000000000,15,10000000000000,7,0.1,85000000000000,9
S90-0806,global_space_fill,train,0.09,100000000000,5,10000000000000,7,0.5,10000000000000,4
S90-0807,global_space_fill,train,0.09,10000000000,15,50000000000000,10,0.3,30000000000000,9
S90-0808,global_space_fill,train,0.09,30000000000,15,200000000000000,15,0.5,100000000000000,4
S90-0809,global_space_fill,train,0.09,100000000000,12.5,30000000000000,15,0.1,10000000000000,3
S90-0810,global_space_fill,train,0.09,100000000000,15,50000000000000,7,0.5,100000000000000,9
S90-0811,global_space_fill,train,0.09,100000000000,15,200000000000000,15,0.1,30000000000000,5
S90-0812,global_space_fill,train,0.09,10000000000,15,10000000000000,7,0.5,10000000000000,4
S90-0813,global_space_fill,train,0.09,30000000000,12.5,200000000000000,10,0.3,10000000000000,9
S90-0814,global_space_fill,train,0.09,30000000000,10,50000000000000,7,0.1,30000000000000,9
S90-0815,global_space_fill,train,0.09,100000000000,15,30000000000000,15,0.3,10000000000000,9
S90-0816,global_space_fill,train,0.09,100000000000,15,30000000000000,7,0.1,100000000000000,3
S90-0817,global_space_fill,train,0.09,10000000000,8.5,10000000000000,7,0.3,10000000000000,6
S90-0818,global_space_fill,train,0.09,30000000000,10,200000000000000,12.5,0.5,10000000000000,5
S90-0819,global_space_fill,train,0.09,10000000000,5,50000000000000,8.5,0.5,10000000000000,8
S90-0820,global_space_fill,train,0.09,10000000000,12.5,200000000000000,12.5,0.1,30000000000000,8
S90-0821,global_space_fill,train,0.09,100000000000,5,100000000000000,15,0.5,30000000000000,9
S90-0822,global_space_fill,train,0.09,100000000000,5,30000000000000,10,0.1,10000000000000,7
S90-0823,global_space_fill,train,0.09,30000000000,15,100000000000000,8.5,0.5,30000000000000,7
S90-0824,global_space_fill,train,0.09,100000000000,8.5,10000000000000,15,0.1,100000000000000,9
S90-0825,global_space_fill,train,0.09,100000000000,12.5,200000000000000,7,0.1,10000000000000,7
S90-0826,global_space_fill,train,0.09,30000000000,5,30000000000000,12.5,0.3,10000000000000,9
S90-0827,global_space_fill,train,0.09,30000000000,5,10000000000000,15,0.5,10000000000000,4
S90-0828,global_space_fill,train,0.09,10000000000,5,30000000000000,10,0.1,10000000000000,6
S90-0829,global_space_fill,train,0.09,100000000000,10,200000000000000,12.5,0.2,10000000000000,5
S90-0830,global_space_fill,train,0.09,100000000000,6,10000000000000,7,0.5,50000000000000,9
S90-0831,global_space_fill,train,0.09,30000000000,8.5,200000000000000,15,0.1,30000000000000,3
S90-0832,global_space_fill,train,0.09,30000000000,10,10000000000000,12.5,0.2,30000000000000,9
S90-0833,global_space_fill,train,0.09,100000000000,8.5,10000000000000,10,0.3,10000000000000,9
S90-0834,global_space_fill,train,0.09,10000000000,15,30000000000000,15,0.5,10000000000000,7
S90-0835,global_space_fill,train,0.09,100000000000,15,200000000000000,7,0.5,100000000000000,3
S90-0836,global_space_fill,train,0.09,30000000000,10,200000000000000,8.5,0.3,10000000000000,3
S90-0837,global_space_fill,train,0.09,10000000000,5,200000000000000,15,0.5,50000000000000,9
S90-0838,global_space_fill,train,0.09,30000000000,5,200000000000000,10,0.1,30000000000000,9
S90-0839,global_space_fill,train,0.09,30000000000,15,10000000000000,12.5,0.3,10000000000000,7
S90-0840,global_space_fill,train,0.09,100000000000,8.5,10000000000000,7,0.1,100000000000000,5
S90-0841,global_space_fill,train,0.09,30000000000,12.5,10000000000000,7,0.3,30000000000000,9
S90-0842,global_space_fill,train,0.09,30000000000,10,50000000000000,15,0.3,10000000000000,3
S90-0843,global_space_fill,train,0.09,10000000000,15,100000000000000,8.5,0.5,50000000000000,3
S90-0844,global_space_fill,train,0.09,10000000000,15,200000000000000,8.5,0.5,100000000000000,9
S90-0845,global_space_fill,train,0.09,30000000000,5,10000000000000,12.5,0.1,10000000000000,3
S90-0846,global_space_fill,train,0.09,30000000000,5,200000000000000,12.5,0.5,30000000000000,3
S90-0847,global_space_fill,train,0.09,30000000000,15,200000000000000,12.5,0.3,30000000000000,5
S90-0848,global_space_fill,train,0.09,100000000000,15,200000000000000,10,0.1,100000000000000,6
S90-0849,global_space_fill,train,0.09,100000000000,15,200000000000000,15,0.3,100000000000000,7
S90-0850,global_space_fill,train,0.09,30000000000,8.5,200000000000000,7,0.5,10000000000000,8
S90-0851,global_space_fill,train,0.09,100000000000,5,200000000000000,15,0.1,100000000000000,4
S90-0852,global_space_fill,train,0.09,100000000000,10,30000000000000,15,0.5,100000000000000,9
S90-0853,global_space_fill,train,0.09,30000000000,10,200000000000000,7,0.1,30000000000000,5
S90-0854,global_space_fill,train,0.09,10000000000,5,200000000000000,12.5,0.1,30000000000000,6
S90-0855,global_space_fill,train,0.09,10000000000,15,50000000000000,7,0.1,100000000000000,5
S90-0856,global_space_fill,train,0.09,10000000000,15,10000000000000,15,0.3,50000000000000,9
S90-0857,global_space_fill,train,0.09,10000000000,15,200000000000000,10,0.5,10000000000000,8
S90-0858,global_space_fill,train,0.09,10000000000,12.5,200000000000000,15,0.3,100000000000000,8
S90-0859,global_space_fill,train,0.09,30000000000,5,10000000000000,15,0.5,30000000000000,9
S90-0860,global_space_fill,train,0.09,10000000000,7,50000000000000,12.5,0.2,30000000000000,9
S90-0861,global_space_fill,train,0.09,10000000000,15,200000000000000,15,0.5,30000000000000,7
S90-0862,global_space_fill,train,0.09,100000000000,12.5,200000000000000,15,0.5,30000000000000,9
S90-0863,global_space_fill,train,0.09,30000000000,15,10000000000000,10,0.1,10000000000000,3
S90-0864,global_space_fill,train,0.09,10000000000,10,100000000000000,7,0.3,10000000000000,6
S90-0865,global_space_fill,train,0.09,10000000000,8.5,30000000000000,7,0.5,10000000000000,3
S90-0866,global_space_fill,train,0.09,10000000000,5,10000000000000,7,0.3,30000000000000,9
S90-0867,global_space_fill,train,0.09,30000000000,8.5,10000000000000,8.5,0.5,10000000000000,9
S90-0868,global_space_fill,train,0.09,100000000000,8.5,50000000000000,12.5,0.1,30000000000000,9
S90-0869,global_space_fill,train,0.09,100000000000,15,50000000000000,8.5,0.1,30000000000000,8
S90-0870,global_space_fill,train,0.09,30000000000,15,200000000000000,7,0.3,50000000000000,4
S90-0871,global_space_fill,train,0.09,100000000000,10,10000000000000,7,0.1,10000000000000,6
S90-0872,global_space_fill,train,0.09,100000000000,10,10000000000000,15,0.3,10000000000000,5
S90-0873,global_space_fill,train,0.09,10000000000,15,50000000000000,12.5,0.1,100000000000000,9
S90-0874,global_space_fill,train,0.09,30000000000,15,50000000000000,15,0.1,30000000000000,7
S90-0875,global_space_fill,train,0.09,100000000000,15,100000000000000,12.5,0.5,10000000000000,7
S90-0876,global_space_fill,train,0.09,30000000000,15,10000000000000,7,0.3,100000000000000,4
S90-0877,global_space_fill,train,0.09,100000000000,8.5,30000000000000,7,0.3,10000000000000,3
S90-0878,global_space_fill,train,0.09,100000000000,5,30000000000000,12.5,0.5,10000000000000,5
S90-0879,global_space_fill,train,0.09,100000000000,10,200000000000000,15,0.3,85000000000000,3
S90-0880,global_space_fill,train,0.09,10000000000,10,100000000000000,12.5,0.1,10000000000000,4
S90-0881,global_space_fill,train,0.09,100000000000,8.5,100000000000000,12.5,0.3,10000000000000,9
S90-0882,global_space_fill,train,0.09,10000000000,10,10000000000000,7,0.1,50000000000000,6
S90-0883,global_space_fill,train,0.09,30000000000,5,30000000000000,7,0.1,30000000000000,6
S90-0884,global_space_fill,train,0.09,30000000000,15,10000000000000,15,0.5,100000000000000,9
S90-0885,global_space_fill,train,0.09,100000000000,15,10000000000000,15,0.3,100000000000000,9
S90-0886,global_space_fill,train,0.09,10000000000,15,200000000000000,15,0.1,30000000000000,3
S90-0887,global_space_fill,train,0.09,30000000000,5,200000000000000,12.5,0.2,10000000000000,6
S90-0888,global_space_fill,train,0.09,100000000000,15,10000000000000,12.5,0.5,10000000000000,7
S90-0889,global_space_fill,train,0.09,30000000000,15,50000000000000,10,0.1,30000000000000,3
S90-0890,global_space_fill,train,0.09,30000000000,5,50000000000000,7,0.1,100000000000000,9
S90-0891,global_space_fill,train,0.09,10000000000,8.5,100000000000000,15,0.5,10000000000000,8
S90-0892,global_space_fill,train,0.09,10000000000,10,10000000000000,12.5,0.1,10000000000000,5
S90-0893,global_space_fill,train,0.09,10000000000,10,30000000000000,15,0.5,10000000000000,3
S90-0894,global_space_fill,train,0.09,10000000000,15,50000000000000,10,0.3,10000000000000,3
S90-0895,global_space_fill,train,0.09,100000000000,15,200000000000000,10,0.3,10000000000000,3
S90-0896,global_space_fill,train,0.09,100000000000,5,30000000000000,15,0.5,100000000000000,3
S90-0897,global_space_fill,train,0.09,100000000000,15,30000000000000,10,0.1,10000000000000,5
S90-0898,global_space_fill,train,0.09,100000000000,5,200000000000000,15,0.1,10000000000000,3
S90-0899,global_space_fill,train,0.09,100000000000,5,10000000000000,12.5,0.5,70000000000000,9
S90-0900,global_space_fill,train,0.09,100000000000,15,10000000000000,7,0.1,30000000000000,5
S90-0901,blind_validation,holdout,0.09,100000000000,15,200000000000000,7,0.5,10000000000000,8
S90-0902,blind_validation,holdout,0.09,30000000000,15,10000000000000,7,0.5,10000000000000,9
S90-0903,blind_validation,holdout,0.09,10000000000,15,50000000000000,7,0.2,10000000000000,9
S90-0904,blind_validation,holdout,0.09,10000000000,5,200000000000000,15,0.5,10000000000000,9
S90-0905,blind_validation,holdout,0.09,10000000000,6,10000000000000,7,0.5,10000000000000,9
S90-0906,blind_validation,holdout,0.09,10000000000,15,200000000000000,15,0.5,10000000000000,9
S90-0907,blind_validation,holdout,0.09,30000000000,15,200000000000000,7,0.5,10000000000000,3
S90-0908,blind_validation,holdout,0.09,100000000000,8.5,200000000000000,15,0.5,10000000000000,9
S90-0909,blind_validation,holdout,0.09,100000000000,15,200000000000000,15,0.5,100000000000000,4
S90-0910,blind_validation,holdout,0.09,10000000000,15,200000000000000,15,0.5,10000000000000,3
S90-0911,blind_validation,holdout,0.09,30000000000,6,10000000000000,15,0.5,10000000000000,9
S90-0912,blind_validation,holdout,0.09,100000000000,15,200000000000000,15,0.5,10000000000000,4
S90-0913,blind_validation,holdout,0.09,100000000000,12.5,10000000000000,7,0.1,10000000000000,5
S90-0914,blind_validation,holdout,0.09,10000000000,10,200000000000000,7,0.5,10000000000000,7
S90-0915,blind_validation,holdout,0.09,10000000000,6,10000000000000,7,0.1,10000000000000,9
S90-0916,blind_validation,holdout,0.09,10000000000,12.5,10000000000000,7,0.1,100000000000000,9
S90-0917,blind_validation,holdout,0.09,100000000000,5,50000000000000,15,0.1,10000000000000,9
S90-0918,blind_validation,holdout,0.09,10000000000,15,200000000000000,7,0.1,100000000000000,9
S90-0919,blind_validation,holdout,0.09,100000000000,8.5,200000000000000,7,0.2,10000000000000,9
S90-0920,blind_validation,holdout,0.09,10000000000,5,10000000000000,7,0.2,10000000000000,3
S90-0921,blind_validation,holdout,0.09,10000000000,12.5,10000000000000,7,0.5,100000000000000,9
S90-0922,blind_validation,holdout,0.09,100000000000,8.5,200000000000000,15,0.1,50000000000000,9
S90-0923,blind_validation,holdout,0.09,100000000000,15,10000000000000,7,0.5,85000000000000,9
S90-0924,blind_validation,holdout,0.09,30000000000,12.5,100000000000000,7,0.2,10000000000000,5
S90-0925,blind_validation,holdout,0.09,100000000000,12.5,30000000000000,8.5,0.5,10000000000000,5
S90-0926,blind_validation,holdout,0.09,10000000000,5,200000000000000,15,0.1,70000000000000,6
S90-0927,blind_validation,holdout,0.09,10000000000,8.5,10000000000000,15,0.1,100000000000000,9
S90-0928,blind_validation,holdout,0.09,100000000000,5,10000000000000,8.5,0.1,50000000000000,9
S90-0929,blind_validation,holdout,0.09,10000000000,15,200000000000000,7,0.5,70000000000000,9
S90-0930,blind_validation,holdout,0.09,10000000000,12.5,10000000000000,12.5,0.5,10000000000000,9
S90-0931,blind_validation,holdout,0.09,30000000000,12.5,10000000000000,12.5,0.1,10000000000000,9
S90-0932,blind_validation,holdout,0.09,10000000000,8.5,10000000000000,15,0.5,100000000000000,9
S90-0933,blind_validation,holdout,0.09,100000000000,15,200000000000000,7,0.1,100000000000000,4
S90-0934,blind_validation,holdout,0.09,30000000000,8.5,50000000000000,10,0.5,10000000000000,9
S90-0935,blind_validation,holdout,0.09,100000000000,15,10000000000000,7,0.1,100000000000000,4
S90-0936,blind_validation,holdout,0.09,30000000000,15,30000000000000,15,0.5,10000000000000,6
S90-0937,blind_validation,holdout,0.09,100000000000,12.5,10000000000000,7,0.5,100000000000000,4
S90-0938,blind_validation,holdout,0.09,100000000000,15,200000000000000,7,0.5,70000000000000,9
S90-0939,blind_validation,holdout,0.09,10000000000,10,200000000000000,15,0.3,100000000000000,9
S90-0940,blind_validation,holdout,0.09,10000000000,15,200000000000000,7,0.1,100000000000000,4
S90-0941,blind_validation,holdout,0.09,100000000000,12.5,10000000000000,7,0.1,100000000000000,9
S90-0942,blind_validation,holdout,0.09,30000000000,15,10000000000000,7,0.3,10000000000000,3
S90-0943,blind_validation,holdout,0.09,100000000000,5,30000000000000,10,0.1,10000000000000,5
S90-0944,blind_validation,holdout,0.09,100000000000,5,10000000000000,7,0.1,100000000000000,4
S90-0945,blind_validation,holdout,0.09,10000000000,8.5,10000000000000,15,0.5,10000000000000,5
S90-0946,blind_validation,holdout,0.09,100000000000,6,10000000000000,15,0.5,100000000000000,9
S90-0947,blind_validation,holdout,0.09,10000000000,15,200000000000000,7,0.5,50000000000000,3
S90-0948,blind_validation,holdout,0.09,10000000000,5,200000000000000,15,0.5,50000000000000,3
S90-0949,blind_validation,holdout,0.09,100000000000,15,10000000000000,15,0.1,10000000000000,4
S90-0950,blind_validation,holdout,0.09,100000000000,8.5,200000000000000,15,0.5,70000000000000,9
S90-0951,blind_validation,holdout,0.09,30000000000,15,200000000000000,8.5,0.3,30000000000000,9
S90-0952,blind_validation,holdout,0.09,100000000000,15,100000000000000,12.5,0.5,30000000000000,8
S90-0953,blind_validation,holdout,0.09,30000000000,8.5,200000000000000,12.5,0.5,10000000000000,5
S90-0954,blind_validation,holdout,0.09,10000000000,5,10000000000000,8.5,0.1,70000000000000,8
S90-0955,blind_validation,holdout,0.09,10000000000,10,100000000000000,15,0.3,10000000000000,7
S90-0956,blind_validation,holdout,0.09,100000000000,15,200000000000000,10,0.5,30000000000000,3
S90-0957,blind_validation,holdout,0.09,30000000000,5,50000000000000,15,0.1,100000000000000,9
S90-0958,blind_validation,holdout,0.09,10000000000,5,200000000000000,15,0.1,10000000000000,9
S90-0959,blind_validation,holdout,0.09,30000000000,5,200000000000000,15,0.3,30000000000000,9
S90-0960,blind_validation,holdout,0.09,30000000000,15,10000000000000,12.5,0.1,100000000000000,9
S90-0961,blind_validation,holdout,0.09,30000000000,10,10000000000000,7,0.2,30000000000000,9
S90-0962,blind_validation,holdout,0.09,10000000000,5,10000000000000,8.5,0.5,70000000000000,9
S90-0963,blind_validation,holdout,0.09,30000000000,10,10000000000000,7,0.1,30000000000000,3
S90-0964,blind_validation,holdout,0.09,30000000000,5,50000000000000,8.5,0.3,10000000000000,4
S90-0965,blind_validation,holdout,0.09,100000000000,15,30000000000000,15,0.3,100000000000000,9
S90-0966,blind_validation,holdout,0.09,10000000000,15,200000000000000,12.5,0.5,100000000000000,5
S90-0967,blind_validation,holdout,0.09,10000000000,15,50000000000000,15,0.1,100000000000000,5
S90-0968,blind_validation,holdout,0.09,10000000000,10,200000000000000,12.5,0.1,30000000000000,3
S90-0969,blind_validation,holdout,0.09,100000000000,12.5,200000000000000,10,0.1,100000000000000,9
S90-0970,blind_validation,holdout,0.09,10000000000,15,10000000000000,15,0.3,10000000000000,6
S90-0971,blind_validation,holdout,0.09,100000000000,15,10000000000000,15,0.1,30000000000000,9
S90-0972,blind_validation,holdout,0.09,100000000000,5,10000000000000,7,0.5,85000000000000,9
S90-0973,blind_validation,holdout,0.09,100000000000,15,10000000000000,10,0.3,30000000000000,9
S90-0974,blind_validation,holdout,0.09,10000000000,5,30000000000000,15,0.1,10000000000000,3
S90-0975,blind_validation,holdout,0.09,10000000000,15,50000000000000,10,0.3,100000000000000,9
S90-0976,blind_validation,holdout,0.09,30000000000,7,50000000000000,7,0.1,100000000000000,9
S90-0977,blind_validation,holdout,0.09,30000000000,8.5,50000000000000,8.5,0.1,10000000000000,9
S90-0978,blind_validation,holdout,0.09,100000000000,5,30000000000000,7,0.5,10000000000000,8
S90-0979,blind_validation,holdout,0.09,10000000000,10,100000000000000,10,0.3,10000000000000,3
S90-0980,blind_validation,holdout,0.09,30000000000,5,200000000000000,15,0.1,30000000000000,3
S90-0981,blind_validation,holdout,0.09,30000000000,5,10000000000000,7,0.3,10000000000000,7
S90-0982,blind_validation,holdout,0.09,10000000000,5,100000000000000,15,0.5,70000000000000,9
S90-0983,blind_validation,holdout,0.09,30000000000,8.5,10000000000000,15,0.3,50000000000000,9
S90-0984,blind_validation,holdout,0.09,10000000000,15,50000000000000,15,0.1,10000000000000,9
S90-0985,blind_validation,holdout,0.09,100000000000,15,200000000000000,7,0.1,10000000000000,3
S90-0986,blind_validation,holdout,0.09,30000000000,15,10000000000000,7,0.1,10000000000000,8
S90-0987,blind_validation,holdout,0.09,30000000000,12.5,200000000000000,15,0.3,30000000000000,9
S90-0988,blind_validation,holdout,0.09,10000000000,5,50000000000000,12.5,0.5,10000000000000,3
S90-0989,blind_validation,holdout,0.09,30000000000,15,50000000000000,7,0.3,100000000000000,3
S90-0990,blind_validation,holdout,0.09,10000000000,10,100000000000000,7,0.1,30000000000000,9
S90-0991,blind_validation,holdout,0.09,10000000000,15,200000000000000,10,0.3,10000000000000,6
S90-0992,blind_validation,holdout,0.09,100000000000,5,10000000000000,15,0.3,10000000000000,3
S90-0993,blind_validation,holdout,0.09,30000000000,5,10000000000000,12.5,0.1,30000000000000,8
S90-0994,blind_validation,holdout,0.09,30000000000,8.5,10000000000000,7,0.5,30000000000000,8
S90-0995,blind_validation,holdout,0.09,100000000000,12.5,200000000000000,15,0.3,100000000000000,7
S90-0996,blind_validation,holdout,0.09,10000000000,10,30000000000000,7,0.1,10000000000000,6
S90-0997,blind_validation,holdout,0.09,100000000000,6,50000000000000,15,0.1,10000000000000,3
S90-0998,blind_validation,holdout,0.09,10000000000,12.5,10000000000000,7,0.5,10000000000000,6
S90-0999,blind_validation,holdout,0.09,10000000000,15,10000000000000,7,0.3,30000000000000,9
S90-1000,blind_validation,holdout,0.09,100000000000,15,10000000000000,7,0.3,30000000000000,5
